<settings>
    <!-- home layout -->
    
	<!-- netflix home NEW -->
    <setting id="HomeLayout" value="netflix2" label="Netflix Mode" condition="" icon="special://skin/extras/viewthumbs/homelayout_netflix2.jpg" description="$LOCALIZE[31544][CR][B]Skin default[/B]" default="true">
        <onselect condition="True">Skin.Reset(OpenSubMenuOnClick)</onselect>
        <onselect condition="True">Skin.SetString(widgetstyle,poster)</onselect>
        <onselect condition="True">Skin.SetString(widgetstyle.label,Poster)</onselect>
        <onselect condition="True">Skin.Reset(CompactHeader)</onselect>
        <onselect condition="True">Skin.Reset(WidgetAlignRight)</onselect>
        <onselect condition="True">Skin.SetBool(ShowAllWidgets)</onselect>
    </setting>
    
    <!-- win10 home -->
    <setting id="HomeLayout" value="win10" label="Windows 10" condition="" icon="special://skin/extras/viewthumbs/homelayout_win10.jpg" description="Windows 10">
        <onselect condition="True">Skin.Reset(OpenSubMenuOnClick)</onselect>
        <onselect condition="True">Skin.SetBool(CompactHeader)</onselect>
    </setting>

    <!-- submenu layout -->
    <setting id="SubmenuLayout" value="vertical" label="$LOCALIZE[31313]" condition="!Skin.String(HomeLayout,1small) + !Skin.String(HomeLayout,2small) + !Skin.String(HomeLayout,3small)" icon="special://skin/extras/viewthumbs/submenulayout_vertical.jpg" description=""/>
    <setting id="SubmenuLayout" value="horizontal" label="$LOCALIZE[31314]" condition="" icon="special://skin/extras/viewthumbs/submenulayout_horizontal.jpg" description="" default="true"/>
    <setting id="SubmenuLayout" value="tiles" label="$LOCALIZE[31315]" condition="" icon="special://skin/extras/viewthumbs/submenulayout_tiles.jpg" description=""/>
    <setting id="SubmenuLayout" value="subpage" label="$LOCALIZE[31316]" condition="" icon="special://skin/extras/viewthumbs/submenulayout_subpage.jpg" description=""/>


    <setting id="widgetstyle" value="None" label="$LOCALIZE[31641]" condition="!String.IsEmpty(Window.Property(widgetcontrols))+ !Skin.String(HomeLayout,win10)" icon="DefaultAddonNone.png" description="$INFO[Skin.String(widgetstyle)]"/>

    <!-- widget style: horizontal -->
    <setting id="widgetstyle" value="poster" label="Poster" condition="!String.Contains(Skin.String(HomeLayout),ver) + !Skin.String(HomeLayout,win10)" icon="special://skin/extras/viewthumbs/widget_hor_poster.jpg" description=""/>
    <setting id="widgetstyle" value="landscape" label="Landscape" condition="!String.Contains(Skin.String(HomeLayout),ver) + !Skin.String(HomeLayout,win10)" icon="special://skin/extras/viewthumbs/widget_hor_landscape.jpg" description=""/>
    <setting id="widgetstyle" value="landscapesmall" label="Landscape Small" condition="!String.Contains(Skin.String(HomeLayout),ver) + !Skin.String(HomeLayout,win10)" icon="special://skin/extras/viewthumbs/widget_hor_landscape.jpg" description=""/>
    <setting id="widgetstyle" value="singlebox" label="Single Box" condition="!String.Contains(Skin.String(HomeLayout),ver) + !Skin.String(HomeLayout,win10)" icon="special://skin/extras/viewthumbs/widget_hor_singlebox.jpg" description=""/>
    <setting id="widgetstyle" value="square" label="Square" condition="!String.Contains(Skin.String(HomeLayout),ver) + !Skin.String(HomeLayout,win10)" icon="special://skin/extras/viewthumbs/widget_hor_square.jpg" description=""/>
    <setting id="widgetstyle" value="minisquare" label="Mini Square" condition="!String.Contains(Skin.String(HomeLayout),ver) + !Skin.String(HomeLayout,win10)" icon="special://skin/extras/viewthumbs/widget_hor_square.jpg" description=""/>
    <setting id="widgetstyle" value="smallposter" label="Small Posters" condition="!String.Contains(Skin.String(HomeLayout),ver) + !Skin.String(HomeLayout,win10)" icon="special://skin/extras/viewthumbs/widget_hor_smallposter.jpg" description=""/>
    <setting id="widgetstyle" value="widebox" label="Wide Box" condition="!String.Contains(Skin.String(HomeLayout),ver) + !Skin.String(HomeLayout,win10)" icon="special://skin/extras/viewthumbs/widget_hor_widebox.jpg" description=""/>
    <setting id="widgetstyle" value="banner" label="Banner" condition="!String.Contains(Skin.String(HomeLayout),ver) + !Skin.String(HomeLayout,win10)" icon="special://skin/extras/viewthumbs/widget_win10_banner.jpg" description=""/>

    <!-- widget style: win10 -->
    <setting id="widgetstyle" value="square" label="Square" condition="Skin.String(HomeLayout,win10)" icon="special://skin/extras/viewthumbs/widget_win10_square.jpg" description=""/>
    <setting id="widgetstyle" value="smallposter" label="Small Posters" condition="Skin.String(HomeLayout,win10)" icon="special://skin/extras/viewthumbs/widget_win10_poster.jpg" description=""/>
    <setting id="widgetstyle" value="landscape" label="Landscape" condition="Skin.String(HomeLayout,win10)" icon="special://skin/extras/viewthumbs/widget_win10_landscape.jpg" description=""/>
    <setting id="widgetstyle" value="banner" label="Banner" condition="Skin.String(HomeLayout,win10)" icon="special://skin/extras/viewthumbs/widget_win10_banner.jpg" description=""/>

    <!-- widget style: vertical -->
    <setting id="widgetstyle" value="poster" label="Poster" condition="String.Contains(Skin.String(HomeLayout),ver)" icon="special://skin/extras/viewthumbs/widget_ver_poster.jpg" description=""/>
    <setting id="widgetstyle" value="landscape" label="Landscape" condition="String.Contains(Skin.String(HomeLayout),ver)" icon="special://skin/extras/viewthumbs/widget_ver_landscape.jpg" description=""/>
    <setting id="widgetstyle" value="landscapesmall" label="Landscape Small" condition="String.Contains(Skin.String(HomeLayout),ver)" icon="special://skin/extras/viewthumbs/widget_ver_landscape.jpg" description=""/>
    <setting id="widgetstyle" value="singlebox" label="Single Box" condition="String.Contains(Skin.String(HomeLayout),ver)" icon="special://skin/extras/viewthumbs/widget_ver_singlebox.jpg" description=""/>
    <setting id="widgetstyle" value="square" label="Square" condition="String.Contains(Skin.String(HomeLayout),ver)" icon="special://skin/extras/viewthumbs/widget_ver_square.jpg" description=""/>
    <setting id="widgetstyle" value="minisquare" label="Mini Square" condition="String.Contains(Skin.String(HomeLayout),ver)" icon="special://skin/extras/viewthumbs/widget_ver_square.jpg" description=""/>
    <setting id="widgetstyle" value="smallposter" label="Small Posters" condition="String.Contains(Skin.String(HomeLayout),ver)" icon="special://skin/extras/viewthumbs/widget_ver_smallposter.jpg" description=""/>
    <setting id="widgetstyle" value="widebox" label="Wide Box" condition="String.Contains(Skin.String(HomeLayout),ver)" icon="special://skin/extras/viewthumbs/widget_ver_widebox.jpg" description=""/>
    <setting id="widgetstyle" value="banner" label="Banner" condition="String.Contains(Skin.String(HomeLayout),ver)" icon="special://skin/extras/viewthumbs/widget_win10_banner.jpg" description=""/>

    <!-- widgetstyle landscape netflix -->
    <setting id="widgetstyle" value="landscapelarge" label="Landscape Large Netflix" condition="!Skin.String(HomeLayout,win10)" icon="special://skin/extras/viewthumbs/widget_netflix_landscape.jpg" description=""/>
    <setting id="widgetstyle" value="landscapedetails" label="Landscape Details" condition="!Skin.String(HomeLayout,win10)" icon="special://skin/extras/viewthumbs/widget_landscapedetails.jpg" description=""/>
    <setting id="widgetstyle" value="posterdetails" label="Poster Details" condition="!Skin.String(HomeLayout,win10)" icon="special://skin/extras/viewthumbs/widget_posterdetails.jpg" description=""/>
    <setting id="widgetstyle" value="landscapewidebox" label="Landscape Widebox" condition="!Skin.String(HomeLayout,win10)" icon="special://skin/extras/viewthumbs/widget_landscapewidebox.jpg" description=""/>

    <!-- media flags -->
    <setting id="mediaflagsstyle" value="classic" label="Classic" condition="" icon="special://skin/extras/viewthumbs/flags_classic.jpg" description="">
        <onselect condition="Window.IsActive(MyVideoNav.xml)">ReloadSkin</onselect>
    </setting>
    <setting id="mediaflagsstyle" value="boxed" label="Boxed Info" condition="" icon="special://skin/extras/viewthumbs/flags_boxed.jpg" description="">
        <onselect condition="Window.IsActive(MyVideoNav.xml)">ReloadSkin</onselect>
    </setting>
    <setting id="mediaflagsstyle" value="textbased - full info" label="Textbased - Full Info" condition="" icon="special://skin/extras/viewthumbs/flags_text.jpg" description="">
        <onselect condition="Window.IsActive(MyVideoNav.xml)">ReloadSkin</onselect>
    </setting>
    <setting id="mediaflagsstyle" value="large" label="Large Icons" condition="!Skin.HasTheme(classic)" icon="special://skin/extras/viewthumbs/flags_large.jpg" description="">
        <onselect condition="Window.IsActive(MyVideoNav.xml)">ReloadSkin</onselect>
    </setting>
    <setting id="mediaflagsstyle" value="large_color" label="Large Icons Color" condition="!Skin.HasTheme(classic)" icon="special://skin/extras/viewthumbs/flags_large_color.jpg" description="">
        <onselect condition="Window.IsActive(MyVideoNav.xml)">ReloadSkin</onselect>
    </setting>
    <setting id="mediaflagsstyle" value="disabled" label="Disabled" condition="" icon="" description="" default="true">
        <onselect condition="Window.IsActive(MyVideoNav.xml)">ReloadSkin</onselect>
    </setting>

    <!-- OSD media flags -->
    <setting id="osdmediaflagsstyle" value="classic" label="Classic" condition="" icon="special://skin/extras/viewthumbs/flags_classic.jpg" description=""/>
    <setting id="osdmediaflagsstyle" value="boxed" label="Boxed Info" condition="" icon="special://skin/extras/viewthumbs/flags_boxed.jpg" description=""/>
    <setting id="osdmediaflagsstyle" value="textbased - full info" label="Textbased - Full Info" condition="" icon="special://skin/extras/viewthumbs/flags_text.jpg" description=""/>
    <setting id="osdmediaflagsstyle" value="large" label="Large Icons" condition="" icon="special://skin/extras/viewthumbs/flags_large.jpg" description=""/>
    <setting id="osdmediaflagsstyle" value="large_color" label="Large Icons Color" condition="" icon="special://skin/extras/viewthumbs/flags_large_color.jpg" description=""/>
    <setting id="osdmediaflagsstyle" value="disabled" label="Disabled" condition="" icon="" description="" default="true"/>

    <!-- Guide rows -->
    <setting id="GuideRows" value="7" label="7 rows" condition="" icon="special://skin/extras/viewthumbs/guide_7.jpg" description="">
        <onselect condition="Window.IsActive(MyPVRGuide.xml)">ReloadSkin</onselect>
    </setting>
    <setting id="GuideRows" value="8" label="8 rows" condition="" icon="special://skin/extras/viewthumbs/guide_9.jpg" description="">
        <onselect condition="Window.IsActive(MyPVRGuide.xml)">ReloadSkin</onselect>
    </setting>
    <setting id="GuideRows" value="9" label="9 rows" condition="" icon="special://skin/extras/viewthumbs/guide_9.jpg" description="" default="true">
        <onselect condition="Window.IsActive(MyPVRGuide.xml)">ReloadSkin</onselect>
    </setting>
    <setting id="GuideRows" value="10" label="10 rows" condition="" icon="special://skin/extras/viewthumbs/guide_10.jpg" description="">
        <onselect condition="Window.IsActive(MyPVRGuide.xml)">ReloadSkin</onselect>
    </setting>

    <!-- Global Background -->
    <setting id="CustomBackgroundSetting" value="colors/color_transparent.png" label="None" condition="" icon="colors/color_transparent.png" description="None" default="true"/>
    <setting id="CustomBackgroundSetting" value="resource://resource.images.skinbackgrounds.titanium/global_blue.jpg" label="$LOCALIZE[31023]" condition="" icon="resource://resource.images.skinbackgrounds.titanium/global_blue.jpg" description="Default Titan background"/>  <!--removed default -->
    <setting id="CustomBackgroundSetting" value="$INFO[Skin.String(WeatherFanArtPack.path)]$INFO[Window(Weather).Property(Current.fanartCode)]$INFO[Skin.String(WeatherFanArtPack.ext)]" label="$LOCALIZE[31025]" condition="!String.IsEmpty(Window(Weather).Property(current.fanartCode)) + Skin.String(WeatherFanArtPack.path)" icon="$INFO[Skin.String(WeatherFanArtPack.path)]$INFO[Window(Weather).Property(Current.fanartCode)]$INFO[Skin.String(WeatherFanArtPack.ext)]" description=""/>
    <setting id="CustomBackgroundSetting" value="widgetfanart" label="$LOCALIZE[31612]" condition="!String.IsEmpty(Container(211).ListItem.Property(widget))" />
    
	<!-- temporary menu icons -->
	<setting id="CustomBackgroundSetting" value="icons/sideblade/Addon.png" icon="icons/sideblade/Addon.png" label="Addon" description="Default Addon"/>
    <setting id="CustomBackgroundSetting" value="icons/sideblade/Android.png" icon="icons/sideblade/Android" label="Android" description="Default Android"/>
    <setting id="CustomBackgroundSetting" value="icons/sideblade/Favourite.png" icon="icons/sideblade/Favourite.png" label="Favourite" description="Default Favourite"/>
    <setting id="CustomBackgroundSetting" value="icons/sideblade/Games.png" icon="icons/sideblade/Games.png" label="Games" description="Default Games"/>
	<setting id="CustomBackgroundSetting" value="icons/sideblade/Home.png" icon="icons/sideblade/Home.png" label="Home" description="Default Home"/>
	<setting id="CustomBackgroundSetting" value="icons/sideblade/Live.png" icon="icons/sideblade/antenna.png" label="Live TV" description="Default Live TV"/>
	<setting id="CustomBackgroundSetting" value="icons/sideblade/Movies.png" icon="icons/sideblade/Movies.png" label="Movies" description="Default Movies"/>
    <setting id="CustomBackgroundSetting" value="icons/sideblade/Music.png" icon="icons/sideblade/Music.png" label="Music" description="Default Music"/>
	<setting id="CustomBackgroundSetting" value="icons/sideblade/Music2.png" icon="icons/sideblade/Music2.png" label="Music2" description="Default Music2"/>
	<setting id="CustomBackgroundSetting" value="icons/sideblade/Picture.png" icon="icons/sideblade/Picture.png" label="Picture" description="Default Picture"/>
	<setting id="CustomBackgroundSetting" value="icons/sideblade/Profile.png" icon="icons/sideblade/Profile.png" label="Profile" description="Default Profile"/>
    <setting id="CustomBackgroundSetting" value="icons/sideblade/Search.png" icon="icons/sideblade/Search.png" label="Search" description="Default Search"/>
    <setting id="CustomBackgroundSetting" value="icons/sideblade/Settings.png" icon="icons/sideblade/Settings.png" label="Settings" description="Default Settings"/>
	<setting id="CustomBackgroundSetting" value="icons/sideblade/TVShows.png" icon="icons/sideblade/TVShows.png" label="TV Shows" description="Default TV Shows"/>
    <setting id="CustomBackgroundSetting" value="icons/sideblade/Videos.png" icon="icons/sideblade/Videos" label="TV Shows" description="Default Videos"/>
	<setting id="CustomBackgroundSetting" value="icons/sideblade/Weather.png" icon="icons/sideblade/Weather.png" label="Weather" description="Default Weather"/>
    <setting id="CustomBackgroundSetting" value="icons/sideblade/Years.png" icon="icons/sideblade/Years.png" label="Years" description="Default Years"/>

    <!--Auto Trailer Interval-->
    <setting id="auto_trailer_interval" value="3" label="3 Seconds" condition="" icon="" description=""/>
    <setting id="auto_trailer_interval" value="5" label="5 Seconds" condition="" icon="" description=""/>
    <setting id="auto_trailer_interval" value="7" label="7 Seconds" condition="" icon="" description="" default="true"/>
    <setting id="auto_trailer_interval" value="9" label="9 Seconds" condition="" icon="" description=""/>

    <!--Thumbs Up Rate Value-->
    <setting id="ThumbsUpRateValue" value="6" label="6" condition="" icon="" description=""/>
    <setting id="ThumbsUpRateValue" value="7" label="7" condition="" icon="" description=""/>
    <setting id="ThumbsUpRateValue" value="8" label="8" condition="" icon="" description="" default="true"/>
    <setting id="ThumbsUpRateValue" value="9" label="9" condition="" icon="" description=""/>
    <setting id="ThumbsUpRateValue" value="10" label="10" condition="" icon="" description=""/>

    <!--Thumbs Down Rate Value-->
    <setting id="ThumbsDownRateValue" value="1" label="1" condition="" icon="" description=""/>
    <setting id="ThumbsDownRateValue" value="2" label="2" condition="" icon="" description=""/>
    <setting id="ThumbsDownRateValue" value="3" label="3" condition="" icon="" description="" default="true"/>
    <setting id="ThumbsDownRateValue" value="4" label="4" condition="" icon="" description=""/>
    <setting id="ThumbsDownRateValue" value="5" label="5" condition="" icon="" description=""/>

    <!--Thumbs Up Min Value-->
    <setting id="ThumbsUpMin" value="-1" label="Disabled" condition="" icon="" description=""/>
    <setting id="ThumbsUpMin" value="6" label="6" condition="" icon="" description=""/>
    <setting id="ThumbsUpMin" value="7" label="7" condition="" icon="" description=""/>
    <setting id="ThumbsUpMin" value="8" label="8" condition="" icon="" description="" default="true"/>
    <setting id="ThumbsUpMin" value="9" label="9" condition="" icon="" description=""/>
    <setting id="ThumbsUpMin" value="10" label="10" condition="" icon="" description=""/>

    <!--Thumbs Down Max Value-->
    <setting id="ThumbsDownMax" value="-1" label="Disabled" condition="" icon="" description=""/>
    <setting id="ThumbsDownMax" value="5" label="5" condition="" icon="" description=""/>
    <setting id="ThumbsDownMax" value="4" label="4" condition="" icon="" description=""/>
    <setting id="ThumbsDownMax" value="3" label="3" condition="" icon="" description="" default="true"/>
    <setting id="ThumbsDownMax" value="2" label="2" condition="" icon="" description=""/>
    <setting id="ThumbsDownMax" value="1" label="1" condition="" icon="" description=""/>

    <!-- Random fanart delay -->
    <setting id="SkinHelper.RandomFanartDelay" value="5" label="5 $LOCALIZE[31231]" condition="" icon="" description=""/>
    <setting id="SkinHelper.RandomFanartDelay" value="10" label="10 $LOCALIZE[31231]" condition="" icon="" description=""/>
    <setting id="SkinHelper.RandomFanartDelay" value="15" label="15 $LOCALIZE[31231]" condition="" icon="" description=""/>
    <setting id="SkinHelper.RandomFanartDelay" value="20" label="20 $LOCALIZE[31231]" condition="" icon="" description=""/>
    <setting id="SkinHelper.RandomFanartDelay" value="30" label="30 $LOCALIZE[31231]" condition="" icon="" description="" default="true"/>
    <setting id="SkinHelper.RandomFanartDelay" value="40" label="40 $LOCALIZE[31231]" condition="" icon="" description=""/>
    <setting id="SkinHelper.RandomFanartDelay" value="50" label="50 $LOCALIZE[31231]" condition="" icon="" description=""/>
    <setting id="SkinHelper.RandomFanartDelay" value="60" label="60 $LOCALIZE[31231]" condition="" icon="" description=""/>

    <!-- Extra fanart delay -->
    <setting id="extrafanartdelay" value="5" label="5 $LOCALIZE[31231]" condition="" icon="" description=""/>
    <setting id="extrafanartdelay" value="6" label="6 $LOCALIZE[31231]" condition="" icon="" description="" default="true"/>
    <setting id="extrafanartdelay" value="8" label="8 $LOCALIZE[31231]" condition="" icon="" description=""/>
    <setting id="extrafanartdelay" value="10" label="10 $LOCALIZE[31231]" condition="" icon="" description=""/>
    <setting id="extrafanartdelay" value="15" label="15 $LOCALIZE[31231]" condition="" icon="" description=""/>
    <setting id="extrafanartdelay" value="20" label="20 $LOCALIZE[31231]" condition="" icon="" description=""/>
    <setting id="extrafanartdelay" value="30" label="30 $LOCALIZE[31231]" condition="" icon="" description=""/>
    <setting id="extrafanartdelay" value="60" label="60 $LOCALIZE[31231]" condition="" icon="" description=""/>

    <!-- win10 home show infopanel -->
    <setting id="widgetInfoPanel" value="top" label="Top" condition="" icon="special://skin/extras/viewthumbs/widgetinfo_top.jpg" description=""/>
    <setting id="widgetInfoPanel" value="bottom" label="Bottom" condition="" icon="special://skin/extras/viewthumbs/widgetinfo_bottom.jpg" description=""/>
    <setting id="widgetInfoPanel" value="large" label="Large" condition="" icon="special://skin/extras/viewthumbs/widgetinfo_large.jpg" description=""/>
    <setting id="widgetInfoPanel" value="disable" label="$LOCALIZE[1223]" condition="" icon="special://skin/extras/viewthumbs/widgetinfo_disabled.jpg" description=""/>

    <!-- artist fanart -->
    <setting id="MusicArtistFanart" value="single" label="Single fanart image" condition="" icon="" description=""/>
    <setting id="MusicArtistFanart" value="slideshow" label="Extrafanart (slideshow)" condition="" icon="" description="" default="true"/>
    <setting id="MusicArtistFanart" value="disabled" label="$LOCALIZE[1223]" condition="" icon="" description=""/>

    <!-- artist logo -->
    <setting id="MusicArtistLogo" value="disabled" label="$LOCALIZE[1223]" condition="" icon="" description=""/>
    <setting id="MusicArtistLogo" value="enabled" label="Always visible" condition="" icon="" description="" default="true"/>
    <setting id="MusicArtistLogo" value="osd" label="Only when OSD active" condition="" icon="" description=""/>

    <!-- clearlogo location -->
    <setting id="ClearLogoLocation" value="topleft" label="$LOCALIZE[31329]" condition="" icon="" description=""/>
    <setting id="ClearLogoLocation" value="topcenter" label="$LOCALIZE[31330]" condition="!Skin.HasSetting(ShowMovieTitleHeader)" icon="" description=""/>
    <setting id="ClearLogoLocation" value="topright" label="$LOCALIZE[31331]" condition="" icon="" description=""/>
    <setting id="ClearLogoLocation" value="footer" label="$LOCALIZE[31328]" condition="!skin.hastheme(classic)" icon="" description="" default="true"/>
    <setting id="ClearLogoLocation" value="disabled" label="$LOCALIZE[1223]" condition="" icon="" description=""/>

    <!-- default osd button -->
    <setting id="defaultosdbutton_video" value="203" label="Play/Pause" condition="!Skin.HasSetting(OSDDisablePlaybackControls)" icon="" description="" default="!Skin.HasSetting(OSDDisablePlaybackControls)"/>
    <setting id="defaultosdbutton_video" value="204" label="Stop" condition="!Skin.HasSetting(OSDDisablePlaybackControls)" icon="" description=""/>
    <setting id="defaultosdbutton_video" value="201" label="Previous" condition="!Skin.HasSetting(OSDDisablePlaybackControls)" icon="" description=""/>
    <setting id="defaultosdbutton_video" value="202" label="Rewind" condition="!Skin.HasSetting(OSDDisablePlaybackControls)" icon="" description=""/>
    <setting id="defaultosdbutton_video" value="205" label="Fast Forward" condition="!Skin.HasSetting(OSDDisablePlaybackControls)" icon="" description=""/>
    <setting id="defaultosdbutton_video" value="206" label="Next" condition="!Skin.HasSetting(OSDDisablePlaybackControls)" icon="" description=""/>
    <setting id="defaultosdbutton_video" value="104" label="Subtitles" condition="" icon="" description="" default="Skin.HasSetting(OSDDisablePlaybackControls)"/>
    <setting id="defaultosdbutton_video" value="101" label="Audio Settings" condition="" icon="" description=""/>
    <setting id="defaultosdbutton_video" value="102" label="Video Settings" condition="" icon="" description=""/>
    <setting id="defaultosdbutton_video" value="214" label="Bookmarks" condition="" icon="" description=""/>

    <setting id="defaultosdbutton_livetv" value="203" label="Play/Pause" condition="!Skin.HasSetting(OSDDisablePlaybackControls)" icon="" description="" default="!Skin.HasSetting(OSDDisablePlaybackControls)"/>
    <setting id="defaultosdbutton_livetv" value="204" label="Stop" condition="!Skin.HasSetting(OSDDisablePlaybackControls)" icon="" description=""/>
    <setting id="defaultosdbutton_livetv" value="201" label="Previous" condition="!Skin.HasSetting(OSDDisablePlaybackControls)" icon="" description=""/>
    <setting id="defaultosdbutton_livetv" value="202" label="Rewind" condition="!Skin.HasSetting(OSDDisablePlaybackControls)" icon="" description=""/>
    <setting id="defaultosdbutton_livetv" value="205" label="Fast Forward" condition="!Skin.HasSetting(OSDDisablePlaybackControls)" icon="" description=""/>
    <setting id="defaultosdbutton_livetv" value="206" label="Next" condition="!Skin.HasSetting(OSDDisablePlaybackControls)" icon="" description=""/>
    <setting id="defaultosdbutton_livetv" value="10" label="Record" condition="!Skin.HasSetting(OSDDisablePlaybackControls)" icon="" description=""/>
    <setting id="defaultosdbutton_livetv" value="101" label="Audio Settings" condition="" icon="" description=""/>
    <setting id="defaultosdbutton_livetv" value="102" label="Video Settings" condition="" icon="" description=""/>
    <setting id="defaultosdbutton_livetv" value="105" label="Teletext" condition="" icon="" description=""/>
    <setting id="defaultosdbutton_livetv" value="806" label="Channel list" condition="" icon="" description=""/>
    <setting id="defaultosdbutton_livetv" value="807" label="Mini guide" condition="" icon="" description="" default="Skin.HasSetting(OSDDisablePlaybackControls)"/>

    <setting id="defaultosdbutton_music" value="203" label="Play/Pause" condition="!Skin.HasSetting(OSDDisablePlaybackControls)" icon="" description="" default="!Skin.HasSetting(OSDDisablePlaybackControls)"/>
    <setting id="defaultosdbutton_music" value="204" label="Stop" condition="!Skin.HasSetting(OSDDisablePlaybackControls)" icon="" description=""/>
    <setting id="defaultosdbutton_music" value="201" label="Previous" condition="!Skin.HasSetting(OSDDisablePlaybackControls)" icon="" description=""/>
    <setting id="defaultosdbutton_music" value="202" label="Rewind" condition="!Skin.HasSetting(OSDDisablePlaybackControls)" icon="" description=""/>
    <setting id="defaultosdbutton_music" value="205" label="Fast Forward" condition="!Skin.HasSetting(OSDDisablePlaybackControls)" icon="" description=""/>
    <setting id="defaultosdbutton_music" value="206" label="Next" condition="!Skin.HasSetting(OSDDisablePlaybackControls)" icon="" description=""/>
    <setting id="defaultosdbutton_music" value="500" label="Visualizations" condition="" icon="" description="" default="Skin.HasSetting(OSDDisablePlaybackControls)"/>

    <!-- kodi logo on home location -->
    <setting id="LogoImageAlignment" value="center" label="center" condition="" icon="" description=""/>
    <setting id="LogoImageAlignment" value="right" label="right" condition="" icon="" description="" default="true"/>
    <setting id="LogoImageAlignment" value="left" label="left" condition="" icon="" description=""/>

    <!-- vertical home widget rows -->
    <setting id="WidgetRows" value="single2" label="$LOCALIZE[31752]" condition="String.Contains(Skin.String(HomeLayout),ver)" icon="" description="Display 1 widget with multiple rows and widget selection button"/>
    <setting id="WidgetRows" value="single" label="$LOCALIZE[31751]" condition="" icon="" description="Display 1 widget with single row and widget selection button"/>
    <setting id="WidgetRows" value="multi" label="$LOCALIZE[31753]" condition="" icon="" description="Display multiple widgets with 1 row per widget"/>
    <setting id="WidgetRows" value="multi2" label="$LOCALIZE[31754]" condition="String.Contains(Skin.String(HomeLayout),ver)" icon="" description="Display multiple widgets with multiple rows"/>

    <!-- case overlay fallback -->
    <setting id="CaseOverlays.Fallback" value="None" label="None" condition="" icon="" description=""/>
    <setting id="CaseOverlays.Fallback" value="DVD" label="DVD" condition="" icon="" description=""/>
    <setting id="CaseOverlays.Fallback" value="Bluray" label="Bluray" condition="" icon="" description="" default="true"/>
    <setting id="CaseOverlays.Fallback" value="HD1080" label="HD1080" condition="" icon="" description=""/>
    <setting id="CaseOverlays.Fallback" value="Clear" label="Clear" condition="" icon="" description=""/>

    <!--thumbs border size unfocused-->
    <setting id="thumbsborder_unfocused" value="0" label="$LOCALIZE[1223]" condition="" icon="" description=""/>
    <setting id="thumbsborder_unfocused" value="2" label="$LOCALIZE[31729]" condition="" icon="" description=""/>
    <setting id="thumbsborder_unfocused" value="4" label="$LOCALIZE[31729]" condition="" icon="" description="" default="true"/>
    <setting id="thumbsborder_unfocused" value="6" label="$LOCALIZE[31729]" condition="" icon="" description=""/>
    <setting id="thumbsborder_unfocused" value="8" label="$LOCALIZE[31729]" condition="" icon="" description=""/>

    <!--thumbs border size focused-->
    <setting id="thumbsborder_focused" value="2" label="$LOCALIZE[31729]" condition="" icon="" description=""/>
    <setting id="thumbsborder_focused" value="4" label="$LOCALIZE[31729]" condition="" icon="" description="" default="true" />
    <setting id="thumbsborder_focused" value="6" label="$LOCALIZE[31729]" condition="" icon="" description=""/>
    <setting id="thumbsborder_focused" value="8" label="$LOCALIZE[31729]" condition="" icon="" description=""/>

    <!-- default focus position for home -->
    <setting id="home.defaultfocus" value="" label="$LOCALIZE[231]" condition="" icon="" description="" default="true"/>
    <setting id="home.defaultfocus" value="0" label="$LOCALIZE[31728]" condition="" icon="" description=""/>
    <setting id="home.defaultfocus" value="1" label="$LOCALIZE[31728]" condition="" icon="" description=""/>
    <setting id="home.defaultfocus" value="2" label="$LOCALIZE[31728]" condition="" icon="" description=""/>
    <setting id="home.defaultfocus" value="3" label="$LOCALIZE[31728]" condition="" icon="" description=""/>
    <setting id="home.defaultfocus" value="4" label="$LOCALIZE[31728]" condition="" icon="" description=""/>
    <setting id="home.defaultfocus" value="5" label="$LOCALIZE[31728]" condition="" icon="" description=""/>
    <setting id="home.defaultfocus" value="6" label="$LOCALIZE[31728]" condition="" icon="" description=""/>
    <setting id="home.defaultfocus" value="7" label="$LOCALIZE[31728]" condition="" icon="" description=""/>
    <setting id="home.defaultfocus" value="8" label="$LOCALIZE[31728]" condition="" icon="" description=""/>
    <setting id="home.defaultfocus" value="9" label="$LOCALIZE[31728]" condition="" icon="" description=""/>
    <setting id="home.defaultfocus" value="10" label="$LOCALIZE[31728]" condition="" icon="" description=""/>

    <!-- Default Color Palette -->
    <setting id="defaultcolorpalette" value="basic" label="basic" condition="" icon="special://skin/extras/viewthumbs/defaultcolorpalette_basic.jpg" description="" default="true"/>
    <setting id="defaultcolorpalette" value="rainbow" label="rainbow" condition="" icon="special://skin/extras/viewthumbs/defaultcolorpalette_rainbow.jpg" description=""/>
    <setting id="defaultcolorpalette" value="material-design" label="material-design" condition="" icon="special://skin/extras/viewthumbs/defaultcolorpalette_material-design.jpg" description=""/>
    <setting id="defaultcolorpalette" value="webcolors" label="webcolors" condition="" icon="special://skin/extras/viewthumbs/defaultcolorpalette_webcolors.jpg" description=""/>

    <!-- Volume Indicator Style -->
    <setting id="volumestyle" value="modern" label="modern" condition="" icon="special://skin/extras/viewthumbs/volumestyle_modern.jpg" description="" default="true"/>
    <setting id="volumestyle" value="modern-alt" label="modern (alt)" condition="" icon="special://skin/extras/viewthumbs/volumestyle_modern-alt.jpg" description=""/>
    <setting id="volumestyle" value="classic" label="classic" condition="" icon="special://skin/extras/viewthumbs/volumestyle_classic.jpg" description=""/>
    <setting id="volumestyle" value="basic" label="basic" condition="" icon="special://skin/extras/viewthumbs/volumestyle_basic.jpg" description=""/>

    <!--widgets rotate-->
    <setting id="widgets_rotate" value="disabled" label="$LOCALIZE[1223]" condition="" icon="" description="Do not auto rotate the widgets" default="true"/>
    <setting id="widgets_rotate" value="spotlight" label="$LOCALIZE[31307]" condition="[Skin.String(HomeLayout, enhanced) | [Skin.String(HomeLayout, netflix) + !Skin.HasSetting(NetflixHomeDisableFirstRow)]]" icon="" description="Only rotate the spotlight widget every $INFO[Skin.String(widgets_rotate_delay)] seconds"/>
    <setting id="widgets_rotate" value="510" label="$LOCALIZE[31499] 1" condition="" icon="" description="Rotate the first widget (if assigned) every $INFO[Skin.String(widgets_rotate_delay)] seconds"/>
    <setting id="widgets_rotate" value="520" label="$LOCALIZE[31499] 2" condition="" icon="" description="Rotate the second widget (if assigned) every $INFO[Skin.String(widgets_rotate_delay)] seconds"/>
    <setting id="widgets_rotate" value="530" label="$LOCALIZE[31499] 3" condition="" icon="" description="Rotate the third widget (if assigned) every $INFO[Skin.String(widgets_rotate_delay)] seconds"/>
    <setting id="widgets_rotate" value="540" label="$LOCALIZE[31499] 4" condition="" icon="" description="Rotate the fourth widget (if assigned) every $INFO[Skin.String(widgets_rotate_delay)] seconds"/>
    <setting id="widgets_rotate" value="all" label="$LOCALIZE[31730]" condition="" icon="" description="Rotate all widgets (including spotlight) every $INFO[Skin.String(widgets_rotate_delay)] seconds"/>
    <setting id="widgets_rotate" value="override" label="$LOCALIZE[31731]" condition="!String.Contains(Skin.String(HomeLayout),netflix)" icon="" description="Use the shortcuts editor to enable rotation for a widget"/>

    <!-- display tags on widgets -->
    <setting id="Widgets_DisplayTags" value="auto" label="$LOCALIZE[14061]" condition="" icon="" description="Let skin decide based on content/artwork" default="true"/>
    <setting id="Widgets_DisplayTags" value="disable" label="$LOCALIZE[1223]" condition="" icon="" description="Never show tags on widget"/>
    <setting id="Widgets_DisplayTags" value="enable" label="$LOCALIZE[305]" condition="" icon="" description="Always show tags on widget"/>
    <setting id="Widgets_DisplayTags" value="override" label="$LOCALIZE[31731]" condition="!Window.IsActive(script-skinshortcuts.xml)" icon="" description=""/>

    <!-- display tags in Views -->
    <setting id="Views_DisplayTags" value="" label="$LOCALIZE[14061]" condition="" icon="" description="Let skin decide based on content/artwork"/>
    <setting id="Views_DisplayTags" value="disable" label="$LOCALIZE[1223]" condition="" icon="" description="Never show tags"/>
    <setting id="Views_DisplayTags" value="enable" label="$LOCALIZE[305]" condition="" icon="" description="Always show tags"/>

    <!-- display info in Poster Row View -->
    <setting id="View_DisplayInfo" value="disable" label="$LOCALIZE[1223]" condition="" icon="" description="Let skin decide based on content/artwork"/>
    <setting id="View_DisplayInfo" value="small" label="Small" condition="" icon="" description="Use small info panel"/>
    <setting id="View_DisplayInfo" value="normal" label="Normal" condition="" icon="" description="Use big info panel (will lower the posters)"/>
    <setting id="View_DisplayInfo" value="small_delayed" label="Small (delayed)" condition="" icon="" description="Panel will slide in after 3 seconds of inactivity"/>
    <setting id="View_DisplayInfo" value="normal_delayed" label="Normal (delayed)" condition="" icon="" description="Panel will slide in after 3 seconds of inactivity"/>

    <!-- pvr genre color type -->
    <setting id="pvrgenretype" value="genre" label="Genre" condition="" icon="" description="Use Genre for guide listings"/>
    <setting id="pvrgenretype" value="genretype" label="GenreType" condition="" icon="" description="Use GenreType for guide listings - Kodi default" default="true"/>

    <!-- widget rotate delay -->
    <setting id="widgets_rotate_delay" value="5" label="5 $LOCALIZE[31231]" condition="" icon="" description=""/>
    <setting id="widgets_rotate_delay" value="10" label="10 $LOCALIZE[31231]" condition="" icon="" description=""/>
    <setting id="widgets_rotate_delay" value="15" label="15 $LOCALIZE[31231]" condition="" icon="" description=""/>
    <setting id="widgets_rotate_delay" value="20" label="20 $LOCALIZE[31231]" condition="" icon="" description="" default="true"/>
    <setting id="widgets_rotate_delay" value="30" label="30 $LOCALIZE[31231]" condition="" icon="" description=""/>
    <setting id="widgets_rotate_delay" value="60" label="60 $LOCALIZE[31231]" condition="" icon="" description=""/>

    <!-- infoline select -->
    <setting id="infoline" value="none" label="$LOCALIZE[231] - $LOCALIZE[13305]" condition="[Window.IsActive(script-skinshortcuts.xml) + system.getbool(lookandfeel.enablerssfeeds)]" icon="" description=""/>
    <setting id="infoline" value="none" label="$LOCALIZE[231]" condition="![Window.IsActive(script-skinshortcuts.xml) + system.getbool(lookandfeel.enablerssfeeds)]" icon="" description=""/>
    <setting id="infoline" value="auto" label="$LOCALIZE[13416]" condition="!Window.IsActive(script-skinshortcuts.xml)" icon="" description="" default="true"/>
    <setting id="infoline" value="title" label="$LOCALIZE[369]" condition="!Window.IsActive(script-skinshortcuts.xml)" icon="" description=""/>
    <setting id="infoline" value="backgroundtitle" label="$LOCALIZE[31739]" condition="Window.IsActive(script-skinshortcuts.xml)" icon="" description=""/>
    <setting id="infoline" value="library_info" label="$LOCALIZE[20314]" condition="" icon="" description=""/>
    <setting id="infoline" value="movie_library" label="$LOCALIZE[14022] - $LOCALIZE[20342]" condition="" icon="" description=""/>
    <setting id="infoline" value="tvshows_library" label="$LOCALIZE[14022] - $LOCALIZE[20343]" condition="" icon="" description=""/>
    <setting id="infoline" value="music_library" label="$LOCALIZE[14022] - $LOCALIZE[2]" condition="" icon="" description=""/>
    <setting id="infoline" value="pvr" label="$LOCALIZE[19166]" condition="" icon="" description=""/>
    <setting id="infoline" value="weather" label="$LOCALIZE[24027]" condition="" icon="" description=""/>
    <setting id="infoline" value="musicvideo_library" label="$LOCALIZE[14022] - $LOCALIZE[20389]" condition="" icon="" description=""/>
    <setting id="infoline" value="sysinfo" label="$LOCALIZE[130]" condition="" icon="" description=""/>
    <setting id="infoline" value="addonsinfo" label="$LOCALIZE[24001]/$LOCALIZE[1036]" condition="" icon="" description=""/>
    <setting id="infoline" value="totalsortby" label="$LOCALIZE[31034]/$LOCALIZE[581]" condition="!Window.IsActive(script-skinshortcuts.xml)" icon="" description=""/>
    <setting id="infoline" value="total" label="$LOCALIZE[31034]" condition="!Window.IsActive(script-skinshortcuts.xml)" icon="" description=""/>

    <!-- cast select action in videoinfo -->
    <setting id="videoinfo_castaction" value="library" label="$LOCALIZE[31690]" condition="" icon="" description=""/>
    <setting id="videoinfo_castaction" value="extendedinfo" label="$LOCALIZE[31691]" condition="" icon="" description="" default="true"/>

    <!-- trailer action in videoinfo -->
    <setting id="videoinfo_traileraction" value="fullscreen" label="$LOCALIZE[244]" condition="" icon="" description=""/>
    <setting id="videoinfo_traileraction" value="windowed" label="$LOCALIZE[242]" condition="" icon="" description="" default="true"/>
    <setting id="videoinfo_traileraction" value="auto_windowed" label="Play automatically in window" condition="" icon="" description=""/>
    <setting id="videoinfo_traileraction" value="auto_fullscreen" label="Play automatically in fullscreen" condition="" icon="" description=""/>

    <!-- options to show in videoinfo - multiselect -->
    <setting id="videoinfo_buttons" value="||MULTISELECT||" label="" condition="" icon="" description="">
        <option id="videoinfo_button_play" label="$LOCALIZE[208]" condition="" default="true"/>
        <option id="videoinfo_button_trailer" label="$LOCALIZE[20410]" condition="" default="true"/>
        <option id="videoinfo_button_youtubevideos" label="$LOCALIZE[31797]" condition="" default="true"/>
        <option id="videoinfo_button_cast" label="$LOCALIZE[206]" condition="" default="true"/>
        <option id="videoinfo_button_similar" label="$LOCALIZE[31622]" condition="" default="true"/>
        <option id="videoinfo_button_plot" label="$LOCALIZE[207]" condition="" default="true"/>
        <option id="videoinfo_button_extendedinfo" label="$LOCALIZE[31269]" condition="" default="true"/>
        <option id="videoinfo_button_cinemavision" label="CinemaVision" condition="System.HasAddon(script.cinemavision)" default="true"/>
        <option id="videoinfo_button_cinemaexperience" label="$INFO[System.AddonTitle(script.cinema.experience)]" condition="System.HasAddon(script.cinema.experience)" default="true"/>
        <option id="videoinfo_button_videoextras" label="$INFO[System.AddonTitle(script.videoextras)]" condition="System.HasAddon(script.videoextras)" default="true"/>
        <option id="videoinfo_button_artwork.beef" label="Artwork Beef" condition="System.HasAddon(script.script.artwork.beef)" default="true"/>
        <option id="videoinfo_button_artwork" label="$LOCALIZE[13511]" condition="" default="true"/>
        <option id="videoinfo_button_refresh" label="$LOCALIZE[184]" condition="" default="true"/>
        <option id="videoinfo_button_discart" label="$LOCALIZE[31200]" condition="" default="true"/>
        <option id="videoinfo_button_panel" label="$LOCALIZE[31155]" condition="" default="true"/>
        <option id="videoinfo_button_myrating" label="My Rating" condition="" default="true"/>
    </setting>

    <!-- osd button style -->
    <setting id="osd_buttonstyle" value="rounded" label="$LOCALIZE[31493]" condition="" icon="" description=""/>
    <setting id="osd_buttonstyle" value="slim" label="$LOCALIZE[31697]" condition="" icon="" description="" default="true"/>
    <setting id="osd_buttonstyle" value="rounded_large" label="$LOCALIZE[31493] - $LOCALIZE[31699]" condition="" icon="" description=""/>
    <setting id="osd_buttonstyle" value="slim_large" label="$LOCALIZE[31697] - $LOCALIZE[31699]" condition="" icon="" description=""/>

    <!-- general header options -->
    <setting id="general_header" value="disable" label="$LOCALIZE[1223]" condition="" icon="" description="Completely disable the header" default="Skin.HasSetting(DisableHeader)">
        <onselect condition="Skin.HasSetting(DisableHeader)">Skin.Reset(DisableHeader)</onselect>
    </setting>
    <setting id="general_header" value="logo-time" label="$LOCALIZE[31058] + $LOCALIZE[31705]" condition="![Skin.HasSetting(CompactHeader) + Skin.HasSetting(EnableTouchSupport)]" icon="" description="Show logo (left) and time (right)"/>
    <setting id="general_header" value="title-time" label="$LOCALIZE[369] + $LOCALIZE[31705]" condition="" icon="" description="Show header title (left) and time (right)" default="!Skin.HasSetting(AlwaysShowWeather) + !Skin.HasSetting(DisableHeader)"/>
    <setting id="general_header" value="weather-time" label="$LOCALIZE[400] + $LOCALIZE[31705]" condition="!Skin.HasSetting(CompactHeader)" icon="" description="Show weather (left) and time (right)"/>
    <setting id="general_header" value="title-weather" label="$LOCALIZE[369] + $LOCALIZE[400]" condition="" icon="" description="Show header Title (left) and Weather (right)" default="Skin.HasSetting(AlwaysShowWeather)">
        <onselect condition="Skin.HasSetting(AlwaysShowWeather)">Skin.Reset(AlwaysShowWeather)</onselect>
    </setting>
    <setting id="general_header" value="logo-weathclock" label="$LOCALIZE[31058] + $LOCALIZE[31705] + $LOCALIZE[400]" condition="![Skin.HasSetting(CompactHeader) + Skin.HasSetting(EnableTouchSupport)]" icon="" description="Show logo (left) and time + weather (right)" default=""/>
    <setting id="general_header" value="title-weathclock" label="$LOCALIZE[369] + $LOCALIZE[31705] + $LOCALIZE[400]" condition="![Skin.HasSetting(CompactHeader) + Skin.HasSetting(EnableTouchSupport)] + !Skin.HomeLayout(win10) + !Skin.String(HomeLayout,verticalbig)" icon="" description="Show title (left) and time + weather (right)" default=""/>

    <setting id="general_header" value="-weathclock" label="$LOCALIZE[31705] + $LOCALIZE[400]" condition="![Skin.HasSetting(CompactHeader) + Skin.HasSetting(EnableTouchSupport)]" icon="" description="Show time + weather (right)" default=""/>
    <setting id="general_header" value="time" label="$LOCALIZE[31705]" condition="" icon="" description="Only show time"/>
    <setting id="general_header" value="title" label="$LOCALIZE[369]" condition="" icon="" description="Only show title"/>
    <setting id="general_header" value="-weather" label="$LOCALIZE[400]" condition="" icon="" description="Only show weather"/>

    <!-- home header options -->
    <setting id="home_header" value="logo-time" label="$LOCALIZE[31058] + $LOCALIZE[31705]" condition="![Skin.HasSetting(CompactHeader) + Skin.HasSetting(EnableTouchSupport)] + !Skin.HomeLayout(win10) + !Skin.String(HomeLayout,netflix2)" icon="" description="Show logo (left) and time (right)" default="!Skin.String(HomeLayout,win10) + !Skin.HasSetting(WeatherOnHome)"/>
    <setting id="home_header" value="logo-slideweather-time" label="$LOCALIZE[31058] + $LOCALIZE[400] + $LOCALIZE[31705]" condition="![Skin.HasSetting(CompactHeader) + Skin.HasSetting(EnableTouchSupport)] + !Skin.HomeLayout(win10) + !Skin.String(HomeLayout,verticalbig) + !Skin.String(HomeLayout,netflix2)" icon="" description="Show logo + weather (left) and time (right)" default="!Skin.String(HomeLayout,win10) + !Skin.HasSetting(WeatherOnHome)"/>
    <setting id="home_header" value="logo-weathclock" label="$LOCALIZE[31058] + $LOCALIZE[31705] + $LOCALIZE[400]" condition="![Skin.HasSetting(CompactHeader) + Skin.HasSetting(EnableTouchSupport)] + !Skin.HomeLayout(win10) + !Skin.String(HomeLayout,netflix2)" icon="" description="Show logo (left) and time + weather (right)" default=""/>
    <setting id="home_header" value="-weathclock" label="$LOCALIZE[31705] + $LOCALIZE[400]" condition="![Skin.HasSetting(CompactHeader) + Skin.HasSetting(EnableTouchSupport)] + !Skin.HomeLayout(win10)" icon="" description="Show time + weather (right)" default=""/>
    <setting id="home_header" value="logo-profile" label="$LOCALIZE[31058] + $LOCALIZE[31134]" condition="![Skin.HasSetting(CompactHeader) + Skin.HasSetting(EnableTouchSupport)] + !Skin.HomeLayout(win10) + !Skin.String(HomeLayout,netflix2)" icon="" description="Show logo (left) and profile (right)"/>
    <setting id="home_header" value="logo-weather" label="$LOCALIZE[31058] + $LOCALIZE[400]" condition="![Skin.HasSetting(CompactHeader) + Skin.HasSetting(EnableTouchSupport)] + !Skin.HomeLayout(win10) + !Skin.String(HomeLayout,netflix2)" icon="" description="Show logo (left) and weather (right)"/>
    <setting id="home_header" value="title-time" label="$LOCALIZE[369] + $LOCALIZE[31705]" condition="!Skin.String(HomeLayout,netflix2)" icon="" description="Show header title (left) and time (right)"/>
    <setting id="home_header" value="title-weathclock" label="$LOCALIZE[369] + $LOCALIZE[31705] + $LOCALIZE[400]" condition="![Skin.HasSetting(CompactHeader) + Skin.HasSetting(EnableTouchSupport)] + !Skin.HomeLayout(win10) + !Skin.String(HomeLayout,netflix2)" icon="" description="Show title (left) and time + weather (right)" default=""/>
    <setting id="home_header" value="weather-time" label="$LOCALIZE[400] + $LOCALIZE[31705]" condition="!Skin.HasSetting(CompactHeader)" icon="" description="Show weather (left) and time (right)" default="!Skin.String(HomeLayout,win10) + Skin.HasSetting(WeatherOnHome) + !Skin.HasSetting(ShowProfile)"/>
    <setting id="home_header" value="profile-time" label="$LOCALIZE[31134] + $LOCALIZE[31705]" condition="!Skin.HasSetting(CompactHeader) + !Skin.String(HomeLayout,netflix2)" icon="" description="Show profile (left) and time (right)" default=""/>
    <setting id="home_header" value="title-weather" label="$LOCALIZE[369] + $LOCALIZE[400]" condition="!Skin.String(HomeLayout,netflix2)" icon="" description="Show header Title (left) and Weather (right)"/>
    <setting id="home_header" value="time" label="$LOCALIZE[31705]" condition="" icon="" description="Only show time"/>
    <setting id="home_header" value="logo" label="$LOCALIZE[31058]" condition="" icon="" description="Only show logo"/>
    <setting id="home_header" value="weather-" label="$LOCALIZE[400]" condition="" icon="" description="Only show weather left" default=""/>
    <setting id="home_header" value="title" label="$LOCALIZE[369]" condition="!Skin.String(HomeLayout,netflix2)" icon="" description="Only show title"/>
    <setting id="home_header" value="-weather" label="$LOCALIZE[400]" condition="" icon="" description="Only show weather right" default="Skin.HomeLayout(win10)"/>
    <setting id="home_header" value="-profile" label="$LOCALIZE[31134]" icon="" condition="" description="Only show profile"/>
    <setting id="home_header" value="disable" label="$LOCALIZE[1223]" condition="" icon="" description="Completely disable the header" default="true"/>


    <!-- vertical home tiles heigth -->
    <setting id="verthome_tiles_height" value="170" label="Default (170)" icon="" condition="" description="" constantdefault="true"/>
    <setting id="verthome_tiles_height" value="||PROMPTNUMERIC||" label="Custom value" icon="" condition="" description="Set a custom heigth for the menu tiles. Note that the width is set to 370px and the border/spacing is 8px"/>

    <!-- custom header for submenu -->
    <setting id="customsubmenuheader" value="None" label="None" icon="" condition="" description=""/>
    <setting id="customsubmenuheader" value="" label="$LOCALIZE[1034] (Default)" icon="" condition="" description=""/>
    <setting id="customsubmenuheader" value="mainmenu" label="Mainmenu title" icon="" condition="" description=""/>
    <setting id="customsubmenuheader" value="||PROMPTSTRING||" label="Custom header" icon="" condition="" description=""/>

    <!-- skinshortcuts background -->
    <setting id="skinshortcuts-$INFO[Container(211).ListItem.Property(submenuVisibility)]" label="$LOCALIZE[31804]" value="widgetfanart" condition="!String.IsEmpty(Container(211).ListItem.Property(widget))"/>

    <setting id="MusicBackground" value="resource://resource.images.skinbackgrounds.titanium/hover_my radio.jpg" label="Default" condition="" default="true" />

</settings>