<?xml version="1.0" encoding="utf-8"?>
<window type="window" id="2116">
 <defaultcontrol always="true">505</defaultcontrol>
  <onunload>ClearProperty(SkinHelper.WidgetContainer,Home)</onunload>
  <controls>
  <include condition="!Skin.HasSetting(EnableQuackFXMy2)" content="menuhub_window">
    <param name="skinshortcut" value="x1106" />
  </include>

  <include condition="Skin.HasSetting(EnableQuackFXMy2)" content="menuhub_quackfx">
    <param name="skinshortcut" value="x1106" />
  </include>
  </controls>
</window>
