<?xml version="1.0" encoding="UTF-8"?>
<includes>

    <include name="OSD_Music_Info">
        <param name="player" default="MusicPlayer" />
        <param name="rating" default="MusicPlayer.UserRating" />
        <param name="artwork" default="MusicPlayer.Cover" />
        <definition>
            <control type="group">
                <visible>[Window.IsVisible(VideoFullScreen.xml) + VideoPlayer.Content(musicvideos)] | !Window.IsVisible(VideoFullScreen.xml)</visible>
                <visible>Window.IsVisible(musicosd) | Player.ShowInfo | [Window.IsVisible(VideoFullScreen.xml) + [!String.IsEmpty(Window(Home).Property(OSDInfo)) | Player.Caching | Player.Seeking | Player.DisplayAfterSeek | Player.Paused | Player.Forwarding | Player.Rewinding | Player.ShowInfo | Window.IsActive(videoosd) | Window.IsActive(DialogFullScreenInfo.xml) | Window.IsVisible(DialogPlayerProcessInfo.xml) | [!Skin.HasSetting(DisableMusicVideoAutoInfo) + [Integer.IsEqual(Player.Time(hh),0) + Integer.IsEqual(Player.Time(mm),0) + Integer.IsGreater(Player.Time(ss),5) + Integer.IsLess(Player.Time(ss),15)] | [Integer.IsEqual(Player.TimeRemaining(hh),0) + Integer.IsEqual(Player.TimeRemaining(mm),0) + Integer.IsGreater(Player.TimeRemaining(ss),5) + Integer.IsLess(Player.TimeRemaining(ss),15)]]]]</visible>
                <animation effect="fade" start="0" end="100" time="300">VisibleChange</animation>

                <control type="image">
                    <animation effect="fade" end="85" condition="true">Conditional</animation>
                    <texture>common/vignette.png</texture>
                </control>
                <control type="group">
                    <visible>Window.IsVisible(musicosd) | Player.ShowInfo | [Window.IsVisible(VideoFullScreen.xml) + [!String.IsEmpty(Window(Home).Property(OSDInfo)) | Player.Caching | Player.Seeking | Player.DisplayAfterSeek | Player.Paused | Player.Forwarding | Player.Rewinding | Player.ShowInfo | Window.IsActive(videoosd) | Window.IsActive(DialogFullScreenInfo.xml) | Window.IsVisible(DialogPlayerProcessInfo.xml) | [!Skin.HasSetting(DisableMusicVideoAutoInfo) + [Integer.IsEqual(Player.Time(hh),0) + Integer.IsEqual(Player.Time(mm),0) + Integer.IsGreater(Player.Time(ss),5) + Integer.IsLess(Player.Time(ss),15)] | [Integer.IsEqual(Player.TimeRemaining(hh),0) + Integer.IsEqual(Player.TimeRemaining(mm),0) + Integer.IsGreater(Player.TimeRemaining(ss),5) + Integer.IsLess(Player.TimeRemaining(ss),15)]]]]</visible>
                    <animation effect="fade" start="0" end="100" time="300">VisibleChange</animation>
                    <include>Animation_FadeIn</include>
                    <include>Animation_FadeOut</include>
                    <control type="group">
                        <bottom>58</bottom>
                        <left>64</left>
                        <width>206</width>
                        <height>206</height>
                        <control type="group">
                            <left>-6</left>
                            <right>-6</right>
                            <top>-6</top>
                            <bottom>-6</bottom>
                            <control type="image">
                                <aspectratio scalediffuse="false">scale</aspectratio>
                                <include condition="!Skin.HasSetting(DisableShadows)">Defs_Shadow_24</include>
                                <texture diffuse="diffuse/widgetposter.png">$INFO[$PARAM[artwork]]</texture>
                            </control>
                            <control type="image">
                                <texture colordiffuse="PixelLines" border="20">common/outline.png</texture>
                            </control>
                        </control>

                    </control>
                    <control type="grouplist">
                        <bottom>48</bottom>
                        <left>308</left>
                        <right>64</right>
                        <height>234</height>
                        <orientation>vertical</orientation>
                        <usecontrolcoords>true</usecontrolcoords>
                        <itemgap>0</itemgap>
                        <control type="label">
                            <label>$INFO[Player.Title]</label>
                            <height>90</height>
                            <aligny>top</aligny>
                            <textcolor>main_fg_100</textcolor>
                            <font>font_showcase_title</font>
                        </control>
                        <control type="label">
                            <label>$INFO[$PARAM[player].Artist,[COLOR=main_fg_100],[/COLOR]]$INFO[$PARAM[player].Album,  |  [COLOR=main_fg_100],[/COLOR]]$INFO[$PARAM[player].Year,  |  [COLOR=main_fg_100],[/COLOR]]</label>
                            <height>40</height>
                            <aligny>top</aligny>
                            <textcolor>$VAR[ColorHighlight]</textcolor>
                            <font>font_small</font>
                        </control>
                        <control type="grouplist">
                            <top>-10</top>
                            <height>70</height>
                            <orientation>horizontal</orientation>
                            <usecontrolcoords>true</usecontrolcoords>
                            <control type="group">
                                <top>-17</top>
                                <left>-16</left>
                                <width>260</width>
                                <visible>!Window.IsVisible(MusicVisualisation.xml) | !Integer.IsEqual($PARAM[rating],0)</visible>
                                <visible>!Window.IsVisible(musicosd) + !Window.IsVisible(videoosd)</visible>
                                <visible>!Skin.HasSetting(DisableStarRating)</visible>
                                <include content="Object_StarRating">
                                    <param name="align" value="left" />
                                    <param name="visible" value="true" />
                                    <param name="rating_prop" value="$PARAM[rating]" />
                                </include>
                            </control>
                            <control type="group">
                                <top>-17</top>
                                <left>-16</left>
                                <width>260</width>
                                <visible>Window.IsVisible(MusicVisualisation.xml) + Integer.IsEqual($PARAM[rating],0)</visible>
                                <visible>!Window.IsVisible(musicosd) + !Window.IsVisible(videoosd)</visible>
                                <visible>!Skin.HasSetting(DisableStarRating)</visible>
                                <include content="Object_StarRating_Music">
                                    <param name="align" value="left" />
                                    <param name="visible" value="true" />
                                    <param name="rating" value="MusicPlayer.Rating" />
                                </include>
                            </control>
                            <control type="grouplist">
                                <top>24</top>
                                <itemgap>0</itemgap>
                                <orientation>horizontal</orientation>
                                <height>40</height>
                                <usecontrolcoords>true</usecontrolcoords>
                                <width>100%</width>
                                <visible>Window.IsVisible(MusicVisualisation.xml)</visible>
                                <visible>!Window.IsVisible(musicosd) + !Window.IsVisible(videoosd)</visible>
                                <control type="image" id="9968">
                                    <width>84</width>
                                    <top>-6</top>
                                    <height>50</height>
                                    <centertop>50%</centertop>
                                    <texture>$INFO[MusicPlayer.Codec,flags/color/audio/,.png]</texture>
                                    <aspectratio align="left">keep</aspectratio>
                                    <visible allowhiddenfocus="true">!String.IsEmpty(Control.GetLabel(9968))</visible>
                                </control>
                                <control type="label">
                                    <left>16</left>
                                    <aligny>top</aligny>
                                    <width>auto</width>
                                    <textcolor>main_fg_70</textcolor>
                                    <font>font_tiny</font>
                                    <label>$INFO[MusicPlayer.BitRate,, [COLOR=main_fg_30]kbps [/COLOR]]$INFO[MusicPlayer.BitsPerSample,[COLOR=main_fg_30]  |  [/COLOR], [COLOR=main_fg_30]bps [/COLOR]]$INFO[MusicPlayer.SampleRate,[COLOR=main_fg_30]  |  [/COLOR], [COLOR=main_fg_30]khz[/COLOR]]</label>
                                </control>
                            </control>
                            <control type="group">
                                <top>6</top>
                                <left>8</left>
                                <height>70</height>
                                <width>700</width>
                                <visible>Window.IsVisible(VideoFullScreen.xml)</visible>
                                <visible>!Window.IsVisible(musicosd) + !Window.IsVisible(videoosd)</visible>
                                <include content="Object_Flags">
                                    <param name="align" value="left" />
                                    <param name="source" value="VideoPlayer." />
                                    <param name="fps" value="true" />
                                    <param name="directory" value="color" />
                                </include>
                            </control>
                        </control>
                        <control type="grouplist">
                            <height>40</height>
                            <usecontrolcoords>true</usecontrolcoords>
                            <orientation>horizontal</orientation>
                            <control type="label">
                                <label>$INFO[Player.Time,,   ]</label>
                                <height>40</height>
                                <width>auto</width>
                                <aligny>top</aligny>
                                <textcolor>main_fg_100</textcolor>
                                <font>font_small</font>
                            </control>
                            <control type="group">
                                <width>564</width>
                                <control type="progress" id="401">
                                    <top>16</top>
                                    <height>12</height>
                                    <width>564</width>
                                    <info>Player.Progress</info>
                                    <visible>Player.HasMedia</visible>
                                </control>
                                <control type="progress">
                                    <description>Progressbar</description>
                                    <top>16</top>
                                    <height>12</height>
                                    <width>564</width>
                                    <info>Player.Progress</info>
                                    <texturebg colordiffuse="00ffffff" border="4">diffuse/progress-bg.png</texturebg>
                                    <lefttexture colordiffuse="00ffffff" border="4">diffuse/progress-left.png</lefttexture>
                                    <midtexture colordiffuse="$VAR[ColorHighlight2]" border="4" diffuse="progress/diffuse.png">diffuse/progress-end.png</midtexture>
                                    <righttexture colordiffuse="$VAR[ColorHighlight2]" border="4" diffuse="progress/diffuse-end.png">diffuse/progress-right.png</righttexture>
                                    <include content="Defs_Progress_Colorfade">
                                        <param name="id" value="401" />
                                    </include>
                                </control>
                            </control>
                            <control type="label">
                                <label>$INFO[Player.Duration,   ,]</label>
                                <height>40</height>
                                <width>auto</width>
                                <aligny>top</aligny>
                                <align>right</align>
                                <textcolor>main_fg_100</textcolor>
                                <font>font_small</font>
                            </control>
                        </control>
                    </control>
                </control>
            </control>
        </definition>
    </include>

    <include name="OSD_VideoPosition">
        <align>center</align>
        <height>view_pad</height>
        <bottom>30</bottom>
    </include>
    <include name="OSD_MusicPosition">
        <left>300</left>
        <bottom>96</bottom>
        <align>left</align>
        <height>48</height>
    </include>

    <include name="OSD_Video_Seekbar">
        <control type="group">
            <visible>!VideoPlayer.Content(musicvideos)</visible>
            <visible>!Window.IsVisible(VideoOSDBookmarks.xml)</visible>
            <visible>!String.IsEmpty(Window(Home).Property(OSDInfo)) | Player.Caching | Player.Seeking | Player.DisplayAfterSeek | Player.Paused | Player.Forwarding | Player.Rewinding | Player.ShowInfo | Window.IsActive(musicosd) | Window.IsActive(videoosd) | Window.IsActive(DialogFullScreenInfo.xml) | Window.IsVisible(DialogPlayerProcessInfo.xml) | !String.IsEmpty(Player.SeekNumeric)</visible>
            <animation effect="fade" start="0" end="100" time="300">VisibleChange</animation>
            <animation effect="fade" start="0" end="100" time="300" condition="![Player.Seeking | Player.DisplayAfterSeek | Player.Paused | Player.Forwarding | Player.Rewinding | Player.ShowInfo | Window.IsActive(musicosd) | Window.IsActive(videoosd) | Window.IsActive(DialogFullScreenInfo.xml)]">WindowOpen</animation>
            <control type="image">
                <height>400</height>
                <bottom>0</bottom>
                <texture>common/osd-dim.png</texture>
            </control>
            <control type="group">
                <visible>[!String.IsEmpty(Window(Home).Property(OSDInfo)) | Player.ShowInfo | Window.IsActive(DialogFullScreenInfo.xml) | [Player.Paused + Skin.HasSetting(ShowInfoPaused)]] | [Skin.HasSetting(ShowInfoControls) + Window.IsActive(videoosd)]</visible>
                <visible>!Window.IsVisible(DialogPlayerProcessInfo.xml)</visible>
                <visible>!Skin.HasSetting(DisableOSDInfo)</visible>
                <include>Animation_FadeIn</include>
                <include>Animation_FadeOut</include>
                <!-- Overlay -->
                <control type="image">
                    <bottom>0</bottom>
                    <top>0</top>
                    <texture>common/dim-gradient.png</texture>
                </control>

                <control type="group">
                    <control type="group">
                        <width>320</width>
                        <height>480</height>
                        <left>view_pad</left>
                        <bottom>158</bottom>
                        <control type="image">
                            <include condition="!Skin.HasSetting(DisableShadows)">Defs_Shadow_24</include>
                            <aspectratio aligny="bottom">keep</aspectratio>
                            <texture diffuse="diffuse/widgetposter.png">$VAR[Image_OSD_Artwork]</texture>
                        </control>
                    </control>
                    <control type="group" description="info">
                        <left>410</left>
                        <right>view_pad</right>
                        <height>580</height>
                        <bottom>158</bottom>
                        <visible>!Window.IsVisible(1122)</visible>
                        <control type="grouplist">
                            <left>0</left>
                            <usecontrolcoords>true</usecontrolcoords>
                            <bottom>0</bottom>
                            <right>0</right>
                            <align>bottom</align>
                            <control type="grouplist">
                                <itemgap>0</itemgap>
                                <orientation>horizontal</orientation>
                                <height>281</height>
                                <usecontrolcoords>true</usecontrolcoords>
                                <control type="label">
                                    <top>181</top>
                                    <aligny>top</aligny>
                                    <height>100</height>
                                    <width>1430</width>
                                    <scroll>false</scroll>
                                    <font>font_showcase_title</font>
                                    <textcolor>main_fg_100</textcolor>
                                    <label>$VAR[Label_OSD_Title]</label>
                                </control>
                              <control type="image">
                                   <bottom>30</bottom>
                                   <right>0</right>
                                   <width>500</width>
                                   <texture background="true">$VAR[Image_Player_Clearart]</texture>
                                   <aspectratio>keep</aspectratio>
                           <visible>Skin.HasSetting(ShowOSDClearArt) + !Control.IsVisible(5004)</visible>
                                </control>
                            </control>
                            <control type="grouplist">
                                <top>-25</top>
                                <height>58</height>
                                <orientation>horizontal</orientation>
                                <usecontrolcoords>true</usecontrolcoords>
                                <itemgap>0</itemgap>
                                <left>0</left>
                                <right>0</right>
                                <visible>!String.IsEmpty(VideoPlayer.TvShowTitle) | !String.IsEmpty(VideoPlayer.Year) | !String.IsEmpty(VideoPlayer.MPAA) | !String.IsEmpty(VideoPlayer.Genre)</visible>
                                <control type="image">
                                    <left>0</left>
                                    <top>10</top>
                                    <width>37</width>
                                    <height>24</height>
                                    <texture colordiffuse="main_fg_100">$VAR[Image_OSD_HDSD]</texture>
                                </control>
                                <control type="label">
                                    <label>$VAR[Label_OSD_InfoLine]</label>
                                    <height>40</height>
                                    <aligny>top</aligny>
                                    <textcolor>$VAR[ColorHighlight]</textcolor>
                                    <font>font_small</font>
                                </control>
                            </control>
                            <control type="group">
                                <top>0</top>
                                <height>44</height>
                                <control type="group">
                                    <top>-41</top>
                                    <left>-16</left>
                                    <visible>!Skin.HasSetting(DisableStarRating)</visible>
                                    <visible>!Pvr.IsPlayingTv</visible>
                                    <include content="Object_StarRating">
                                        <param name="rating_prop" value="VideoPlayer.Rating" />
                                    </include>
                                </control>
                                <control type="group">
                                    <left>256</left>
                                    <visible>!Pvr.IsPlayingTv</visible>
                                    <animation effect="slide" end="-256" condition="Skin.HasSetting(DisableStarRating)">Conditional</animation>
                                    <include content="Object_OSD_Ratings">
                                        <param name="directory" value="color" />
                                        <param name="align" value="left" />
                                        <param name="width" value="1200" />
                                        <param name="imdbvotes" value="false" />
                                    </include>
                                </control>
                                <control type="label">
                                    <label>$INFO[VideoPlayer.NextTitle,$LOCALIZE[19031]... ,]</label>
                                    <top>-4</top>
                                    <height>40</height>
                                    <right>600</right>
                                    <aligny>top</aligny>
                                    <textcolor>main_fg_100</textcolor>
                                    <font>font_small</font>
                                    <visible>Pvr.IsPlayingTv</visible>
                                </control>
                                <control type="group">
                                    <top>-12</top>
                                    <right>-30</right>
                                    <visible>!Skin.HasSetting(HideOSDVideoCodec)</visible>
                                    <include content="Object_Flags">
                                        <param name="source" value="VideoPlayer." />
                                        <param name="fps" value="true" />
                                        <param name="directory" value="color" />
                                        <param name="align" value="right" />
                                    </include>
                                </control>
                            </control>
                            <control type="textbox">
                                <aligny>top</aligny>
                                <height max="128">auto</height>
                                <width>100%</width>
                                <font>font_plotbox</font>
                                <textcolor>main_fg_70</textcolor>
                                <label>$INFO[VideoPlayer.Plot]</label>
                                <visible>!String.IsEmpty(VideoPlayer.Plot)</visible>
                            </control>

                        </control>
                    </control>
                </control>
            </control>
            <control type="image">
                <bottom>125</bottom>
                <right>view_pad</right>
                <width>500</width>
                <height>281</height>
                <texture background="true">$VAR[Image_Player_Clearart]</texture>
                <visible>!Window.IsActive(1122) + ![!String.IsEmpty(Window(Home).Property(OSDInfo)) | Player.ShowInfo | Window.IsActive(DialogFullScreenInfo.xml) | [Player.Paused + Skin.HasSetting(ShowInfoPaused)]] + ![Skin.HasSetting(ShowInfoControls) + Window.IsActive(videoosd)]</visible>
                <visible>!Window.IsVisible(DialogPlayerProcessInfo.xml)</visible>
                <visible>Skin.HasSetting(ShowOSDClearArt)</visible>
                <aspectratio>keep</aspectratio>
                <animation effect="fade" start="0" end="100" delay="200" time="300">Visible</animation>
                <animation effect="fade" start="100" end="0" delay="0" time="300" condition="!String.IsEmpty(Window(Home).Property(watchnext))">Conditional</animation>
            </control>
            <include>Statusbar_Info_Clock</include>
        </control>
    </include>

    <include name="OSD_Controls">
        <control type="togglebutton" id="11">
            <centertop>50%</centertop>
            <description>Skip Back</description>
            <width>48</width>
            <height>48</height>
            <label/>
            <font/>
            <texturefocus colordiffuse="$VAR[ColorHighlight]">osd/record.png</texturefocus>
            <texturenofocus colordiffuse="main_fg_70">osd/record.png</texturenofocus>
            <usealttexture>PVR.IsRecordingPlayingChannel</usealttexture>
            <alttexturefocus colordiffuse="$VAR[ColorHighlight]">osd/record-on.png</alttexturefocus>
            <alttexturenofocus colordiffuse="main_fg_70">osd/record-on.png</alttexturenofocus>
            <onclick>PVR.ToggleRecordPlayingChannel</onclick>
            <enable>PVR.CanRecordPlayingChannel</enable>
            <visible>VideoPlayer.Content(LiveTV)</visible>
            <animation effect="fade" start="100" end="33" time="100" condition="!PVR.CanRecordPlayingChannel">Conditional</animation>
            <onfocus condition="!String.IsEmpty(Window(Home).Property(OSDExtendedInfo)) + Player.Paused">Play</onfocus>
            <onfocus condition="!String.IsEmpty(Window(Home).Property(OSDExtendedInfo))">ClearProperty(OSDExtendedInfo,Home)</onfocus>
            <onfocus>ClearProperty(OSD_Menu,Home)</onfocus>
        </control>

        <control type="button" id="12">
            <centertop>50%</centertop>
            <description>Skip Back</description>
            <width>48</width>
            <height>48</height>
            <label/>
            <font/>
            <texturefocus colordiffuse="$VAR[ColorHighlight]" flipx="true">osd/next.png</texturefocus>
            <texturenofocus colordiffuse="main_fg_70" flipx="true">osd/next.png</texturenofocus>
            <onclick>PlayerControl(Previous)</onclick>
            <onfocus condition="!String.IsEmpty(Window(Home).Property(OSDExtendedInfo)) + Player.Paused">Play</onfocus>
            <onfocus condition="!String.IsEmpty(Window(Home).Property(OSDExtendedInfo))">ClearProperty(OSDExtendedInfo,Home)</onfocus>
            <onfocus>ClearProperty(OSD_Menu,Home)</onfocus>
        </control>

        <control type="button" id="13">
            <centertop>50%</centertop>
            <description>Rewind</description>
            <width>48</width>
            <height>48</height>
            <label/>
            <font/>
            <texturefocus colordiffuse="$VAR[ColorHighlight]" flipx="true">osd/ff.png</texturefocus>
            <texturenofocus colordiffuse="main_fg_70" flipx="true">osd/ff.png</texturenofocus>
            <onclick>PlayerControl(Rewind)</onclick>
            <onfocus condition="!String.IsEmpty(Window(Home).Property(OSDExtendedInfo)) + Player.Paused">Play</onfocus>
            <onfocus condition="!String.IsEmpty(Window(Home).Property(OSDExtendedInfo))">ClearProperty(OSDExtendedInfo,Home)</onfocus>
            <onfocus>ClearProperty(OSD_Menu,Home)</onfocus>
        </control>

        <control type="togglebutton" id="14">
            <centertop>50%</centertop>
            <description>Play/Pause</description>
            <width>48</width>
            <height>48</height>
            <label/>
            <altlabel></altlabel>
            <font/>
            <texturefocus colordiffuse="$VAR[ColorHighlight]">osd/pause.png</texturefocus>
            <texturenofocus colordiffuse="main_fg_70">osd/pause.png</texturenofocus>
            <usealttexture>Player.Paused | Player.Forwarding | Player.Rewinding</usealttexture>
            <alttexturefocus colordiffuse="$VAR[ColorHighlight]">osd/play.png</alttexturefocus>
            <alttexturenofocus colordiffuse="main_fg_70">osd/play.png</alttexturenofocus>
            <onclick>PlayerControl(Play)</onclick>
            <visible>Player.PauseEnabled</visible>
            <animation effect="fade" start="100" end="33" time="100" condition="!Player.PauseEnabled">Conditional</animation>
            <onfocus condition="!String.IsEmpty(Window(Home).Property(OSDExtendedInfo)) + Player.Paused">Play</onfocus>
            <onfocus condition="!String.IsEmpty(Window(Home).Property(OSDExtendedInfo))">ClearProperty(OSDExtendedInfo,Home)</onfocus>
            <onfocus>ClearProperty(OSD_Menu,Home)</onfocus>
        </control>

        <control type="button" id="15">
            <centertop>50%</centertop>
            <description>Stop</description>
            <width>48</width>
            <height>48</height>
            <label/>
            <font/>
            <texturefocus colordiffuse="$VAR[ColorHighlight]">osd/stop.png</texturefocus>
            <texturenofocus colordiffuse="main_fg_70">osd/stop.png</texturenofocus>
            <onclick>PlayerControl(Stop)</onclick>
            <onfocus condition="!String.IsEmpty(Window(Home).Property(OSDExtendedInfo)) + Player.Paused">Play</onfocus>
            <onfocus condition="!String.IsEmpty(Window(Home).Property(OSDExtendedInfo))">ClearProperty(OSDExtendedInfo,Home)</onfocus>
            <onfocus>ClearProperty(OSD_Menu,Home)</onfocus>
        </control>

        <control type="button" id="16">
            <centertop>50%</centertop>
            <description>Fast Forward</description>
            <width>48</width>
            <height>48</height>
            <label/>
            <font/>
            <texturefocus colordiffuse="$VAR[ColorHighlight]">osd/ff.png</texturefocus>
            <texturenofocus colordiffuse="main_fg_70">osd/ff.png</texturenofocus>
            <onclick>PlayerControl(Forward)</onclick>
            <onfocus condition="!String.IsEmpty(Window(Home).Property(OSDExtendedInfo)) + Player.Paused">Play</onfocus>
            <onfocus condition="!String.IsEmpty(Window(Home).Property(OSDExtendedInfo))">ClearProperty(OSDExtendedInfo,Home)</onfocus>
            <onfocus>ClearProperty(OSD_Menu,Home)</onfocus>
        </control>

        <control type="button" id="17">
            <centertop>50%</centertop>
            <description>Next</description>
            <width>48</width>
            <height>48</height>
            <label/>
            <font/>
            <texturefocus colordiffuse="$VAR[ColorHighlight]">osd/next.png</texturefocus>
            <texturenofocus colordiffuse="main_fg_70">osd/next.png</texturenofocus>
            <onclick>PlayerControl(Next)</onclick>
            <onfocus condition="!String.IsEmpty(Window(Home).Property(OSDExtendedInfo)) + Player.Paused">Play</onfocus>
            <onfocus condition="!String.IsEmpty(Window(Home).Property(OSDExtendedInfo))">ClearProperty(OSDExtendedInfo,Home)</onfocus>
            <onfocus>ClearProperty(OSD_Menu,Home)</onfocus>
        </control>
        <control type="button" id="18">
            <centertop>50%</centertop>
            <description>Subs</description>
            <width>48</width>
            <height>48</height>
            <label>$VAR[Label_OSD_SubtitlesLanguage]</label>
            <font>font_osd_lang</font>
            <focusedcolor>$VAR[ColorHighlight]</focusedcolor>
            <shadowcolor>Shadow</shadowcolor>
            <align>right</align>
            <aligny>top</aligny>
            <textoffsetx>0</textoffsetx>
            <texturefocus colordiffuse="$VAR[ColorHighlight]">osd/subs.png</texturefocus>
            <texturenofocus colordiffuse="main_fg_70">osd/subs.png</texturenofocus>
            <onfocus condition="!String.IsEmpty(Window(Home).Property(OSDExtendedInfo)) + Player.Paused">Play</onfocus>
            <onfocus condition="!String.IsEmpty(Window(Home).Property(OSDExtendedInfo))">ClearProperty(OSDExtendedInfo,Home)</onfocus>
            <onfocus>ClearProperty(OSD_Menu,Home)</onfocus>
            <onclick condition="Skin.HasSetting(OSDSubtitleSettings)">ActivateWindow(osdsubtitlesettings)</onclick>
            <onclick condition="!Skin.HasSetting(OSDSubtitleSettings) + VideoPlayer.HasSubtitles">NextSubtitle</onclick>
            <onclick condition="!Skin.HasSetting(OSDSubtitleSettings) + !VideoPlayer.HasSubtitles">Close</onclick>
            <onclick condition="!Skin.HasSetting(OSDSubtitleSettings) + !VideoPlayer.HasSubtitles">ActivateWindow(SubtitleSearch)</onclick>
            <visible>Window.IsVisible(videoosd)</visible>
            <visible>!VideoPlayer.Content(musicvideos)</visible>
        </control>
        
        <control type="button" id="10018">
            <centertop>50%</centertop>
            <description>Audio</description>
            <width>48</width>
            <height>48</height>
            <label>$INFO[VideoPlayer.AudioLanguage,[UPPERCASE],[/UPPERCASE]]</label>
            <textcolor>panel_fg_70</textcolor>
            <focusedcolor>$VAR[ColorHighlight]</focusedcolor>
            <shadowcolor>Shadow</shadowcolor>
            <font>font_osd_lang</font>
            <align>right</align>
            <aligny>top</aligny>
            <textoffsetx>0</textoffsetx>
            <texturefocus colordiffuse="$VAR[ColorHighlight]">osd/audio-settings.png</texturefocus>
            <texturenofocus colordiffuse="main_fg_70">osd/audio-settings.png</texturenofocus>
            <onfocus condition="!String.IsEmpty(Window(Home).Property(OSDExtendedInfo)) + Player.Paused">Play</onfocus>
            <onfocus condition="!String.IsEmpty(Window(Home).Property(OSDExtendedInfo))">ClearProperty(OSDExtendedInfo,Home)</onfocus>
            <onfocus>ClearProperty(OSD_Menu,Home)</onfocus>
            <onclick>AudioNextLanguage</onclick>
            <include>OSD_Button_OnFocus</include>
            <visible>Window.IsVisible(videoosd)</visible>
            <visible>!VideoPlayer.Content(musicvideos)</visible>
            <visible>!String.IsEmpty(VideoPlayer.AudioLanguage)</visible>
        </control>
        
        <control type="togglebutton" id="20">
            <usealttexture>Control.HasFocus(20) | Control.HasFocus(21) | Control.HasFocus(22)</usealttexture>
            <centertop>50%</centertop>
            <description>Repeat</description>
            <width>48</width>
            <height>48</height>
            <label/>
            <font/>
            <alttexturefocus colordiffuse="$VAR[ColorHighlight]">osd/repeat-off.png</alttexturefocus>
            <alttexturenofocus colordiffuse="$VAR[ColorHighlight]">osd/repeat-off.png</alttexturenofocus>
            <texturefocus colordiffuse="$VAR[ColorHighlight]">osd/repeat-off.png</texturefocus>
            <texturenofocus colordiffuse="main_fg_70">osd/repeat-off.png</texturenofocus>
            <onfocus condition="!String.IsEmpty(Window(Home).Property(OSDExtendedInfo)) + Player.Paused">Play</onfocus>
            <onfocus condition="!String.IsEmpty(Window(Home).Property(OSDExtendedInfo))">ClearProperty(OSDExtendedInfo,Home)</onfocus>
            <onfocus>ClearProperty(OSD_Menu,Home)</onfocus>
            <onclick>PlayerControl(Repeat)</onclick>
            <visible>Window.IsVisible(musicosd)</visible>
            <visible>!Playlist.IsRepeatOne + !Playlist.IsRepeat</visible>
        </control>
        <control type="togglebutton" id="21">
            <usealttexture>Control.HasFocus(20) | Control.HasFocus(21) | Control.HasFocus(22)</usealttexture>
            <centertop>50%</centertop>
            <description>Repeat</description>
            <width>48</width>
            <height>48</height>
            <label/>
            <font/>
            <alttexturefocus colordiffuse="$VAR[ColorHighlight]">osd/repeat-one.png</alttexturefocus>
            <alttexturenofocus colordiffuse="$VAR[ColorHighlight]">osd/repeat-one.png</alttexturenofocus>
            <texturefocus colordiffuse="$VAR[ColorHighlight]">osd/repeat-one.png</texturefocus>
            <texturenofocus colordiffuse="main_fg_70">osd/repeat-one.png</texturenofocus>
            <onfocus condition="!String.IsEmpty(Window(Home).Property(OSDExtendedInfo)) + Player.Paused">Play</onfocus>
            <onfocus condition="!String.IsEmpty(Window(Home).Property(OSDExtendedInfo))">ClearProperty(OSDExtendedInfo,Home)</onfocus>
            <onfocus>ClearProperty(OSD_Menu,Home)</onfocus>
            <onclick>PlayerControl(Repeat)</onclick>
            <visible>Window.IsVisible(musicosd)</visible>
            <visible>Playlist.IsRepeatOne</visible>
        </control>
        <control type="togglebutton" id="22">
            <usealttexture>Control.HasFocus(20) | Control.HasFocus(21) | Control.HasFocus(22)</usealttexture>
            <centertop>50%</centertop>
            <description>Repeat</description>
            <width>48</width>
            <height>48</height>
            <label/>
            <font/>
            <alttexturefocus colordiffuse="$VAR[ColorHighlight]">osd/repeat-all.png</alttexturefocus>
            <alttexturenofocus colordiffuse="$VAR[ColorHighlight]">osd/repeat-all.png</alttexturenofocus>
            <texturefocus colordiffuse="$VAR[ColorHighlight]">osd/repeat-all.png</texturefocus>
            <texturenofocus colordiffuse="main_fg_70">osd/repeat-all.png</texturenofocus>
            <onfocus condition="!String.IsEmpty(Window(Home).Property(OSDExtendedInfo)) + Player.Paused">Play</onfocus>
            <onfocus condition="!String.IsEmpty(Window(Home).Property(OSDExtendedInfo))">ClearProperty(OSDExtendedInfo,Home)</onfocus>
            <onfocus>ClearProperty(OSD_Menu,Home)</onfocus>
            <onclick>PlayerControl(Repeat)</onclick>
            <visible>Window.IsVisible(musicosd)</visible>
            <visible>Playlist.IsRepeat</visible>
        </control>
        <control type="togglebutton" id="23">
            <centertop>50%</centertop>
            <description>Shuffle</description>
            <width>48</width>
            <height>48</height>
            <label/>
            <font/>
            <usealttexture>Playlist.IsRandom</usealttexture>
            <texturefocus colordiffuse="$VAR[ColorHighlight]">osd/shuffle.png</texturefocus>
            <texturenofocus colordiffuse="main_fg_70">osd/shuffle.png</texturenofocus>
            <alttexturefocus colordiffuse="$VAR[ColorHighlight]">osd/shuffle-on.png</alttexturefocus>
            <alttexturenofocus colordiffuse="main_fg_70">osd/shuffle-on.png</alttexturenofocus>
            <onfocus condition="!String.IsEmpty(Window(Home).Property(OSDExtendedInfo)) + Player.Paused">Play</onfocus>
            <onfocus condition="!String.IsEmpty(Window(Home).Property(OSDExtendedInfo))">ClearProperty(OSDExtendedInfo,Home)</onfocus>
            <onfocus>ClearProperty(OSD_Menu,Home)</onfocus>
            <onclick>PlayerControl(Random)</onclick>
            <visible>Window.IsVisible(musicosd)</visible>
        </control>
        <control type="button" id="24">
            <centertop>50%</centertop>
            <description>Playlist</description>
            <width>48</width>
            <height>48</height>
            <label/>
            <font/>
            <texturefocus colordiffuse="$VAR[ColorHighlight]">osd/playlist.png</texturefocus>
            <texturenofocus colordiffuse="main_fg_70">osd/playlist.png</texturenofocus>
            <onclick>Close</onclick>
            <onclick>ActivateWindow(musicplaylist)</onclick>
            <onfocus condition="!String.IsEmpty(Window(Home).Property(OSDExtendedInfo)) + Player.Paused">Play</onfocus>
            <onfocus condition="!String.IsEmpty(Window(Home).Property(OSDExtendedInfo))">ClearProperty(OSDExtendedInfo,Home)</onfocus>
            <onfocus>ClearProperty(OSD_Menu,Home)</onfocus>
            <visible>Window.IsVisible(musicosd)</visible>
        </control>
        <control type="button" id="25">
            <centertop>50%</centertop>
            <description>Settings</description>
            <width>48</width>
            <height>48</height>
            <label/>
            <font/>
            <texturefocus colordiffuse="$VAR[ColorHighlight]">osd/settings.png</texturefocus>
            <texturenofocus colordiffuse="main_fg_70">osd/settings.png</texturenofocus>
            <onfocus condition="!String.IsEmpty(Window(Home).Property(OSDExtendedInfo)) + Player.Paused">Play</onfocus>
            <onfocus condition="!String.IsEmpty(Window(Home).Property(OSDExtendedInfo))">ClearProperty(OSDExtendedInfo,Home)</onfocus>
            <onclick>SetFocus(3112,9)</onclick>
            <onup>SetFocus(3112,9)</onup>
            <visible>!VideoPlayer.Content(musicvideos)</visible>
        </control>
        <control type="button" id="40">
            <centertop>50%</centertop>
            <description>Settings</description>
            <width>48</width>
            <height>48</height>
            <label/>
            <font/>
            <texturefocus colordiffuse="$VAR[ColorHighlight]">osd/audio-settings.png</texturefocus>
            <texturenofocus colordiffuse="main_fg_70">osd/audio-settings.png</texturenofocus>
            <onfocus condition="!String.IsEmpty(Window(Home).Property(OSDExtendedInfo)) + Player.Paused">Play</onfocus>
            <onfocus condition="!String.IsEmpty(Window(Home).Property(OSDExtendedInfo))">ClearProperty(OSDExtendedInfo,Home)</onfocus>
            <onclick>ActivateWindow(osdaudiosettings)</onclick>
            <visible>VideoPlayer.Content(musicvideos)</visible>
        </control>
        <control type="button" id="41">
            <centertop>50%</centertop>
            <description>Settings</description>
            <width>48</width>
            <height>48</height>
            <label/>
            <font/>
            <texturefocus colordiffuse="$VAR[ColorHighlight]">osd/video-settings.png</texturefocus>
            <texturenofocus colordiffuse="main_fg_70">osd/video-settings.png</texturenofocus>
            <onfocus condition="!String.IsEmpty(Window(Home).Property(OSDExtendedInfo)) + Player.Paused">Play</onfocus>
            <onfocus condition="!String.IsEmpty(Window(Home).Property(OSDExtendedInfo))">ClearProperty(OSDExtendedInfo,Home)</onfocus>
            <onclick>ActivateWindow(osdvideosettings)</onclick>
            <visible>VideoPlayer.Content(musicvideos)</visible>
        </control>
        <control type="button" id="26">
            <centertop>50%</centertop>
            <description>EPG</description>
            <width>48</width>
            <height>48</height>
            <label/>
            <font/>
            <texturefocus colordiffuse="$VAR[ColorHighlight]">osd/tvguide.png</texturefocus>
            <texturenofocus colordiffuse="main_fg_70">osd/tvguide.png</texturenofocus>
            <onclick>Close</onclick>
            <onclick>ActivateWindow(tvguide,,return)</onclick>
            <onfocus condition="!String.IsEmpty(Window(Home).Property(OSDExtendedInfo)) + Player.Paused">Play</onfocus>
            <onfocus condition="!String.IsEmpty(Window(Home).Property(OSDExtendedInfo))">ClearProperty(OSDExtendedInfo,Home)</onfocus>
            <onfocus>ClearProperty(OSD_Menu,Home)</onfocus>
            <visible>Window.IsVisible(videoosd)</visible>
            <visible>VideoPlayer.Content(livetv)</visible>
        </control>
        <control type="button" id="44">
            <centertop>50%</centertop>
            <description>Channels</description>
            <width>48</width>
            <height>48</height>
            <label/>
            <font/>
            <texturefocus colordiffuse="$VAR[ColorHighlight]">special://skin/extras/icons/livetv.png</texturefocus>
            <texturenofocus colordiffuse="main_fg_70">special://skin/extras/icons/livetv.png</texturenofocus>
            <onclick>Close</onclick>
            <onclick>ActivateWindow(pvrosdchannels,,return)</onclick>
            <onfocus condition="!String.IsEmpty(Window(Home).Property(OSDExtendedInfo)) + Player.Paused">Play</onfocus>
            <onfocus condition="!String.IsEmpty(Window(Home).Property(OSDExtendedInfo))">ClearProperty(OSDExtendedInfo,Home)</onfocus>
            <onfocus>ClearProperty(OSD_Menu,Home)</onfocus>
            <visible>Window.IsVisible(videoosd)</visible>
            <visible>VideoPlayer.Content(livetv)</visible>
        </control>

        <control type="button" id="35">
            <centertop>50%</centertop>
            <description>EPG</description>
            <width>48</width>
            <height>48</height>
            <label/>
            <font/>
            <texturefocus colordiffuse="$VAR[ColorHighlight]">osd/playlist.png</texturefocus>
            <texturenofocus colordiffuse="main_fg_70">osd/playlist.png</texturenofocus>
            <onclick>Close</onclick>
            <onclick>ActivateWindow(videoplaylist)</onclick>
            <visible>Window.IsVisible(videoosd)</visible>
            <visible>Integer.IsGreater(Playlist.Length(video),1)</visible>
        </control>
       <control type="button" id="33">
            <centertop>50%</centertop>
            <description>extrainfo</description>
            <width>48</width>
            <height>48</height>
            <label/>
            <font/>
            <texturefocus colordiffuse="$VAR[ColorHighlight]">netflix/director.png</texturefocus>
            <texturenofocus colordiffuse="panel_fg_70">netflix/director.png</texturenofocus>
            <onclick>SetProperty(OSDExtendedInfo,1,Home)</onclick>
            
            <onclick>Action(Close)</onclick>

            <onclick condition="String.IsEmpty(VideoPlayer.DBID) + VideoPlayer.Content(movies) + !String.IsEmpty(VideoPlayer.IMDBNumber)">RunScript(plugin.video.themoviedb.helper,add_path=plugin://plugin.video.themoviedb.helper/?info=details&amp;type=movie&amp;imdb_id=$INFO[VideoPlayer.IMDBNumber],call_id=1137,delay=0.35)</onclick>
            <onclick condition="String.IsEmpty(VideoPlayer.DBID) + VideoPlayer.Content(movies) + String.IsEmpty(VideoPlayer.IMDBNumber)">RunScript(plugin.video.themoviedb.helper,add_path=plugin://plugin.video.themoviedb.helper/?info=details&amp;type=movie&amp;query=$INFO[Player.Title],call_id=1137,delay=0.35)</onclick>
            <onclick condition="String.IsEmpty(VideoPlayer.DBID) + [VideoPlayer.Content(tvshows) | VideoPlayer.Content(episodes)]">RunScript(plugin.video.themoviedb.helper,add_path=plugin://plugin.video.themoviedb.helper/?info=details&amp;type=tv&amp;query=$INFO[VideoPlayer.TvShowTitle],call_id=1137,delay=0.35)</onclick>


            <onclick condition="!String.IsEmpty(VideoPlayer.DBID) + VideoPlayer.Content(movies)">RunScript(plugin.video.themoviedb.helper,add_path=$INFO[Player.Title,videodb://movies/titles/?xsp=%7B%22order%22%3A%7B%22direction%22%3A%22ascending%22%2C%22ignorefolders%22%3A0%2C%22method%22%3A%22sorttitle%22%7D%2C%22rules%22%3A%7B%22and%22%3A%5B%7B%22field%22%3A%22title%22%2C%22operator%22%3A%22is%22%2C%22value%22%3A%5B%22,%22%5D%7D%5D%7D%2C%22type%22%3A%22movies%22%7D],call_id=1137,delay=0.35)</onclick>
            <onclick condition="!String.IsEmpty(VideoPlayer.DBID) + [VideoPlayer.Content(tvshows) | VideoPlayer.Content(episodes)]">RunScript(plugin.video.themoviedb.helper,add_path=$INFO[VideoPlayer.TvShowTitle,videodb://tvshows/titles/?xsp=%7B%22order%22%3A%7B%22direction%22%3A%22ascending%22%2C%22ignorefolders%22%3A0%2C%22method%22%3A%22sorttitle%22%7D%2C%22rules%22%3A%7B%22and%22%3A%5B%7B%22field%22%3A%22title%22%2C%22operator%22%3A%22is%22%2C%22value%22%3A%5B%22,%22%5D%7D%5D%7D%2C%22type%22%3A%22tvshows%22%7D],call_id=1137,delay=0.35)</onclick>

            <onfocus condition="!String.IsEmpty(Window(Home).Property(OSDExtendedInfo))">ClearProperty(OSDExtendedInfo,Home)</onfocus>
            <onfocus>ClearProperty(OSD_Menu,Home)</onfocus>
            <visible>Window.IsVisible(videoosd)</visible>
            <visible>!VideoPlayer.Content(livetv)</visible>
        </control>

        <control type="button" id="34">
            <centertop>50%</centertop>
            <description>extrainfo</description>
            <width>48</width>
            <height>48</height>
            <label/>
            <font/>
            <texturefocus colordiffuse="$VAR[ColorHighlight]">osd/actors.png</texturefocus>
            <texturenofocus colordiffuse="panel_fg_70">osd/actors.png</texturenofocus>
            <onclick condition="String.IsEmpty(Window(Home).Property(OSDInfo))">SetProperty(OSDInfo,1,Home)</onclick>
            <onclick>ActivateWindow(1122)</onclick>
            <visible>Window.IsVisible(videoosd)</visible>
            <visible>!VideoPlayer.Content(livetv)</visible>
        </control>
        <control type="button" id="31">
            <centertop>50%</centertop>
            <description>3d</description>
            <width>48</width>
            <height>48</height>
            <label/>
            <font/>
            <texturefocus colordiffuse="$VAR[ColorHighlight]">osd/3d.png</texturefocus>
            <texturenofocus colordiffuse="main_fg_70">osd/3d.png</texturenofocus>
            <onclick>StereoMode</onclick>
            <visible>VideoPlayer.IsStereoscopic</visible>
            <onfocus condition="!String.IsEmpty(Window(Home).Property(OSDExtendedInfo)) + Player.Paused">Play</onfocus>
            <onfocus condition="!String.IsEmpty(Window(Home).Property(OSDExtendedInfo))">ClearProperty(OSDExtendedInfo,Home)</onfocus>
            <onfocus>ClearProperty(OSD_Menu,Home)</onfocus>
            <visible>Window.IsVisible(videoosd)</visible>
            <visible>!VideoPlayer.Content(livetv)</visible>
        </control>
        <control type="button" id="32">
            <centertop>50%</centertop>
            <description>extrainfo</description>
            <width>48</width>
            <height>48</height>
            <label/>
            <font/>
            <texturefocus colordiffuse="$VAR[ColorHighlight]">osd/info.png</texturefocus>
            <texturenofocus colordiffuse="main_fg_70">osd/info.png</texturenofocus>
            <onclick condition="!Player.Paused + !Skin.HasSetting(DontPauseOSD)">SetProperty(OSDExtendedInfo,1,Home)</onclick>
            <onclick condition="!Player.Paused + !Skin.HasSetting(DontPauseOSD)">Pause</onclick>
            <onclick condition="VideoPlayer.Content(movies)">RunScript(script.extendedinfo,info=extendedinfo,name=$INFO[VideoPlayer.Title],imdb_id=$INFO[VideoPlayer.IMDBNumber])</onclick>
            <onclick condition="VideoPlayer.Content(episodes)">RunScript(script.extendedinfo,info=extendedtvinfo,name=$INFO[VideoPlayer.TvShowTitle])</onclick>
            <onfocus condition="!String.IsEmpty(Window(Home).Property(OSDExtendedInfo)) + Player.Paused">Play</onfocus>
            <onfocus condition="!String.IsEmpty(Window(Home).Property(OSDExtendedInfo))">ClearProperty(OSDExtendedInfo,Home)</onfocus>
            <onfocus>ClearProperty(OSD_Menu,Home)</onfocus>
            <visible>Window.IsVisible(videoosd)</visible>
            <visible>!VideoPlayer.Content(livetv)</visible>
            <visible>VideoPlayer.Content(movies) | VideoPlayer.Content(episodes)</visible>
        </control>

    </include>

    <include name="OSD_Menu_List">
        <param name="content" default="Items_OSD_Subtitles" />
        <param name="slide" default="0" />
        <param name="height" default="662" />
        <param name="id" default="3111" />
        <param name="label" default="Subtitles" />
        <param name="position" default="0,0" />
        <param name="osd_id" default="9000" />
        <definition>
            <control type="group">
                <include condition="String.IsEmpty(Window(Home).Property(OSDViewMode))">Animation_FadeIn_SlideUp</include>
                <animation effect="slide" end="$PARAM[position]" condition="true">Conditional</animation>
                <visible>Integer.IsEqual(Window(Home).Property(OSD_Menu),$PARAM[id]) + !Window.IsVisible(DialogSlider.xml)</visible>
                <control type="group">
                    <height>$PARAM[height]</height>
                    <include>Defs_Powermenu_Group</include>
                    <include>Defs_Options_Texture</include>
                </control>
                <control type="group">
                    <height>$PARAM[height]</height>
                    <include>Defs_Powermenu_Group</include>
                    <animation effect="slide" end="0,70" condition="true">Conditional</animation>
                    <!-- <animation effect="slide" end="0,$PARAM[slide]" condition="true">Conditional</animation> -->
                    <control type="label">
                        <top>-64</top>
                        <width>458</width>
                        <height>80</height>
                        <left>8</left>
                        <textcolor>dialog_fg_70</textcolor>
                        <font>font_small_bold</font>
                        <label>$PARAM[label]</label>
                        <align>left</align>
                        <textoffsetx>30</textoffsetx>
                    </control>
                    <control type="image">
                        <top>-56</top>
                        <width>458</width>
                        <height>64</height>
                        <left>-8</left>
                        <aspectratio align="right">keep</aspectratio>
                        <texture colordiffuse="dialog_fg_70">special://skin/extras/icons/kodi.png</texture>
                    </control>
                    <control type="panel" id="$PARAM[id]">
                        <onleft>ClearProperty(OSD_Menu,Home)</onleft>
                        <onright>ClearProperty(OSD_Menu,Home)</onright>
                        <onback>ClearProperty(OSD_Menu,Home)</onback>
                        <onfocus>SetProperty(OSD_Menu,3112,Home)</onfocus>
                        <onleft>$PARAM[osd_id]</onleft>
                        <onright>$PARAM[osd_id]</onright>
                        <onback>$PARAM[osd_id]</onback>
                        <bottom>86</bottom>
                        <include>Defs_Options_Grouplist</include>
                        <itemlayout width="450" height="70">
                            <control type="label">
                                <font>font_tiny</font>
                                <align>left</align>
                                <left>30</left>
                                <aligny>center</aligny>
                                <textcolor>dialog_fg_70</textcolor>
                                <label>[CAPITALIZE]$INFO[ListItem.Label][/CAPITALIZE]</label>
                            </control>
                        </itemlayout>
                        <focusedlayout width="450" height="70">
                            <control type="image">
                                <texture colordiffuse="$VAR[ColorHighlight]">common/white.png</texture>
                            </control>
                            <control type="image">
                                <texture colordiffuse="$VAR[ColorHighlight2]">common/gradient-diffuse-horizontal.png</texture>
                            </control>
                            <control type="label">
                                <font>font_tiny</font>
                                <align>left</align>
                                <left>30</left>
                                <aligny>center</aligny>
                                <textcolor>Selected</textcolor>
                                <label>[CAPITALIZE]$INFO[ListItem.Label][/CAPITALIZE]</label>
                            </control>
                        </focusedlayout>
                        <include>$PARAM[content]</include>
                    </control>
                </control>
            </control>
        </definition>
    </include>
</includes>
