<?xml version="1.0" encoding="utf-8" standalone="yes"?>
<colors>
	<color name="ff283ba8">ff283ba8</color>
	<color name="ff287ba8">ff287ba8</color>
	<color name="ff28a855">ff28a855</color>
	<color name="ff28a895">ff28a895</color>
	<color name="ff3ba828">ff3ba828</color>
	<color name="ff5528a8">ff5528a8</color>
	<color name="ff7ba828">ff7ba828</color>
	<color name="ff9528a8">ff9528a8</color>
	<color name="ffa8283b">ffa8283b</color>
	<color name="ffa8287b">ffa8287b</color>
	<color name="ffa85528">ffa85528</color>
	<color name="ffa89528">ffa89528</color>
	<color name="ffe5b535">ffe5b535</color>
	<color name="ffbce535">ffbce535</color>
	<color name="ff64e535">ff64e535</color>
	<color name="ff35e55e">ff35e55e</color>
	<color name="ff35bce5">ff35bce5</color>
	<color name="ff0385b5">ff0385b5</color>
	<color name="ff3564e5">ff3564e5</color>
	<color name="ff5e35e5">ff5e35e5</color>
	<color name="ffb635e5">ffb635e5</color>
	<color name="ffe535bc">ffe535bc</color>
	<color name="ffe53564">ffe53564</color>
	<color name="ffe55e35">ffe55e35</color>
</colors>