<?xml version='1.0' encoding='UTF-8'?>
<shortcuts>
	<shortcut>
		<defaultID>moviecategorieshub</defaultID>
		<label>Movie Categories</label>
		<label2>Custom item</label2>
		<icon>special://skin/extras/icons/clipboard.png</icon>
		<thumb>special://skin/extras/icons/sort.png</thumb>
		<action>ActivateWindow(2112,return)</action>
	</shortcut>
	<shortcut>
		<defaultID>moviequackfxhub</defaultID>
		<label>Movie QuackFX Hub </label>
		<label2 />
		<icon>special://skin/extras/icons/film.png</icon>
		<thumb />
		<action>ActivateWindow(3920,return)</action>
	</shortcut>
	<shortcut>
		<defaultID>movienetflixhub</defaultID>
		<label>Movie Netflix Hub</label>
		<label2 />
		<icon>special://skin/extras/icons/film.png</icon>
		<thumb />
		<action>ActivateWindow(3820,return)</action>
	</shortcut>
</shortcuts>
