<?xml version="1.0" encoding="utf-8"?>
<!--QuackFX-->
<window type="buttonMenu">
    <defaultcontrol always="true">9001</defaultcontrol>
	<onload>SetProperty(shutdownmenuactive,true,Home)</onload>
	<onunload>ClearProperty(shutdownmenuactive,Home)</onunload>
    <onload>Dialog.Close(busydialognocancel)</onload>
    <allowoverlay>no</allowoverlay>
    <controls>
	
	<include>DialogOverlayExtra</include>


	<!-- hidden button to exit dialog in touchscreen mode -->
	<control type="button">
		<posx>0</posx>
		<posy>0</posy>
		<width>100%</width>
		<height>100%</height>
		<align>center</align>
		<aligny>center</aligny>
		<font>Light28</font>
		<label/>
		<textcolor/>
		<focusedcolor/>
		<disabledcolor/>
		<texturefocus>colors/color_transparent.png</texturefocus>
		<texturenofocus/>
		<onclick>back</onclick>
		<visible>Skin.HasSetting(EnableTouchSupport)</visible>
	</control>
    
    <control type="button" id="9001">
        <description>Make sure we hit the first button in the group list and not the close window button</description>
        <left>-16</left>
        <top>-16</top>
        <width>4</width>
        <height>4</height>
        <label/>
        <font/>
        <onfocus>3110</onfocus>
        <texturefocus/>
        <texturenofocus/>
        <onleft>3110</onleft>
        <onright>3110</onright>
        <onup>3110</onup>
        <ondown>3110</ondown>
        <onfocus>SetFocus(3110)</onfocus>
    </control>
	
	
	 <control type="group">
		<bottom>0</bottom>
		<height>110</height>
		
		<include condition="!skin.hastheme(skindefault)">animation_dialog_button</include>
		<include condition="skin.hastheme(skindefault)">animation_dialog_button_modern</include>
	 
        <!--Panel-->
        <control type="image">
            <posx>60</posx>
            <posy>0</posy>
            <width>1800</width>
            <height>120</height>
            <texture border="15">diffuse/bgpanel.png</texture>
			<colordiffuse>$INFO[Skin.String(FooterPanelColor)]</colordiffuse>
			<visible>skin.hastheme(classic)</visible>
        </control>
        <control type="image">
            <posx>60</posx>
            <posy>0</posy>
            <width>1800</width>
            <height>120</height>
            <texture border="15">diffuse/bgpanel.png</texture>
			<colordiffuse>$INFO[Skin.String(GeneralPanelsColor)]</colordiffuse>
			<visible>skin.hastheme(modern_rounded)</visible>
        </control>
		
		<control type="image">
			<posx>0</posx>
			<bottom>0</bottom>
			<width>100%</width>
			<height>110</height>
			<texture border="15">diffuse/bgpanel.png</texture>
			<colordiffuse>$INFO[Skin.String(GeneralPanelsColor)]</colordiffuse>
			<visible>skin.hastheme(skindefault)</visible>
		</control>
		
		
        <!--Menu-Label-->
		<control type="label">
			<posx>130</posx>
			<label>$INFO[Container(3110).ListItem.Label]</label>
			<width>560</width>
			<height>110</height>
			<align>left</align>
			<aligny>center</aligny>
			<font>Reg42</font>
			<textcolor>$INFO[Skin.String(GeneralTextColor)]</textcolor>
			<animation effect="fade" time="250" delay="250">Visible</animation>
        </control>
        <!--Button Grouplist-->
        <control type="list" id="3110">
            <posx>720</posx>
            <posy>25</posy>
            <width>1130</width>
            <height>75</height>
            <align>center</align>
			<onup>Dialog.Close(shutdownmenu)</onup>
			<ondown>Dialog.Close(shutdownmenu)</ondown>
			<onup>300</onup>
			<ondown>300</ondown>
			<onback>300</onback>
            <orientation>horizontal</orientation>
            <focusposition/>
            <scrolltime tween="cubic" easing="inout">500</scrolltime>
			<itemlayout width="170" height="64">
				<control type="image">
					<width>64</width>
					<height>64</height>
					<texture background="true">$INFO[ListItem.Icon]</texture>
					<colordiffuse>$INFO[Skin.String(GeneralTextColor)]</colordiffuse>
                    <animation end="50" effect="fade" time="0" delay="0" condition="true">Conditional</animation>
				</control>
			</itemlayout>
			<focusedlayout width="170" height="64">
				<control type="image">
					<width>64</width>
					<height>64</height>
					<texture background="true">$INFO[ListItem.Icon]</texture>
					<colordiffuse>$INFO[Skin.String(HomeViewDetailsFocusColor)]</colordiffuse>
				</control>
			</focusedlayout>
			<content>
				<include condition="!Window.IsActive(loginscreen)">skinshortcuts-group-powermenu</include>
                <!-- shutdown menu options for loginscreen -->
                <item id="997">
                    <label>$LOCALIZE[13009]</label>
                    <icon>common/exit1.png</icon>
                    <visible>System.ShowExitButton + Window.IsActive(loginscreen)</visible>
                    <onclick condition="Window.IsActive(shutdownmenu)">Close</onclick>
                    <onclick>Quit()</onclick>
                </item>
                <item id="998">
                    <property name="id">$NUM[4]</property>
                    <label>$LOCALIZE[13005]</label>
                    <icon>common/shutdown1.png</icon>
                    <visible>System.CanPowerDown + Window.IsActive(loginscreen)</visible>
                    <onclick condition="Window.IsActive(shutdownmenu)">Close</onclick>
                    <onclick>PowerDown</onclick>
                </item>
                <item id="999">
                    <label>$LOCALIZE[13013]</label>
                    <icon>common/reboot1.png</icon>
                    <visible>System.CanReboot + Window.IsActive(loginscreen)</visible>
                    <onclick condition="Window.IsActive(shutdownmenu)">Close</onclick>
                    <onclick>Reboot</onclick>
                </item>
            </content>
        </control>
	 </control>
    </controls>
</window>