<?xml version='1.0' encoding='UTF-8'?>
<shortcuts>
	<shortcut>
		<defaultID>1037</defaultID>
		<label>1037</label>
		<label2 />
		<icon>resource://resource.images.skinicons.wide/videoaddons.png</icon>
		<thumb />
		<action>ActivateWindow(Videos,addons,return)</action>
	</shortcut>
	<shortcut>
		<defaultID>1038</defaultID>
		<label>1038</label>
		<label2 />
		<icon>resource://resource.images.skinicons.wide/music.png</icon>
		<thumb />
		<action>ActivateWindow(10502,addons://sources/audio/,return)</action>
	</shortcut>
	<shortcut>
		<defaultID>1039</defaultID>
		<label>1039</label>
		<label2 />
		<icon>resource://resource.images.skinicons.wide/pictures.png</icon>
		<thumb />
		<action>ActivateWindow(Pictures,Addons,return)</action>
	</shortcut>
	<shortcut>
		<defaultID>1043</defaultID>
		<label>1043</label>
		<label2 />
		<icon>resource://resource.images.skinicons.wide/programs.png</icon>
		<thumb />
		<action>ActivateWindow(Programs,Addons,return)</action>
	</shortcut>
</shortcuts>
