<window>
    <defaultcontrol always="true">9000</defaultcontrol>
    <controls>
        <include>DialogOverlayExtra</include>
        
        <control type="group">
            <include>animation_window_open_close</include>
            <posx>367</posx>
            <posy>236</posy>
            <width>1190</width>
            <height>690</height>
            <!-- background panel -->
			<control type="image">
				<texture border="15">diffuse/bgpanel.png</texture>
				<colordiffuse>GeneralPanelsColor</colordiffuse>
			</control>
			<control type="image">
				<texture border="15">diffuse/bgpanel.png</texture>
				<bordersize>10</bordersize>
				<colordiffuse>GeneralPanelsColor</colordiffuse>
			</control>
            <control type="image">
                <posx>48</posx>
                <posy>79</posy>
                <width>1094</width>
                <height>481</height>
                <texture border="5">dialogs/default/inner.png</texture>
            </control>
            
            <!--Header-->
			<control type="label">
				<description>Heading</description>
				<posx>0</posx>
				<posy>0</posy>
				<width>1190</width>
				<height>80</height>
				<label>$ADDON[adsp.freesurround 30011]</label>
				<include>DialogHeader_Alt</include>
				<align>center</align>
				<wrapmultiline>true</wrapmultiline>
			</control>
            <control type="grouplist" id="9000">
                <posx>60</posx>
				<posy>100</posy>
				<width>1070</width>
                <height>450</height>
                <onright>60</onright>
                <onup>10000</onup>
                <ondown>10000</ondown>
                <onleft>10000</onleft>
                <pagecontrol>60</pagecontrol>
                
                <control type="sliderex" id="41">
                    <description>Circular wrap</description>
                    <width>1070</width>
                    <align>left</align>
                    <label>$ADDON[adsp.freesurround 30018]</label>
                </control>
                <control type="sliderex" id="42">
                    <description>Shift</description>
                    <width>1070</width>
                    <align>left</align>
                    <label>$ADDON[adsp.freesurround 30020]</label>
                </control>
                <control type="sliderex" id="43">
                    <width>1070</width>
                    <align>left</align>
                    <label>$ADDON[adsp.freesurround 30013]</label>
                </control>
                <control type="sliderex" id="44">
                    <description>Focus</description>
                    <width>1070</width>
                    <align>left</align>
                    <label>$ADDON[adsp.freesurround 30014]</label>
                </control>
                <control type="sliderex" id="45">
                    <description>front seperation</description>
                    <width>1070</width>
                    <align>left</align>
                    <label>$ADDON[adsp.freesurround 30016]</label>
                </control>
                <control type="sliderex" id="46">
                    <description>rear seperation</description>
                    <width>1070</width>
                    <align>left</align>
                    <label>$ADDON[adsp.freesurround 30017]</label>
                </control>
                
            </control>
            
            <control type="scrollbar" id="60">
				<posx>1520</posx>
				<posy>315</posy>
				<height>480</height>
				<onup>60</onup>
				<ondown>60</ondown>
				<onleft>9000</onleft>
				<animation effect="fade" start="0" end="100" time="400" condition="Control.HasFocus(60) | Skin.HasSetting(EnableTouchSupport) | Container.Scrolling | Skin.HasSetting(alwaysShowScrollbars)">Conditional</animation>
				<animation effect="fade" start="100" end="0" time="400" condition="![Control.HasFocus(60) | Skin.HasSetting(EnableTouchSupport) | Container.Scrolling | Skin.HasSetting(alwaysShowScrollbars)]">Conditional</animation>
			</control>
			
            <!--Buttons-->
            <control type="grouplist" id="10000">
				<posx>40</posx>
				<bottom>20</bottom>
				<width>1070</width>
				<height>80</height>
				<orientation>horizontal</orientation>
				<onup>9000</onup>
                <ondown>9000</ondown>
                <onleft>10000</onleft>
                <onright>10000</onright>
                <control type="button" id="1">
                    <description>OK</description>
					<left>0</left>
                    <label>186</label>
                    <width>300</width>
                    <include>DialogButtonOther</include>
                    <height>80</height>
					<onright>7</onright>
                </control>
                <control type="button" id="2">
                    <right>0</right>
                    <description>Cancel</description>
                    <label>222</label>
                    <width>300</width>
                    <include>DialogButtonOther</include>
                    <height>80</height>
                </control>
                <control type="button" id="5">
                    <right>0</right>
                    <description>Default</description>
                    <label>409</label>
                    <width>300</width>
                    <include>DialogButtonOther</include>
                    <height>80</height>
                </control>
            </control>
        </control>
    </controls>
</window>
