<?xml version="1.0" encoding="utf-8"?>
<!--QuackFX-->
<window>
    <defaultcontrol always="true"/>
    <allowoverlay>no</allowoverlay>
    <controls>
        <control type="group">
		
            <animation type="WindowOpen" condition="!Player.Muted">
                <effect type="slide" start="200,0" end="0,0" time="400" tween="cubic" easing="inout" delay="0" />
            </animation>
            <animation type="WindowClose" condition="!Player.Muted">
                <effect type="slide" start="0,0" end="200,0" time="400" tween="cubic" easing="inout" delay="0" />
            </animation>
			
			<control type="image">
                <visible>player.passthrough</visible>
                <right>20</right>
				<top>-30</top>
				<width>200</width>
				<height>200</height>
                <texture colordiffuse="OSDButtonsColor">dialogs/volume/passthrough.png</texture>
            </control>
			
			<control type="image">
                <visible>[String.Contains(Player.Volume,-60.0) | Player.Muted] + !player.passthrough</visible>
                <right>20</right>
				<top>-30</top>
				<width>200</width>
				<height>200</height>
                <texture colordiffuse="EEFF0000">dialogs/volume/modern/muted.png</texture>
            </control>
			
            <control type="group">
                <visible>![String.Contains(Player.Volume,-60.0) | Player.Muted] + !player.passthrough</visible>
				
				<!-- Volume Indicator Modern -->
				<control type="group">
					<control type="image">
						<right>20</right>
						<top>-30</top>
						<width>200</width>
						<height>200</height>
						<texture colordiffuse="OSDPanelColor">dialogs/volume/modern/bottom-panel.png</texture>
						<animation effect="fade" end="35" time="0" condition="true">Conditional</animation>
					</control>
					
					<control type="image">
						<right>20</right>
						<top>-30</top>
						<width>200</width>
						<height>200</height>
						<texture colordiffuse="OSDButtonsColor">dialogs/volume/modern/icon.png</texture>
						<animation effect="fade" end="40" time="0" condition="true">Conditional</animation>
					</control>

					<control type="image">
						<right>20</right>
						<top>-30</top>
						<width>200</width>
						<height>200</height>
						<texture colordiffuse="OSDButtonsFocusColor">dialogs/volume/modern/icon.png</texture>
						<animation effect="fade" end="20" time="0" condition="true">Conditional</animation>
					</control>
					
					<control type="image">
						<right>20</right>
						<top>-30</top>
						<width>200</width>
						<height>200</height>
						<texture>dialogs/volume/modern/back.png</texture>
						<include>Fade10</include>
					</control>

					<control type="image">
						<right>20</right>
						<top>-30</top>
						<width>200</width>
						<height>200</height>
						<texture colordiffuse="OSDButtonsFocusColor">dialogs/volume/modern/p$INFO[Control.GetLabel(1)].png</texture>
						<visible>Integer.IsGreater(Player.Volume,90)</visible>
						<include>Fade100</include>
					</control>
					
					<control type="image">
						<right>20</right>
						<top>-30</top>
						<width>200</width>
						<height>200</height>
						<texture colordiffuse="OSDButtonsFocusColor">dialogs/volume/modern/p$INFO[Control.GetLabel(1)].png</texture>
						<visible>Integer.IsGreater(Player.Volume,80) + !Integer.IsGreater(Player.Volume,90)</visible>
						<include>Fade90</include>
					</control>
					
					<control type="image">
						<right>20</right>
						<top>-30</top>
						<width>200</width>
						<height>200</height>
						<texture colordiffuse="OSDButtonsFocusColor">dialogs/volume/modern/p$INFO[Control.GetLabel(1)].png</texture>
						<visible>Integer.IsGreater(Player.Volume,70) + !Integer.IsGreater(Player.Volume,80)</visible>
						<include>Fade80</include>
					</control>
					
					<control type="image">
						<right>20</right>
						<top>-30</top>
						<width>200</width>
						<height>200</height>
						<texture colordiffuse="OSDButtonsFocusColor">dialogs/volume/modern/p$INFO[Control.GetLabel(1)].png</texture>
						<visible>Integer.IsGreater(Player.Volume,60) + !Integer.IsGreater(Player.Volume,70)</visible>
						<include>Fade70</include>
					</control>
					
					<control type="image">
						<right>20</right>
						<top>-30</top>
						<width>200</width>
						<height>200</height>
						<texture colordiffuse="OSDButtonsFocusColor">dialogs/volume/modern/p$INFO[Control.GetLabel(1)].png</texture>
						<visible>Integer.IsGreater(Player.Volume,50) + !Integer.IsGreater(Player.Volume,60)</visible>
						<include>Fade60</include>
					</control>
					
					<control type="image">
						<right>20</right>
						<top>-30</top>
						<width>200</width>
						<height>200</height>
						<texture colordiffuse="OSDButtonsFocusColor">dialogs/volume/modern/p$INFO[Control.GetLabel(1)].png</texture>
						<visible>Integer.IsGreater(Player.Volume,40) + !Integer.IsGreater(Player.Volume,50)</visible>
						<include>Fade50</include>
					</control>
					
					<control type="image">
						<right>20</right>
						<top>-30</top>
						<width>200</width>
						<height>200</height>
						<texture colordiffuse="OSDButtonsFocusColor">dialogs/volume/modern/p$INFO[Control.GetLabel(1)].png</texture>
						<visible>Integer.IsGreater(Player.Volume,30) + !Integer.IsGreater(Player.Volume,40)</visible>
						<include>Fade40</include>
					</control>
					
					<control type="image">
						<right>20</right>
						<top>-30</top>
						<width>200</width>
						<height>200</height>
						<texture colordiffuse="OSDButtonsFocusColor">dialogs/volume/modern/p$INFO[Control.GetLabel(1)].png</texture>
						<visible>Integer.IsGreater(Player.Volume,20) + !Integer.IsGreater(Player.Volume,30)</visible>
						<include>Fade30</include>
					</control>
					
					<control type="image">
						<right>20</right>
						<top>-30</top>
						<width>200</width>
						<height>200</height>
						<texture colordiffuse="OSDButtonsFocusColor">dialogs/volume/modern/p$INFO[Control.GetLabel(1)].png</texture>
						<visible>Integer.IsGreater(Player.Volume,10) + !Integer.IsGreater(Player.Volume,20)</visible>
						<include>Fade20</include>
					</control>
					
					<control type="image">
						<right>20</right>
						<top>-30</top>
						<width>200</width>
						<height>200</height>
						<texture colordiffuse="OSDButtonsFocusColor">dialogs/volume/modern/p$INFO[Control.GetLabel(1)].png</texture>
						<visible>!Integer.IsGreater(Player.Volume,10)</visible>
						<include>Fade10</include>
					</control>
					
					<control type="label">
						<right>20</right>
						<top>-30</top>
						<width>200</width>
						<height>200</height>
						<aligny>center</aligny>
						<align>center</align>
						<font>Bold40</font>
						<label>$INFO[Control.GetLabel(1)]</label>
						<visible>!Integer.IsGreater(player.volume,99)</visible>
						<textcolor>OSDPrimaryTextColor</textcolor>
						<shadowcolor>OSDPrimaryTextShadowColor</shadowcolor>
					</control>
					
					<control type="label">
						<right>20</right>
						<top>-30</top>
						<width>200</width>
						<height>200</height>
						<aligny>center</aligny>
						<align>center</align>					
						<font>Bold40</font>
						<label>$INFO[Control.GetLabel(1)]</label>
						<visible>Integer.IsGreater(player.volume,99)</visible>
						<textcolor>OSDPrimaryTextColor</textcolor>
						<shadowcolor>OSDPrimaryTextShadowColor</shadowcolor>
					</control>
				</control>

			<control type="progress" id="1">
                <info>Player.Volume</info>
                <animation effect="fade" end="0" condition="true">Conditional</animation>
            </control>
				
            </control>
        </control>
    </controls>
</window>
