<?xml version="1.0" encoding="utf-8"?>
<!--QuackFX-->
<includes>

    <include name="DefaultSkinSettings">
        <include condition="!Skin.HasSetting(HomeMenuDefaults46) | String.IsEmpty(Window(Home).Property(startupDone))">DefaultSkinSettingsValues</include>
        <!-- initialize some addons on startup -->
        <include condition="String.IsEmpty(Window(Home).Property(startupDone))">startupskinsettingsvalues</include>
        <!-- correct some stuff on theme switch -->
        <onload condition="Skin.HasTheme(classic) + !Skin.String(mediaflagsstyle,classic)">Skin.SetString(mediaflagsstyle,classic)</onload>
        <onload condition="Skin.HasTheme(classic) + !Skin.String(osdmediaflagsstyle,classic)">Skin.SetString(osdmediaflagsstyle,classic)</onload>
    </include>

    <include name="startupskinsettingsvalues">
        <!-- initialize 3th party addons -->
        <onload condition="System.HasAddon(script.games.rom.collection.browser)">RunScript(script.games.rom.collection.browser,limit=10)</onload>
        <onload>SetProperty(startupDone,loaded,Home)</onload>
    </include>

    <include name="DefaultSkinSettingsValues">

        <!-- various default settings  -->
        <!-- allow override
        <onload condition="!Skin.HasSetting(HomeMenuDefaults46)">Skin.SetBool(UseSectionBackground)</onload>
        -->
		
		
		<!-- homescreen layout -->
		<onload condition="!Skin.HasSetting(HomeMenuDefaults46)">Skin.SetBool(NetflixHomeShowLargeThumb)</onload>
        <!-- homescreen options -->
		<onload condition="!Skin.HasSetting(HomeMenuDefaults46)">Skin.SetBool(EnhancedHome_Circular)</onload>
        <onload condition="!Skin.HasSetting(HomeMenuDefaults46)">Skin.SetBool(widgetszoomfocus)</onload>
        
		
		<!-- background settings -->
		<onload condition="!Skin.String(BackgroundOverlayTexture.label)">Skin.SetString(BackgroundOverlayTexture.label,Default)</onload>
        <onload condition="!Skin.String(BackgroundOverlayTexture.label)">Skin.SetString(BackgroundOverlayTexture,overlay/Black.png)</onload>
        <onload condition="!Skin.String(BackgroundOverlayColor)">Skin.SetString(BackgroundOverlayColor,None)</onload>
        <onload condition="!Skin.String(BackgroundOverlayColor.name)">Skin.SetString(BackgroundOverlayColor.name,None)</onload>
        <onload condition="!Skin.String(BackgroundOverlayColor.base)">Skin.SetString(BackgroundOverlayColor.base,None)</onload>
        <onload condition="!Skin.String(BackgroundDiffuseColor)">Skin.SetString(BackgroundDiffuseColor,None)</onload>
        <onload condition="!Skin.String(BackgroundDiffuseColor.name)">Skin.SetString(BackgroundDiffuseColor.name,None)</onload>
		
		<!-- media library views -->
        <onload condition="!Skin.HasSetting(HomeMenuDefaults46)">Skin.SetBool(ShowFanartBackground)</onload>
		<onload condition="!Skin.HasSetting(HomeMenuDefaults46)">Skin.SetBool(disablelandscapethumbs)</onload>
		<onload condition="!Skin.HasSetting(HomeMenuDefaults46)">Skin.SetBool(enableanimatedposters)</onload>
		<onload condition="!Skin.HasSetting(HomeMenuDefaults46)">Skin.SetBool(AnimatedFanart)</onload>
		<onload condition="!Skin.HasSetting(HomeMenuDefaults46)">Skin.SetBool(EnableFakeDiscArt)</onload>
		<onload condition="!Skin.HasSetting(HomeMenuDefaults46)">Skin.SetBool(StudioInFooter)</onload>
        <onload condition="!Skin.HasSetting(HomeMenuDefaults46)">Skin.SetBool(IMDBRatingInFooter)</onload>
        <onload condition="!Skin.HasSetting(HomeMenuDefaults46)">Skin.SetBool(RTRatingInFooter)</onload>
        <onload condition="!Skin.HasSetting(HomeMenuDefaults46)">Skin.SetBool(TVdbTMdbRatingInFooter)</onload>
        <onload condition="!Skin.HasSetting(HomeMenuDefaults46)">Skin.SetBool(DisableSideBladeIndicator)</onload>
        <!-- video information -->
		<onload condition="!Skin.HasSetting(HomeMenuDefaults46)">Skin.SetBool(useextendedinfodialog)</onload>
		<!-- watched indicators -->
		<onload condition="!Skin.String(WatchedIndicator.Watched)">Skin.SetBool(WatchedIndicator.Watched)</onload>
		<onload condition="!Skin.String(WatchedIndicator.Progress.Color)">Skin.SetBool(WatchedIndicator.Progress)</onload>
        <onload condition="!Skin.String(WatchedIndicator.Sets.Color)">Skin.SetBool(WatchedIndicator.Sets)</onload>
		<onload condition="!Skin.HasSetting(HomeMenuDefaults46)">Skin.SetBool(WatchedIndicator.Playing)</onload>
        
        
		<!-- forced views -->
		<onload condition="!Skin.HasSetting(HomeMenuDefaults46)">Skin.SetBool(skinhelper.forcedviews.enabled)</onload>
		<onload condition="!Skin.String(SkinHelper.ForcedViews.movies)">Skin.SetString(SkinHelper.ForcedViews.movies,523)</onload>
        <onload condition="!Skin.String(SkinHelper.ForcedViews.tvshows)">Skin.SetString(SkinHelper.ForcedViews.tvshows,523)</onload>
        <onload condition="!Skin.String(SkinHelper.ForcedViews.seasons)">Skin.SetString(SkinHelper.ForcedViews.seasons,513)</onload>
        <onload condition="!Skin.String(SkinHelper.ForcedViews.episodes)">Skin.SetString(SkinHelper.ForcedViews.episodes,506)</onload>
        <onload condition="!Skin.String(SkinHelper.ForcedViews.sets)">Skin.SetString(SkinHelper.ForcedViews.sets,50)</onload>
        <onload condition="!Skin.String(SkinHelper.ForcedViews.setmovies)">Skin.SetString(SkinHelper.ForcedViews.setmovies,50)</onload>
        <onload condition="!Skin.String(SkinHelper.ForcedViews.addons)">Skin.SetString(SkinHelper.ForcedViews.addons,50)</onload>
        <onload condition="!Skin.String(SkinHelper.ForcedViews.files.addons)">Skin.SetString(SkinHelper.ForcedViews.files.addons,50)</onload>
        
		
		<!-- playback & osd -->
		<onload condition="!Skin.HasSetting(HomeMenuDefaults46)">Skin.SetBool(EnableOSDInfo)</onload>
        <onload condition="!Skin.HasSetting(HomeMenuDefaults46)">Skin.SetBool(EnableOSDInfoMediaFlags)</onload>
        <onload condition="!Skin.HasSetting(HomeMenuDefaults46)">Skin.SetString(SkinHelper.ShowInfoAtPlaybackStart, 6)</onload>
        <onload condition="!Skin.HasSetting(HomeMenuDefaults46)">Skin.SetBool(OSDShowInfoOnPause)</onload>
		<onload condition="!Skin.HasSetting(HomeMenuDefaults46)">Skin.SetBool(OSDLargeSeekingLabel)</onload>
		<onload condition="!Skin.HasSetting(HomeMenuDefaults46)">Skin.SetBool(EnableBufferingProgressOSD)</onload>
        <onload condition="!Skin.HasSetting(HomeMenuDefaults46)">Skin.SetString(SkinHelper.AutoCloseVideoOSD, 4)</onload>
        <onload condition="!Skin.HasSetting(HomeMenuDefaults46)">Skin.SetBool(OSDShowClearArt)</onload>
        <onload condition="!Skin.HasSetting(HomeMenuDefaults46)">Skin.SetBool(OSDShowClearLogo)</onload>
        <!-- music playback -->
		<onload condition="!Skin.HasSetting(HomeMenuDefaults46)">Skin.SetBool(enableArtistBio)</onload>
        <onload condition="!Skin.HasSetting(HomeMenuDefaults46)">Skin.SetString(SkinHelper.AutoCloseMusicOSD, 4)</onload>
        <!-- now playing infobar/background -->
		
		<!-- general skin settings -->
		<onload condition="!Skin.HasSetting(HomeMenuDefaults46)">Skin.SetBool(useExtendedWeatherScreen)</onload>
		<onload condition="!Skin.String(SkinHelper.SpinnerTexture.label)">Skin.SetString(SkinHelper.SpinnerTexture.Path, busy_spinner/)</onload>
        <onload condition="!Skin.String(SkinHelper.SpinnerTexture.label)">Skin.SetString(SkinHelper.SpinnerTexture.Label,Default)</onload>
        <!-- advanced settings -->
		<onload condition="!Skin.String(WeatherIconPack.name)">Skin.SetString(WeatherIconPack.name, Weather Icons - Coloured)</onload>
        <onload condition="!Skin.String(WeatherIconPack.label)">Skin.SetString(WeatherIconPack.label, Weather Icons - Coloured)</onload>
        <onload condition="!Skin.String(WeatherIconPack.path)">Skin.SetString(WeatherIconPack.path, resource://resource.images.weathericons.coloured/)</onload>
        <onload condition="!Skin.String(WeatherIconPack)">Skin.SetString(WeatherIconPack, resource://resource.images.weathericons.coloured/)</onload>
        <onload condition="!Skin.String(WeatherFanArtPack.name)">Skin.SetString(WeatherFanArtPack.name, Weather Fanart - Single)</onload>
        <onload condition="!Skin.String(WeatherFanArtPack.label)">Skin.SetString(WeatherFanArtPack.label, Weather Fanart - Single)</onload>
        <onload condition="!Skin.String(WeatherFanArtPack.path)">Skin.SetString(WeatherFanArtPack.path, resource://resource.images.weatherfanart.single/)</onload>
        <onload condition="!Skin.String(WeatherFanArtPack)">Skin.SetString(WeatherFanArtPack, resource://resource.images.weatherfanart.single/)</onload>
        <onload condition="!Skin.String(SkinHelper.StudioLogos.name)">Skin.SetString(SkinHelper.StudioLogos.name, Studio Icons - Coloured)</onload>
        <onload condition="!Skin.String(SkinHelper.StudioLogos.label)">Skin.SetString(SkinHelper.StudioLogos.label, Studio Icons - Coloured)</onload>
        <onload condition="!Skin.String(SkinHelper.StudioLogos.path)">Skin.SetString(SkinHelper.StudioLogos.path, resource://resource.images.studios.coloured/)</onload>
        <onload condition="!Skin.String(SkinHelper.StudioLogos)">Skin.SetString(SkinHelper.StudioLogos, resource://resource.images.studios.coloured/)</onload>
        <onload condition="!Skin.HasSetting(HomeMenuDefaults46)">Skin.SetBool(SkinHelper.StudioLogos.multi)</onload>
        
		<onload condition="!Skin.HasSetting(HomeMenuDefaults46)">Skin.SetBool(preferclearartoverlandscape)</onload>
        <onload condition="!Skin.HasSetting(HomeMenuDefaults46)">Skin.SetBool(SkinHelper.EnableExtendedArt)</onload>
		<onload condition="!Skin.HasSetting(HomeMenuDefaults46)">Skin.SetBool(autoyoutubetrailer)</onload>
		<onload condition="!Skin.String(autoyoutubetrailer)">Skin.SetString(autoyoutubetrailer, true)</onload>
        <onload condition="!Skin.HasSetting(HomeMenuDefaults46)">Skin.SetBool(ShowLabelsPosterEpisodes)</onload>
        
		
		<!-- smart shortcuts -->
		<onload condition="!Skin.HasSetting(HomeMenuDefaults46)">Skin.SetBool(SmartShortcuts.emby)</onload>
        <onload condition="!Skin.HasSetting(HomeMenuDefaults46)">Skin.SetBool(SmartShortcuts.plex)</onload>
        <onload condition="!Skin.HasSetting(HomeMenuDefaults46)">Skin.SetBool(SmartShortcuts.netflix)</onload>
        <onload condition="!Skin.HasSetting(HomeMenuDefaults46)">Skin.SetBool(SmartShortcuts.playlists)</onload>
        
		
		<!-- view settings -->
		<onload condition="!Skin.HasSetting(HomeMenuDefaults46)">Skin.SetBool(DetailsShowFanart)</onload>
        <onload condition="!Skin.HasSetting(HomeMenuDefaults46)">Skin.SetBool(View502_ShowCDart)</onload>
        <onload condition="!Skin.HasSetting(HomeMenuDefaults46)">Skin.SetBool(View514_ShowCDart)</onload>
        <onload condition="!Skin.HasSetting(HomeMenuDefaults46)">Skin.SetBool(View513_ShowCDart)</onload>
        <onload condition="!Skin.HasSetting(HomeMenuDefaults46)">Skin.SetBool(View508_ShowCDart)</onload>
        <onload condition="!Skin.HasSetting(HomeMenuDefaults46)">Skin.SetBool(View58_ShowCDart)</onload>
        <onload condition="!Skin.HasSetting(HomeMenuDefaults46)">Skin.SetBool(PanelViewShowInfo)</onload>
        <onload condition="!Skin.HasSetting(HomeMenuDefaults46)">Skin.SetBool(ShowlabelsLandscape)</onload>
        <onload condition="!Skin.HasSetting(HomeMenuDefaults46)">Skin.SetBool(AnimateDiscArt)</onload>
		<onload condition="!Skin.HasSetting(HomeMenuDefaults46)">Skin.SetBool(View523_DetailsShowFanart)</onload>
        <onload condition="!Skin.HasSetting(HomeMenuDefaults46)">Skin.SetBool(view_523_horizontalnavigation)</onload>
        <onload condition="!Skin.HasSetting(HomeMenuDefaults46)">Skin.SetBool(View523_EnableZoomEffect)</onload>
        <onload condition="!Skin.HasSetting(HomeMenuDefaults46)">Skin.SetBool(View525_HidePanel)</onload>
        <onload condition="!Skin.HasSetting(HomeMenuDefaults46)">Skin.SetBool(View59_DetailsShowFanart)</onload>
        
        
		<!-- pvr settings -->
		<onload condition="!Skin.HasSetting(HomeMenuDefaults46)">Skin.SetBool(PVRShowPreview)</onload>
        <onload condition="!Skin.HasSetting(HomeMenuDefaults46)">Skin.SetBool(PVRGuideBackSideblade)</onload>
        <onload condition="!Skin.HasSetting(HomeMenuDefaults46)">Skin.SetBool(SkinHelper.EnablePVRThumbs)</onload>
        <onload condition="!Skin.HasSetting(HomeMenuDefaults46)">Skin.SetBool(pvrGuideOnFullscreenVideo)</onload>
        <onload condition="!Skin.HasSetting(HomeMenuDefaults46)">Skin.SetString(GuideRows, 9)</onload>
        <onload condition="!Skin.HasSetting(HomeMenuDefaults46)">Skin.SetBool(GuideShowInfo)</onload>
		
        
		
		<onload condition="!Skin.HasSetting(HomeMenuDefaults46)">Skin.SetBool(DisableNowPlayingClock)</onload>
        <onload condition="!Skin.HasSetting(HomeMenuDefaults46)">Skin.SetBool(ShowEpisodePlotInfoDialog)</onload>
		<onload condition="!Skin.HasSetting(HomeMenuDefaults46)">Skin.SetBool(DisableHeader)</onload>
		<onload condition="!Skin.HasSetting(HomeMenuDefaults46)">Skin.SetBool(SkinHelper.EnableMusicArt)</onload>
        <onload condition="!Skin.HasSetting(HomeMenuDefaults46)">Skin.SetBool(HideWatchedRecentlyAdded)</onload>
        <onload condition="!Skin.HasSetting(HomeMenuDefaults46)">Skin.SetBool(IsQuackFXSkin)</onload>
		
        
        <onload>Skin.SetString(CompareTxtDisable, disable)</onload>
        <onload>Skin.SetString(CompareTxtTop, top)</onload>
        <onload>Skin.SetString(CompareTxtBottom, bottom)</onload>
        <onload>Skin.SetString(CompareTxtLarge, large)</onload>
        <onload>Skin.SetString(CompareTxtDefault, default)</onload>

        <!-- finish default settings -->
        <onload condition="!Skin.HasSetting(HomeMenuDefaults46)">Skin.SetBool(HomeMenuDefaults46)</onload>
    </include>

</includes>