<?xml version='1.0' encoding='utf-8'?>
<shortcuts>
	<shortcut>
		<defaultID/>
		<label>TMDB Movies</label>
		<label2>Custom item</label2>
		<icon>DefaultShortcut.png</icon>
		<action>DefaultSearch-TMDBMovies</action>
	</shortcut>
	<shortcut>
		<defaultID/>
		<label>TMDB TV Shows</label>
		<label2>Custom item</label2>
		<icon>DefaultShortcut.png</icon>
		<action>DefaultSearch-TMDBShows</action>
	</shortcut>
	<shortcut>
		<defaultID/>
		<label>Library Movies</label>
		<label2>Custom item</label2>
		<icon>DefaultShortcut.png</icon>
		<action>DefaultSearch-Movies</action>
	</shortcut>
	<shortcut>
		<label>Library Tv Shows</label>
		<label2>$LOCALIZE[571]</label2>
		<icon>special://skin/extras/icons/tv.png</icon>
		<action>DefaultSearch-TvShows</action>
	</shortcut>
	<shortcut>
		<label>Library Episodes</label>
		<label2>$LOCALIZE[571]</label2>
		<icon>special://skin/extras/icons/tv.png</icon>
		<action>DefaultSearch-Episodes</action>
	</shortcut>
	<shortcut>
		<label>Library Genres</label>
		<label2>$LOCALIZE[571]</label2>
		<icon>special://skin/extras/icons/genres.png</icon>
		<action>DefaultSearch-Genres</action>
	</shortcut>
	<shortcut>
		<label>Library Year</label>
		<label2>$LOCALIZE[571]</label2>
		<icon>special://skin/extras/icons/years.png</icon>
		<action>DefaultSearch-Year</action>
	</shortcut>
	<shortcut>
		<label>Library Studio</label>
		<label2>$LOCALIZE[571]</label2>
		<icon>special://skin/extras/icons/studio.png</icon>
		<action>DefaultSearch-Studio</action>
	</shortcut>
	<shortcut>
		<label>Library Country</label>
		<label2>$LOCALIZE[571]</label2>
		<icon>special://skin/extras/icons/country.png</icon>
		<action>DefaultSearch-Country</action>
	</shortcut>
	<shortcut>
		<label>Library Actor</label>
		<label2>$LOCALIZE[571]</label2>
		<icon>special://skin/extras/icons/person.png</icon>
		<action>DefaultSearch-Actor</action>
	</shortcut>
	<shortcut>
		<label>Director</label>
		<label2>$LOCALIZE[571]</label2>
		<icon>special://skin/extras/icons/person.png</icon>
		<action>DefaultSearch-Director</action>
	</shortcut>
	<shortcut>
		<label>Albums</label>
		<label2>$LOCALIZE[571]</label2>
		<icon>special://skin/extras/icons/songs.png</icon>
		<action>DefaultSearch-Albums</action>
	</shortcut>
	<shortcut>
		<label>Artists</label>
		<label2>$LOCALIZE[571]</label2>
		<icon>special://skin/extras/icons/songs.png</icon>
		<action>DefaultSearch-Artists</action>
	</shortcut>
	<shortcut>
		<label>Music Videos</label>
		<label2>$LOCALIZE[571]</label2>
		<icon>special://skin/extras/icons/musicvideo.png</icon>
		<action>DefaultSearch-MusicVideos</action>
	</shortcut>
	<shortcut>
		<label>Music Video Artists</label>
		<label2>$LOCALIZE[571]</label2>
		<icon>special://skin/extras/icons/musicvideo.png</icon>
		<action>DefaultSearch-MusicVideoArtists</action>
	</shortcut>
	<shortcut>
		<label>Add-ons</label>
		<label2>$LOCALIZE[571]</label2>
		<icon>special://skin/extras/icons/addons.png</icon>
		<action>DefaultSearch-Addons</action>
	</shortcut>
	<shortcut>
		<label>Youtube</label>
		<label2>$LOCALIZE[571]</label2>
		<icon>special://skin/extras/icons/youtube.png</icon>
		<action>DefaultSearch-Youtube</action>
	</shortcut>
	<shortcut>
		<label>WonderfulSubs</label>
		<label2>$LOCALIZE[571]</label2>
		<icon>DefaultShortcut.png</icon>
		<action>DefaultSearch-WonderfulSubs</action>
	</shortcut>
</shortcuts>
