<?xml version='1.0' encoding='UTF-8'?>
<shortcuts>
	<shortcut>
		<defaultID>tvcategorieshub</defaultID>
		<label>TV Categories</label>
		<label2>Custom item</label2>
		<icon>special://skin/extras/icons/clipboard.png</icon>
		<thumb>special://skin/extras/icons/sort.png</thumb>
		<action>ActivateWindow(2114,return)</action>
	</shortcut>
	<shortcut>
		<defaultID>tvquackfxhub</defaultID>
		<label>TV QuackFX Hub</label>
		<label2>Custom item</label2>
		<icon>special://skin/extras/icons/tv.png</icon>
		<thumb/>
		<action>ReplaceWindow(3910,return)</action>
	</shortcut>
	<shortcut>
		<defaultID>tvnetflixhub</defaultID>
		<label>TV Netflix Hub</label>
		<label2/>
		<icon>special://skin/extras/icons/tv.png</icon>
		<thumb/>
		<action>ActivateWindow(3810,return)</action>
	</shortcut>
</shortcuts>
