<?xml version='1.0' encoding='UTF-8'?>
<shortcuts>
	<shortcut>
		<defaultID/>
		<label>Action</label>
		<label2>Video Add-On</label2>
		<icon>DefaultShortcut.png</icon>
		<thumb/>
		<action/>
	</shortcut>
	<shortcut>
		<defaultID/>
		<label>Animation</label>
		<label2>Video Add-On</label2>
		<icon>DefaultShortcut.png</icon>
		<thumb/>
		<action/>
	</shortcut>
	<shortcut>
		<defaultID/>
		<label>Anime</label>
		<label2>Video Add-On</label2>
		<icon>DefaultShortcut.png</icon>
		<thumb/>
		<action/>
	</shortcut>
	<shortcut>
		<defaultID/>
		<label>Comedy</label>
		<label2>Video Add-On</label2>
		<icon>DefaultShortcut.png</icon>
		<thumb/>
		<action/>
	</shortcut>
	<shortcut>
		<defaultID/>
		<label>Crime</label>
		<label2>Video Add-On</label2>
		<icon>DefaultShortcut.png</icon>
		<thumb/>
		<action/>
	</shortcut>
	<shortcut>
		<defaultID/>
		<label>Documentary</label>
		<label2>Video Add-On</label2>
		<icon>DefaultShortcut.png</icon>
		<thumb/>
		<action/>
	</shortcut>
	<shortcut>
		<defaultID/>
		<label>Drama</label>
		<label2>Video Add-On</label2>
		<icon>DefaultShortcut.png</icon>
		<thumb/>
		<action/>
	</shortcut>
	<shortcut>
		<defaultID/>
		<label>Family</label>
		<label2>Video Add-On</label2>
		<icon>DefaultShortcut.png</icon>
		<thumb/>
		<action/>
	</shortcut>
	<shortcut>
		<defaultID/>
		<label>History</label>
		<label2>Video Add-On</label2>
		<icon>DefaultShortcut.png</icon>
		<thumb/>
		<action/>
	</shortcut>
	<shortcut>
		<defaultID/>
		<label>Horror</label>
		<label2>Video Add-On</label2>
		<icon>DefaultShortcut.png</icon>
		<thumb/>
		<action/>
	</shortcut>
	<shortcut>
		<defaultID/>
		<label>Mystery</label>
		<label2>Video Add-On</label2>
		<icon>DefaultShortcut.png</icon>
		<thumb/>
		<action/>
	</shortcut>
	<shortcut>
		<defaultID/>
		<label>Romance</label>
		<label2>Video Add-On</label2>
		<icon>DefaultShortcut.png</icon>
		<thumb/>
		<action/>
	</shortcut>
	<shortcut>
		<defaultID/>
		<label>Science Fiction</label>
		<label2>Video Add-On</label2>
		<icon>DefaultShortcut.png</icon>
		<thumb/>
		<action/>
	</shortcut>
	<shortcut>
		<defaultID/>
		<label>Superhero</label>
		<label2>Video Add-On</label2>
		<icon>DefaultShortcut.png</icon>
		<thumb/>
		<action/>
	</shortcut>
	<shortcut>
		<defaultID/>
		<label>Thriller</label>
		<label2>Video Add-On</label2>
		<icon>DefaultShortcut.png</icon>
		<thumb/>
		<action/>
	</shortcut>
	<shortcut>
		<defaultID/>
		<label>War</label>
		<label2>Video Add-On</label2>
		<icon>DefaultShortcut.png</icon>
		<thumb/>
		<action/>
	</shortcut>
</shortcuts>
