<?xml version="1.0" encoding="UTF-8" standalone="yes"?>
<addon id="repository.quackfx" name="QuackFX Repo" version="2" provider-name="Mucky Duck">
	<extension point="xbmc.addon.repository" name="QuackFX Repo">
		<info compressed="false">https://raw.githubusercontent.com/mucky-duck/QuackFX/master/QuackFX_Repo/addons.xml</info>
			<checksum>https://raw.githubusercontent.com/mucky-duck/QuackFX/master/QuackFX_Repo/addons.xml.md5</checksum>
			<datadir zip="true">https://raw.githubusercontent.com/mucky-duck/QuackFX/master/QuackFX_Repo/zips/</datadir>
	</extension>
	<extension point="xbmc.addon.metadata">
		<summary lang="en">Repository for the QuackFX Skin.</summary>
		<description lang="en">Repository for the QuackFX Skin.</description>
		<platform>all</platform>
	</extension>
</addon>