<?xml version="1.0" encoding="utf-8"?>
<!-- Foundation -->
<includes>
	<include name="DialogVideoInfo_QuackFX">
		<control type="list" id="300">
			<top>30</top>
			<onup condition="!Skin.HasSetting(DisablePressingUp)">9601</onup>
			<ondown>9500</ondown>
			<include>Topbar_Menu_Layout</include>
			<include>Items_Info</include>
		</control>
		<control type="group">
			<top>30</top>
			<include>Topbar_Info</include>
		</control>
		<control type="group">
			<visible allowhiddenfocus="true">!$EXP[Exp_HideFurniture]</visible>
			<include>Animation_FadeInOut</include>
			<include>Object_UpDownInfoArrows</include>
			<control type="group">
				<top>20</top>
				<include>Animation_Right_Delay</include>
				<animation type="Conditional" condition="Control.IsVisible(430)" reversible="false">
					<effect type="slide" end="0,20" time="60" tween="sine"/>
					<effect type="slide" end="0,-20" time="180" tween="sine" delay="80"/>
				</animation>
				<animation type="Conditional" condition="Control.IsVisible(431)" reversible="false">
					<effect type="slide" end="0,-20" time="60" tween="sine"/>
					<effect type="slide" end="0,20" time="180" tween="sine" delay="80"/>
				</animation>
				<visible>!Window.IsVisible(script-script.extendedinfo-DialogVideoInfo.xml) + !Window.IsVisible(script-script.extendedinfo-DialogInfo.xml)</visible>
				<control type="grouplist" id="9000">
					<scrolltime>500</scrolltime>
					<top>90</top>
					<itemgap>0</itemgap>
					<usecontrolcoords>true</usecontrolcoords>
					<orientation>vertical</orientation>
					<!--Poster and Info -->
					<control type="group">
						<top>30</top>
						<height>500</height>
						<left>50</left>
						<right>view_pad</right>
						<control type="image">
							<top>-60</top>
							<left>-80</left>
							<width>120%</width>
							<height>530</height>
							<texture background="true" colordiffuse="30000000">white.png</texture>
							<visible>!Skin.HasSetting(DisableVideoInfoOverlay)</visible>
						</control>
						<control type="button" id="9570">
							<include>Defs_Hidden_Button</include>
							<onfocus condition="!Skin.HasSetting(ForceExtendedInfo)">SetFocus(300,0)</onfocus>
							<onup>SetFocus(300,0)</onup>
							<ondown>SetFocus(300,0)</ondown>
						</control>
						<control type="group">
							<height>widget_poster_height</height>
							<control type="group">
								<left>0</left>
								<width>widget_poster_width</width>
								<visible>!String.IsEqual(ListItem.DBType,musicvideo)</visible>
								<control type="group">
									<left>-10</left>
									<right>-10</right>
									<bottom>-10</bottom>
									<top>-10</top>
									<include>Defs_PosterBack</include>
									<control type="image">
										<bordersize>10</bordersize>
										<aspectratio scalediffuse="false">scale</aspectratio>
										<texture diffuse="diffuse/widgetposter.png" fallback="DefaultAddonImages.png">$VAR[Image_Poster]</texture>
									</control>
									<control type="image">
										<bordersize>10</bordersize>
										<texture colordiffuse="PixelLines" border="20">common/outline.png</texture>
									</control>
								</control>
							</control>
							<control type="group">
								<visible>String.IsEqual(ListItem.DBType,musicvideo)</visible>
								<left>0</left>
								<width>360</width>
								<height>360</height>
								<control type="group">
									<left>-10</left>
									<right>-10</right>
									<bottom>-10</bottom>
									<top>-10</top>
									<include>Defs_PosterBack</include>
									<control type="image">
										<bordersize>10</bordersize>
										<aspectratio scalediffuse="false">scale</aspectratio>
										<texture diffuse="diffuse/widgetposter.png" fallback="DefaultAddonImages.png">$VAR[Image_Poster]</texture>
									</control>
									<control type="image">
										<bordersize>10</bordersize>
										<texture colordiffuse="PixelLines" border="20">common/outline.png</texture>
									</control>
								</control>
							</control>
							<control type="group">
								<left>290</left>
								<top>10</top>
								<include content="Object_Info" condition="!String.IsEqual(ListItem.DBType,musicvideo)">
									<param name="id" value="50"/>
									<param name="width" value="1654"/>
									<param name="discart" value="true"/>
									<param name="hdsd_flag" value="true"/>
									<param name="visible" value="true"/>
									<param name="plot_height" value="135"/>
									<param name="titleright" value="300"/>
								</include>
								<control type="image">
									<texture colordiffuse="main_fg_100">$VAR[studio]</texture>
									<height>109</height>
									<width>161</width>
									<aspectratio aligny="center" align="center">keep</aspectratio>
									<right>0</right>
								</control>
							</control>
							<control type="group">
								<left>390</left>
								<height>360</height>
								<include content="Object_Info" condition="String.IsEqual(ListItem.DBType,musicvideo)">
									<param name="id" value="50"/>
									<param name="width" value="1654"/>
									<param name="discart" value="true"/>
									<param name="hdsd_flag" value="true"/>
									<param name="visible" value="true"/>
									<param name="plot_height" value="170"/>
								</include>
							</control>
						</control>
						<!-- Audio Flags -->
						<control type="grouplist">
							<bottom>-44</bottom>
							<usecontrolcoords>true</usecontrolcoords>
							<itemgap>10</itemgap>
							<orientation>horizontal</orientation>
							<align>right</align>
							<right>0</right>
							<height>32</height>
							<control type="label">
								<font>font_statusbar</font>
								<textcolor>main_fg_100</textcolor>
								<aligny>center</aligny>
								<width>auto</width>
								<height>29</height>
								<label>$LOCALIZE[21447]</label>
								<visible>!String.IsEmpty(ListItem.Property(AudioLanguage.1))</visible>
							</control>
							<control type="image">
								<width>32</width>
								<height>32</height>
								<aspectratio>keep</aspectratio>
								<texture fallback="lang/eng.png">$INFO[ListItem.Property(AudioLanguage.1),lang/,.png]</texture>
								<visible>!String.IsEmpty(ListItem.Property(AudioLanguage.1))</visible>
							</control>
							<control type="image">
								<width>32</width>
								<height>32</height>
								<aspectratio>keep</aspectratio>
								<texture fallback="lang/eng.png">$INFO[ListItem.Property(AudioLanguage.2),lang/,.png]</texture>
								<visible>!String.IsEmpty(ListItem.Property(AudioLanguage.2))</visible>
							</control>
							<control type="image">
								<width>32</width>
								<height>32</height>
								<aspectratio>keep</aspectratio>
								<texture fallback="lang/eng.png">$INFO[ListItem.Property(AudioLanguage.3),lang/,.png]</texture>
								<visible>!String.IsEmpty(ListItem.Property(AudioLanguage.3))</visible>
							</control>
							<control type="image">
								<width>32</width>
								<height>32</height>
								<aspectratio>keep</aspectratio>
								<texture fallback="lang/eng.png">$INFO[ListItem.Property(AudioLanguage.4),lang/,.png]</texture>
								<visible>!String.IsEmpty(ListItem.Property(AudioLanguage.4))</visible>
							</control>
							<control type="image">
								<width>32</width>
								<height>32</height>
								<aspectratio>keep</aspectratio>
								<texture fallback="lang/eng.png">$INFO[ListItem.Property(AudioLanguage.5),lang/,.png]</texture>
								<visible>!String.IsEmpty(ListItem.Property(AudioLanguage.5))</visible>
							</control>
							<control type="group">
								<width>10</width>
								<visible>!String.IsEmpty(ListItem.Property(AudioLanguage.1))</visible>
								<visible>!String.IsEmpty(ListItem.Property(SubtitleLanguage.1))</visible>
							</control>
							<control type="label">
								<font>font_statusbar</font>
								<textcolor>main_fg_100</textcolor>
								<aligny>center</aligny>
								<width>auto</width>
								<height>29</height>
								<label>$LOCALIZE[21448]</label>
								<visible>!String.IsEmpty(ListItem.Property(SubtitleLanguage.1))</visible>
							</control>
							<control type="image">
								<width>32</width>
								<height>32</height>
								<aspectratio>keep</aspectratio>
								<texture fallback="lang/eng.png">$INFO[ListItem.Property(SubtitleLanguage.1),lang/,.png]</texture>
								<visible>!String.IsEmpty(ListItem.Property(SubtitleLanguage.1))</visible>
							</control>
							<control type="image">
								<width>32</width>
								<height>32</height>
								<aspectratio>keep</aspectratio>
								<texture fallback="lang/eng.png">$INFO[ListItem.Property(SubtitleLanguage.2),lang/,.png]</texture>
								<visible>!String.IsEmpty(ListItem.Property(SubtitleLanguage.2))</visible>
							</control>
							<control type="image">
								<width>32</width>
								<height>32</height>
								<aspectratio>keep</aspectratio>
								<texture fallback="lang/eng.png">$INFO[ListItem.Property(SubtitleLanguage.3),lang/,.png]</texture>
								<visible>!String.IsEmpty(ListItem.Property(SubtitleLanguage.3))</visible>
							</control>
							<control type="image">
								<width>32</width>
								<height>32</height>
								<aspectratio>keep</aspectratio>
								<texture fallback="lang/eng.png">$INFO[ListItem.Property(SubtitleLanguage.4),lang/,.png]</texture>
								<visible>!String.IsEmpty(ListItem.Property(SubtitleLanguage.4))</visible>
							</control>
							<control type="image">
								<width>32</width>
								<height>32</height>
								<aspectratio>keep</aspectratio>
								<texture fallback="lang/eng.png">$INFO[ListItem.Property(SubtitleLanguage.5),lang/,.png]</texture>
								<visible>!String.IsEmpty(ListItem.Property(SubtitleLanguage.5))</visible>
							</control>
						</control>
					</control>
					<!-- Cast -->
					<control type="group">
						<left>50</left>
						<right>view_pad</right>
						<top>-25</top>
						<height>465</height>
						<visible>!Skin.HasSetting(VideoInfo.CastList)</visible>
						<visible>!String.IsEqual(ListItem.DBType,musicvideo)</visible>
						<visible>Integer.IsGreater(Container(50).NumItems,0) | Container(50).IsUpdating</visible>
						<!-- Info Label -->
						<control type="grouplist">
							<visible>!String.IsEmpty(ListItem.DBID) + [Integer.IsEqual(Container(9550).NumItems,0) + !Container.IsUpdating(9550)]</visible>
							<top>-10</top>
							<height>42</height>
							<left>0</left>
							<align>left</align>
							<itemgap>12</itemgap>
							<usecontrolcoords>true</usecontrolcoords>
							<orientation>horizontal</orientation>
							<include>Object_DownArrows</include>
							<control type="label">
								<font>font_small</font>
								<textcolor>main_fg_100</textcolor>
								<aligny>center</aligny>
								<width>auto</width>
								<height>100%</height>
								<label>$LOCALIZE[206]</label>
							</control>
							<control type="label">
								<font>font_small</font>
								<textcolor>$VAR[ColorHighlight]</textcolor>
								<aligny>center</aligny>
								<width>auto</width>
								<height>100%</height>
								<label>|</label>
								<visible>Control.HasFocus(50)</visible>
							</control>
							<control type="label">
								<font>font_small</font>
								<textcolor>main_fg_100</textcolor>
								<aligny>center</aligny>
								<width>auto</width>
								<height>100%</height>
								<label>$INFO[Container(50).ListItem.Label]$INFO[Container(50).ListItem.Label2, [COLOR=main_fg_30]$LOCALIZE[20347][/COLOR] ,]</label>
								<visible>Control.HasFocus(50)</visible>
							</control>
						</control>
						<!-- Cast -->
						<control type="group" id="9500">
							<onup>9570</onup>
							<ondown>9501</ondown>
							<control type="button" id="9950">
								<visible>Control.IsVisible(50)</visible>
								<include>Defs_Hidden_Button</include>
								<onup>9570</onup>
								<ondown condition="!Control.IsVisible(50)">9550</ondown>
								<ondown condition="Control.IsVisible(50)">50</ondown>
								<onleft>SetFocus(50)</onleft>
								<onleft>Left</onleft>
								<onleft>SetFocus(9950)</onleft>
								<onright>SetFocus(50)</onright>
								<onright>Right</onright>
								<onright>SetFocus(9950)</onright>
								<onclick>SetFocus(9959)</onclick>
							</control>
							<control type="list" id="50">
								<visible>!String.IsEqual(ListItem.DBType,episode) + !String.IsEqual(ListItem.DBType,tvshow)</visible>
								<include>Animation_FadeInOut</include>
								<visible>!Container(9550).IsUpdating</visible>
								<visible>!String.IsEmpty(ListItem.DBID) | [Integer.IsEqual(Container(9550).NumItems,0) + !Container.IsUpdating(9550)]</visible>
								<visible>Integer.IsGreater(Container(50).NumItems,0) | Container(50).IsUpdating</visible>
								<onup>9570</onup>
								<ondown>9501</ondown>
								<orientation>horizontal</orientation>
								<animation effect="fade" start="100" end="0" time="0" condition="Container(50).IsUpdating">Conditional</animation>
								<include content="View_Actor_Layout">
									<param name="id" value="50"/>
									<param name="altfocus" value="Control.HasFocus(9950)"/>
								</include>
							</control>
							<include content="Dialog_VideoInfo_BusyIndicator">
								<param name="id" value="50"/>
							</include>
							<include content="Object_VideoInfo_CastList" condition="String.IsEmpty(ListItem.DBID) + String.IsEqual(ListItem.DBTYPE,movie)">
								<param name="onup" value="9570"/>
								<param name="id" value="9550"/>
								<param name="ondown" value="9501"/>
								<param name="label" value="$LOCALIZE[206]"/>
								<param name="content" value="plugin://plugin.video.themoviedb.helper/?info=cast&amp;$VAR[Info_Param_Type]&amp;$VAR[Info_Param_IMDB_or_QUERY]"/>
								<param name="infolabel" value="true"/>
								<param name="pad" value="0"/>
								<param name="top" value="0"/>
								<param name="circlewidget" value="!Skin.HasSetting(DisableVideoInfoRound)"/>
							</include>
							<include content="Object_VideoInfo_CastList" condition="String.IsEmpty(ListItem.DBID) + String.IsEqual(ListItem.DBTYPE,tvshow)">
								<param name="onup" value="9570"/>
								<param name="id" value="9550"/>
								<param name="ondown" value="9501"/>
								<param name="label" value="$LOCALIZE[206]"/>
								<param name="content" value="plugin://plugin.video.themoviedb.helper/?info=cast&amp;$VAR[Info_Param_Type]&amp;$VAR[Info_Param_IMDB_or_QUERY]"/>
								<param name="infolabel" value="true"/>
								<param name="pad" value="0"/>
								<param name="top" value="0"/>
								<param name="circlewidget" value="!Skin.HasSetting(DisableVideoInfoRound)"/>
							</include>
							<include content="Object_VideoInfo_CastList" condition="String.IsEmpty(ListItem.DBID) + String.IsEqual(ListItem.DBTYPE,season)">
								<param name="onup" value="9570"/>
								<param name="id" value="9550"/>
								<param name="ondown" value="9501"/>
								<param name="label" value="$LOCALIZE[206]"/>
								<param name="content" value="plugin://plugin.video.themoviedb.helper/?info=cast&amp;$VAR[Info_Param_Type]&amp;$VAR[Info_Param_IMDB_or_QUERY]"/>
								<param name="infolabel" value="true"/>
								<param name="pad" value="0"/>
								<param name="top" value="0"/>
								<param name="circlewidget" value="!Skin.HasSetting(DisableVideoInfoRound)"/>
							</include>
							<include content="Object_VideoInfo_CastList" condition="String.IsEmpty(ListItem.DBID) + String.IsEqual(ListItem.DBTYPE,episode)">
								<param name="onup" value="9570"/>
								<param name="id" value="9550"/>
								<param name="ondown" value="9501"/>
								<param name="label" value="$LOCALIZE[206]"/>
								<param name="content" value="plugin://plugin.video.themoviedb.helper/?info=cast&amp;$VAR[Info_Param_Type]&amp;$VAR[Info_Param_IMDB_or_QUERY]"/>
								<param name="infolabel" value="true"/>
								<param name="pad" value="0"/>
								<param name="top" value="0"/>
								<param name="circlewidget" value="!Skin.HasSetting(DisableVideoInfoRound)"/>
							</include>
						</control>
					</control>
					<!-- Director Movies 9501 -->
					<control type="grouplist" id="9555">
						<top>0</top>
						<height>950</height>
						<left>40</left>
						<itemgap>0</itemgap>
						<scrolltime>500</scrolltime>
						<orientation>vertical</orientation>
						<include content="Object_VideoInfo_CastList" condition="String.IsEqual(ListItem.DBType,movie)">
							<param name="onup" value="9500"/>
							<param name="id" value="9501"/>
							<param name="ondown" value="9502"/>
							<param name="label" value="$INFO[ListItem.Director,$LOCALIZE[31016] ,]"/>
							<param name="content" value="$VAR[Info_FromDirector]"/>
							<param name="infolabel" value="false"/>
							<param name="include_onclick" value="true"/>
							<param name="onclick" value="RunScript(script.extendedinfo,info=extendedinfo,name=$INFO[ListItem.Label],imdb_id=$INFO[ListItem.IMDBNumber])"/>
							<param name="visible" value="!Skin.HasSetting(VideoInfo.DirectorMovies)"/>
						</include>
						<!-- Next Up Episodes 9501 -->
						<include content="Object_VideoInfo_CastList" condition="!String.IsEqual(ListItem.DBType,movie)">
							<param name="onup" value="9500"/>
							<param name="id" value="9501"/>
							<param name="ondown" value="9502"/>
							<param name="label" value="$LOCALIZE[31221]"/>
							<param name="content" value="$VAR[nextup_content_videoinfo]"/>
							<param name="episodelayout" value="true"/>
							<param name="itemwidth" value="606.66"/>
							<param name="infolabel" value="false"/>
							<param name="include_content" value="true"/>
							<param name="include_content_nextup" value="false"/>
							<param name="visible" value="!Skin.HasSetting(VideoInfo.NextUp)"/>
						</include>
						<include content="Object_VideoInfo_CastList" condition="!String.IsEqual(ListItem.DBType,movie)">
							<param name="onup" value="9501"/>
							<param name="id" value="9502"/>
							<param name="ondown" value="9503"/>
							<param name="label" value="Seasons"/>
							<param name="content" value="$VAR[seasons_content_videoinfo]"/>
							<param name="infolabel" value="false"/>
							<param name="include_onclick" value="true"/>
							<param name="onclick" value="ActivateWindow(10025,$ESCINFO[ListItem.FileNameAndPath],return)"/>
						</include>
						<!-- Similar Movies 9502 -->
						<include content="Object_VideoInfo_CastList" condition="String.IsEqual(ListItem.DBType,movie)">
							<param name="onup" value="9501"/>
							<param name="id" value="9502"/>
							<param name="ondown" value="9503"/>
							<param name="label" value="$INFO[ListItem.Title,$LOCALIZE[31350],]"/>
							<param name="content" value="$VAR[Info_Similar]"/>
							<param name="infolabel" value="false"/>
							<param name="include_onclick" value="true"/>
							<param name="onclick" value="RunScript(script.extendedinfo,info=extendedinfo,name=$INFO[ListItem.Label],imdb_id=$INFO[ListItem.IMDBNumber])"/>
							<param name="visible" value="!Skin.HasSetting(VideoInfo.SimilarMovies)"/>
						</include>
						<!-- Similar TvShows 9503 -->
						<include content="Object_VideoInfo_CastList" condition="!String.IsEqual(ListItem.DBType,movie)">
							<param name="onup" value="9501"/>
							<param name="id" value="9502"/>
							<param name="ondown" value="9503"/>
							<param name="label" value="$INFO[ListItem.Title,$LOCALIZE[31350],]"/>
							<param name="content" value="$VAR[Info_Similar]"/>
							<param name="infolabel" value="false"/>
							<param name="include_onclick" value="true"/>
							<param name="onclick" value="RunScript(script.extendedinfo,info=extendedtvinfo,name=$INFO[ListItem.Label])"/>
							<param name="visible" value="!Skin.HasSetting(VideoInfo.SimilarTvShows)"/>
						</include>
						<!-- Studio Movies 9503 -->
						<include content="Object_VideoInfo_CastList" condition="!String.IsEqual(ListItem.DBType,tvshow)">
							<param name="onup" value="9502"/>
							<param name="id" value="9503"/>
							<param name="ondown" value="9504"/>
							<param name="label" value="$INFO[ListItem.Studio,$LOCALIZE[31025] ,]"/>
							<param name="content" value="$VAR[Info_FromStudio]"/>
							<param name="infolabel" value="false"/>
							<param name="include_onclick" value="true"/>
							<param name="onclick" value="RunScript(script.extendedinfo,info=extendedinfo,name=$INFO[ListItem.Label],imdb_id=$INFO[ListItem.IMDBNumber])"/>
							<param name="visible" value="!Skin.HasSetting(VideoInfo.StudioMovies)"/>
						</include>
						<include content="Object_VideoInfo_CastList" condition="String.IsEqual(ListItem.DBType,tvshow)">
							<param name="onup" value="9502"/>
							<param name="id" value="9503"/>
							<param name="ondown" value="9504"/>
							<param name="label" value="$INFO[ListItem.Studio,$LOCALIZE[31025] ,]"/>
							<param name="content" value="$VAR[Info_FromStudio]"/>
							<param name="infolabel" value="false"/>
							<param name="include_onclick" value="true"/>
							<param name="onclick" value="RunScript(script.extendedinfo,info=extendedinfo,name=$INFO[ListItem.Label],imdb_id=$INFO[ListItem.IMDBNumber])"/>
							<param name="visible" value="!Skin.HasSetting(VideoInfo.StudioMovies)"/>
						</include>
						<!-- Images -->
						<include content="Object_VideoInfo_CastList" condition="String.IsEqual(ListItem.DBType,movie)">
							<param name="onup" value="9503"/>
							<param name="id" value="9504"/>
							<param name="ondown" value="9505"/>
							<param name="label" value="$LOCALIZE[31365]"/>
							<param name="content" value="$VAR[Defs_VideoInfo_Images]"/>
							<param name="content2" value="$VAR[Defs_VideoInfo_Images2]"/>
							<param name="content3" value="$VAR[Defs_VideoInfo_Images3]"/>
							<param name="infolabel" value="false"/>
							<param name="itemwidth" value="606.66"/>
							<param name="showfocuslabel" value="false"/>
							<param name="include_onclick" value="true"/>
							<param name="onclick" value="SetFocus(9991)"/>
							<param name="visible" value="!Skin.HasSetting(VideoInfo.ExtraFanart)"/>
						</include>
						<include content="Object_VideoInfo_CastList" condition="!String.IsEqual(ListItem.DBType,movie)">
							<param name="onup" value="9503"/>
							<param name="id" value="9504"/>
							<param name="ondown" value="9505"/>
							<param name="label" value="$LOCALIZE[31365]"/>
							<param name="content" value="$VAR[Defs_VideoInfo_Images]"/>
							<param name="content2" value="$VAR[Defs_VideoInfo_Images2]"/>
							<param name="content3" value="$VAR[Defs_VideoInfo_Images3]"/>
							<param name="infolabel" value="false"/>
							<param name="itemwidth" value="606.66"/>
							<param name="showfocuslabel" value="false"/>
							<param name="include_onclick" value="true"/>
							<param name="onclick" value="SetFocus(9991)"/>
							<param name="visible" value="!Skin.HasSetting(VideoInfo.ExtraFanart)"/>
						</include>
						<!-- Extras -->
						<include content="Object_VideoInfo_CastList" condition="!Skin.HasSetting(DisableTrailerPreview)">
							<param name="onup" value="9504"/>
							<param name="id" value="9505"/>
							<param name="ondown" value="9506"/>
							<param name="label" value="$LOCALIZE[31169]"/>
							<param name="focuslabel" value="$INFO[Container(9505).ListItem.Duration, - ,]"/>
							<param name="content" value="$VAR[Defs_VideoInfo_Extras]"/>
							<param name="infolabel" value="false"/>
							<param name="itemwidth" value="606.66"/>
							<param name="fallbackimage" value="common/playring.png"/>
							<param name="include_onclick" value="true"/>
							<param name="onclick" value="SetProperty(TrailerPlaying,9505,Home)"/>
							<param name="onclick2" value="PlayMedia($INFO[ListItem.FileNameAndPath],1)"/>
							<param name="onclick3" value="SetFocus(9002)"/>
							<param name="visible" value="!Skin.HasSetting(VideoInfo.SpecialFeatures)"/>
						</include>
						<include content="Object_VideoInfo_CastList" condition="Skin.HasSetting(DisableTrailerPreview)">
							<param name="onup" value="9504"/>
							<param name="id" value="9505"/>
							<param name="ondown" value="9506"/>
							<param name="label" value="$LOCALIZE[31169]"/>
							<param name="focuslabel" value="$INFO[Container(9505).ListItem.Duration, - , $LOCALIZE[31020]]"/>
							<param name="content" value="$VAR[Defs_VideoInfo_Extras]"/>
							<param name="infolabel" value="false"/>
							<param name="itemwidth" value="606.66"/>
							<param name="fallbackimage" value="common/playring.png"/>
							<param name="include_onclick" value="false"/>
							<param name="visible" value="!Skin.HasSetting(VideoInfo.SpecialFeatures)"/>
						</include>
					</control>
					<control type="group">
						<top>-15</top>
						<height>455</height>
						<left>view_pad</left>
						<right>view_pad</right>
						<control type="button" id="9506">
							<onup>9505</onup>
							<ondown>SetFocus(431)</ondown>
							<include>Defs_Hidden_Button</include>
						</control>
						<!-- Info Label -->
						<control type="grouplist">
							<top>20</top>
							<height>42</height>
							<left>0</left>
							<align>left</align>
							<itemgap>12</itemgap>
							<usecontrolcoords>true</usecontrolcoords>
							<orientation>horizontal</orientation>
							<include>Object_DownArrows</include>
							<control type="label">
								<font>font_small</font>
								<textcolor>main_fg_100</textcolor>
								<aligny>center</aligny>
								<width>auto</width>
								<height>100%</height>
								<label>$LOCALIZE[19033]</label>
							</control>
						</control>
						<control type="image">
							<top>60</top>
							<right>0</right>
							<width>360</width>
							<height>360</height>
							<aspectratio>keep</aspectratio>
							<texture background="true">$INFO[ListItem.Art(discart)]</texture>
							<visible>String.IsEqual(ListItem.DBType,movie)</visible>
						</control>
						<control type="image">
							<top>60</top>
							<right>0</right>
							<width>360</width>
							<height>360</height>
							<aspectratio>keep</aspectratio>
							<texture background="true">$INFO[ListItem.Art(characterart)]</texture>
							<visible>!String.IsEqual(ListItem.DBType,movie)</visible>
						</control>
						<control type="grouplist">
							<top>90</top>
							<right>390</right>
							<orientation>vertical</orientation>
							<itemgap>9</itemgap>
							<include content="Object_VideoInfo_InfoSection">
								<param name="label" value="$LOCALIZE[561]"/>
								<param name="label2" value="ListItem.FileName"/>
							</include>
							<include content="Object_VideoInfo_InfoSection">
								<param name="label" value="$LOCALIZE[573]"/>
								<param name="label2" value="ListItem.Path"/>
								<param name="haspath" value="true"/>
							</include>
							<include content="Object_VideoInfo_InfoSection">
								<param name="label" value="$LOCALIZE[31352]"/>
								<param name="label2" value="ListItem.DateAdded"/>
							</include>
							<include content="Object_VideoInfo_InfoSection">
								<param name="label" value="$LOCALIZE[572]"/>
								<param name="label2" value="ListItem.Studio"/>
								<param name="label3" value="$INFO[ListItem.Country,(,)]"/>
							</include>
							<include content="Object_VideoInfo_InfoSection">
								<param name="label" value="$LOCALIZE[20459]"/>
								<param name="label2" value="ListItem.Tag"/>
							</include>
							<include content="Object_VideoInfo_InfoSection">
								<param name="label" value="$LOCALIZE[20141]"/>
								<param name="label2" value="ListItem.Set"/>
							</include>
							<!-- <include content="Object_VideoInfo_InfoSection">
                                <param name="label" value="$LOCALIZE[574]" />
                                <param name="label2" value="ListItem.Country" />
                            </include> -->
							<include content="Object_VideoInfo_InfoSection">
								<param name="label" value="$LOCALIZE[20417]"/>
								<param name="label2" value="ListItem.Writer"/>
							</include>
							<include content="Object_VideoInfo_InfoSection">
								<param name="label" value="$LOCALIZE[202]"/>
								<param name="label2" value="ListItem.Tagline"/>
							</include>
							<include content="Object_VideoInfo_InfoSection">
								<param name="label" value="$LOCALIZE[31289]"/>
								<param name="label2" value="Window(Home).Property(SkinHelper.ListItem.Awards)"/>
							</include>
						</control>
					</control>
				</control>
				<!-- Flags -->
				<control type="group">
					<bottom>view_pad</bottom>
					<height>40</height>
					<left>view_pad</left>
					<right>view_pad</right>
					<control type="group">
						<include content="Object_Flags">
							<param name="container" value=""/>
							<param name="directory" value="color"/>
							<param name="align" value="left"/>
						</include>
					</control>
					<!-- Info -->
					<!--
          <control type="grouplist">
            <align>right</align>
            <right>0</right>
            <height>40</height>
            <itemgap>50</itemgap>
            <orientation>horizontal</orientation>
            <control type="label">
              <height>40</height>
              <font>font_small</font>
              <textcolor>main_fg_100</textcolor>
              <aligny>center</aligny>
              <width max="1200">auto</width>
              <label>$INFO[ListItem.Director,[COLOR=main_fg_30]$LOCALIZE[20339] [/COLOR],]</label>
              <visible>!String.IsEmpty(ListItem.Director)</visible>
            </control>
          </control>
-->
				</control>
			</control>
		</control>
		<control type="group">
			<include content="Object_PlotOverlay">
				<param name="visible" value="!Window.IsVisible(script-script.extendedinfo-DialogVideoInfo.xml) + !Window.IsVisible(script-script.extendedinfo-DialogInfo.xml)"/>
			</include>
		</control>
		<control type="group">
			<visible>Player.HasVideo</visible>
			<visible>!String.IsEmpty(Window(Home).Property(TrailerPlaying)) + !Skin.HasSetting(DisableTrailerPreview)</visible>
			<include>Animation_FadeIn_Slide</include>
			<include>Animation_FadeOut</include>
			<centerleft>50%</centerleft>
			<centertop>50%</centertop>
			<width>1280</width>
			<height>720</height>
			<control type="image">
				<texture colordiffuse="ff000000">common/white.png</texture>
			</control>
			<control type="videowindow">
				<width>100%</width>
				<height>100%</height>
			</control>
			<control type="image">
				<centerleft>50%</centerleft>
				<top>-140</top>
				<aspectratio>keep</aspectratio>
				<height>100</height>
				<texture>$INFO[ListItem.Art(clearlogo)]</texture>
			</control>
			<control type="group">
				<height>10</height>
				<width>1294</width>
				<top>784</top>
				<left>-7</left>
				<control type="progress" id="401">
					<height>100%</height>
					<width>100%</width>
					<info>Player.Progress</info>
				</control>
				<control type="progress">
					<description>Progressbar</description>
					<height>100%</height>
					<width>100%</width>
					<info>Player.Progress</info>
					<texturebg colordiffuse="00ffffff" border="4">diffuse/progress-bg.png</texturebg>
					<lefttexture colordiffuse="00ffffff" border="4">diffuse/progress-left.png</lefttexture>
					<midtexture colordiffuse="$VAR[ColorHighlight2]" border="4" diffuse="progress/diffuse.png">diffuse/progress-end.png</midtexture>
					<righttexture colordiffuse="$VAR[ColorHighlight2]" border="4" diffuse="progress/diffuse-end.png">diffuse/progress-right.png</righttexture>
					<include content="Defs_Progress_Colorfade">
						<param name="id" value="401"/>
					</include>
				</control>
				<control type="group">
					<top>16</top>
					<control type="grouplist">
						<height>view_pad</height>
						<align>left</align>
						<itemgap>12</itemgap>
						<usecontrolcoords>true</usecontrolcoords>
						<orientation>horizontal</orientation>
						<control type="label">
							<textcolor>main_fg_100</textcolor>
							<width>1144</width>
							<include>Statusbar_Menubar_Items</include>
							<label>$INFO[Player.Title]</label>
						</control>
					</control>
					<control type="grouplist">
						<height>view_pad</height>
						<align>right</align>
						<itemgap>12</itemgap>
						<usecontrolcoords>true</usecontrolcoords>
						<orientation>horizontal</orientation>
						<control type="label">
							<textcolor>main_fg_100</textcolor>
							<include>Statusbar_Menubar_Items</include>
							<label>$INFO[Player.Time]</label>
						</control>
						<control type="label">
							<textcolor>main_fg_100</textcolor>
							<include>Statusbar_Menubar_Items</include>
							<label>|</label>
						</control>
						<control type="label">
							<textcolor>main_fg_100</textcolor>
							<include>Statusbar_Menubar_Items</include>
							<label>$INFO[Player.Duration]</label>
						</control>
					</control>
				</control>
			</control>
			<control type="group">
				<left>-10</left>
				<right>-10</right>
				<top>-10</top>
				<bottom>-10</bottom>
				<include content="View_Selectbox">
					<param name="overlay" value="false"/>
				</include>
			</control>
		</control>
		<control type="button" id="8">
			<description>Play</description>
			<label>$LOCALIZE[208]</label>
			<include>Defs_Hidden_Button</include>
		</control>
		<control type="button" id="11">
			<description>Trailer button</description>
			<label>20410</label>
			<include>Defs_Hidden_Button</include>
			<visible>!String.IsEmpty(ListItem.Trailer)</visible>
		</control>
		<control type="button" id="9002">
			<label>20339</label>
			<onclick condition="!String.IsEmpty(Window(Home).Property(TrailerPlaying)) + Player.HasMedia">Stop</onclick>
			<onclick condition="String.IsEmpty(Window(Home).Property(TrailerPlaying))">SetFocus(300)</onclick>
			<onclick condition="!String.IsEmpty(Window(Home).Property(TrailerPlaying))">SetFocus($INFO[Window(Home).Property(TrailerPlaying)])</onclick>
			<onclick>ClearProperty(TrailerPlaying,Home)</onclick>
			<onleft condition="!String.IsEmpty(Window(Home).Property(TrailerPlaying)) + Player.HasMedia">StepBack</onleft>
			<onleft condition="String.IsEmpty(Window(Home).Property(TrailerPlaying)) + !Player.HasMedia">SetFocus(300)</onleft>
			<onleft condition="!String.IsEmpty(Window(Home).Property(TrailerPlaying)) + !Player.HasMedia">SetFocus($INFO[Window(Home).Property(TrailerPlaying)])</onleft>
			<onleft condition="!Player.HasMedia">ClearProperty(TrailerPlaying,Home)</onleft>
			<onright condition="!String.IsEmpty(Window(Home).Property(TrailerPlaying)) + Player.HasMedia">StepForward</onright>
			<onright condition="String.IsEmpty(Window(Home).Property(TrailerPlaying)) + !Player.HasMedia">SetFocus(300)</onright>
			<onright condition="!String.IsEmpty(Window(Home).Property(TrailerPlaying)) + !Player.HasMedia">SetFocus($INFO[Window(Home).Property(TrailerPlaying)])</onright>
			<onright condition="!Player.HasMedia">ClearProperty(TrailerPlaying,Home)</onright>
			<onup condition="!String.IsEmpty(Window(Home).Property(TrailerPlaying)) + Player.HasMedia">Stop</onup>
			<onup condition="String.IsEmpty(Window(Home).Property(TrailerPlaying))">SetFocus(300)</onup>
			<onup condition="!String.IsEmpty(Window(Home).Property(TrailerPlaying))">SetFocus($INFO[Window(Home).Property(TrailerPlaying)])</onup>
			<onup>ClearProperty(TrailerPlaying,Home)</onup>
			<ondown condition="!String.IsEmpty(Window(Home).Property(TrailerPlaying)) + Player.HasMedia">Stop</ondown>
			<ondown condition="String.IsEmpty(Window(Home).Property(TrailerPlaying))">SetFocus(300)</ondown>
			<ondown condition="!String.IsEmpty(Window(Home).Property(TrailerPlaying))">SetFocus($INFO[Window(Home).Property(TrailerPlaying)])</ondown>
			<ondown>ClearProperty(TrailerPlaying,Home)</ondown>
			<onback>300</onback>
			<onback condition="!String.IsEmpty(Window(Home).Property(TrailerPlaying)) + Player.HasMedia">Stop</onback>
			<onback condition="String.IsEmpty(Window(Home).Property(TrailerPlaying))">SetFocus(300)</onback>
			<onback condition="!String.IsEmpty(Window(Home).Property(TrailerPlaying))">SetFocus($INFO[Window(Home).Property(TrailerPlaying)])</onback>
			<onback>ClearProperty(TrailerPlaying,Home)</onback>
			<oninfo>300</oninfo>
			<oninfo condition="!String.IsEmpty(Window(Home).Property(TrailerPlaying)) + Player.HasMedia">Stop</oninfo>
			<oninfo condition="String.IsEmpty(Window(Home).Property(TrailerPlaying))">SetFocus(300)</oninfo>
			<oninfo condition="!String.IsEmpty(Window(Home).Property(TrailerPlaying))">SetFocus($INFO[Window(Home).Property(TrailerPlaying)])</oninfo>
			<oninfo>ClearProperty(TrailerPlaying,Home)</oninfo>
			<include>Defs_Hidden_Button</include>
		</control>
		<control type="button" id="9004">
			<label>$LOCALIZE[31221]</label>
			<onclick>SetFocus(9501)</onclick>
			<include>Defs_Hidden_Button</include>
		</control>
		<control type="button" id="9005">
			<label>$LOCALIZE[29915]</label>
			<include>Defs_Hidden_Button</include>
			<onclick condition="String.IsEqual(ListItem.DbType,movie)">RunScript(script.extendedinfo,info=extendedinfo,name=$INFO[ListItem.Title],imdb_id=$INFO[ListItem.IMDBNumber])</onclick>
			<onclick condition="String.IsEqual(ListItem.DbType,tvshow) | String.IsEqual(ListItem.DbType,episode)">RunScript(script.extendedinfo,info=extendedtvinfo,name=$INFO[ListItem.TvShowTitle])</onclick>
			<visible>System.hasAddon(script.extendedinfo) + [String.IsEqual(ListItem.DbType,movie) | String.IsEqual(ListItem.DbType,tvshow) | String.IsEqual(ListItem.DbType,episode)]</visible>
			<onclick>SetFocus(300)</onclick>
		</control>
		<control type="button" id="9006">
			<label>20339</label>
			<onclick>SetFocus(9503)</onclick>
			<visible>String.IsEqual(ListItem.DBType,movie)</visible>
			<visible>!String.IsEmpty(ListItem.IMDBNumber)</visible>
			<include>Defs_Hidden_Button</include>
		</control>
		<control type="button" id="10">
			<description>Artwork (Get Thumb)</description>
			<label>$LOCALIZE[13405]</label>
			<include>Defs_Hidden_Button</include>
		</control>
		<control type="button" id="9001">
			<label>$LOCALIZE[31389]</label>
			<!-- If ADownloader installed but not ABeef then use AD otherwise prefer AB -->
			<!-- AD has been depreciated but some still use it -->
			<onclick condition="String.IsEqual(ListItem.DBType,tvshow) + System.HasAddon(script.artwork.downloader) + !System.HasAddon(script.artwork.beef)">RunScript(script.artwork.downloader, mode=gui, mediatype=tvshow, dbid=$INFO[ListItem.DBID])</onclick>
			<onclick condition="String.IsEqual(ListItem.DBType,movie) + System.HasAddon(script.artwork.downloader) + !System.HasAddon(script.artwork.beef)">RunScript(script.artwork.downloader, mode=gui, mediatype=movie, dbid=$INFO[ListItem.DBID])</onclick>
			<onclick condition="String.IsEqual(ListItem.DBType,episode) + System.HasAddon(script.artwork.beef)">RunScript(script.artwork.beef, mode=gui, mediatype=episode, dbid=$INFO[ListItem.DBID])</onclick>
			<onclick condition="String.IsEqual(ListItem.DBType,tvshow) + System.HasAddon(script.artwork.beef)">RunScript(script.artwork.beef, mode=gui, mediatype=tvshow, dbid=$INFO[ListItem.DBID])</onclick>
			<onclick condition="String.IsEqual(ListItem.DBType,movie) + System.HasAddon(script.artwork.beef)">RunScript(script.artwork.beef, mode=gui, mediatype=movie, dbid=$INFO[ListItem.DBID])</onclick>
			<description>Get Artwork</description>
			<include>Defs_Hidden_Button</include>
			<visible>[String.IsEqual(ListItem.DBType,tvshow) | String.IsEqual(ListItem.DBType,movie) | String.IsEqual(ListItem.DBType,musicvideo) | String.IsEqual(ListItem.DBType,episode)] + [system.hasaddon(script.artwork.downloader) | system.hasaddon(script.artwork.beef)]</visible>
		</control>
		<control type="button" id="9011">
			<label>$LOCALIZE[31388]</label>
			<!-- If ADownloader installed but not ABeef then use AD otherwise prefer AB -->
			<!-- AD has been depreciated but some still use it -->
			<onclick condition="String.IsEqual(ListItem.DBType,tvshow) + System.HasAddon(script.artwork.downloader) + !System.HasAddon(script.artwork.beef)">RunScript(script.artwork.downloader, mediatype=tvshow, dbid=$INFO[ListItem.DBID])</onclick>
			<onclick condition="String.IsEqual(ListItem.DBType,movie) + System.HasAddon(script.artwork.downloader) + !System.HasAddon(script.artwork.beef)">RunScript(script.artwork.downloader, mediatype=movie, dbid=$INFO[ListItem.DBID])</onclick>
			<onclick condition="String.IsEqual(ListItem.DBType,episode) + System.HasAddon(script.artwork.beef)">RunScript(script.artwork.beef, mode=auto, mediatype=tvshow, dbid=$INFO[ListItem.DBID])</onclick>
			<onclick condition="String.IsEqual(ListItem.DBType,tvshow) + System.HasAddon(script.artwork.beef)">RunScript(script.artwork.beef, mode=auto, mediatype=tvshow, dbid=$INFO[ListItem.DBID])</onclick>
			<onclick condition="String.IsEqual(ListItem.DBType,movie) + System.HasAddon(script.artwork.beef)">RunScript(script.artwork.beef, mode=auto, mediatype=movie, dbid=$INFO[ListItem.DBID])</onclick>
			<description>Get Artwork</description>
			<include>Defs_Hidden_Button</include>
			<visible>[String.IsEqual(ListItem.DBType,tvshow) | String.IsEqual(ListItem.DBType,movie) | String.IsEqual(ListItem.DBType,musicvideo) | String.IsEqual(ListItem.DBType,episode)] + [system.hasaddon(script.artwork.downloader) | system.hasaddon(script.artwork.beef)]</visible>
		</control>
		<control type="button" id="6">
			<description>Refresh</description>
			<label>184</label>
			<include>Defs_Hidden_Button</include>
		</control>
		<control type="button" id="7">
			<description>Userrating</description>
			<include>Defs_Hidden_Button</include>
		</control>
		<control type="button" id="430">
			<width>1</width>
			<height>1</height>
			<left>-2000</left>
			<animation effect="fade" time="300" start="100" end="0">Focus</animation>
			<onfocus>SetFocus(9000)</onfocus>
			<onclick>noop</onclick>
			<visible allowhiddenfocus="true">Control.HasFocus(430)</visible>
		</control>
		<control type="button" id="431">
			<width>1</width>
			<height>1</height>
			<left>-2000</left>
			<animation effect="fade" time="300" start="100" end="0">Focus</animation>
			<onfocus>SetFocus(9000)</onfocus>
			<onclick>noop</onclick>
			<visible allowhiddenfocus="true">Control.HasFocus(431)</visible>
		</control>
		<control type="group">
			<visible>ControlGroup(9957).HasFocus()</visible>
			<include>Animation_FadeIn</include>
			<include>Global_Overlay</include>
		</control>
		<control type="group">
			<visible>ControlGroup(9957).HasFocus()</visible>
			<include>Animation_FadeIn_SlideUp</include>
			<control type="group">
				<height>242</height>
				<include>Defs_Powermenu_Group</include>
				<include>Defs_Options_Texture</include>
				<control type="label">
					<top>8</top>
					<width>458</width>
					<height>80</height>
					<left>8</left>
					<textcolor>dialog_fg_70</textcolor>
					<font>font_small_bold</font>
					<label>$INFO[Container(50).ListItem.Label]</label>
					<align>left</align>
					<textoffsetx>30</textoffsetx>
				</control>
				<control type="image">
					<top>16</top>
					<width>458</width>
					<height>64</height>
					<left>-8</left>
					<aspectratio align="right">keep</aspectratio>
					<texture colordiffuse="dialog_fg_70">special://skin/extras/icons/kodi.png</texture>
				</control>
				<control type="image">
					<left>8</left>
					<width>450</width>
					<top>86</top>
					<height>70</height>
					<texture colordiffuse="$VAR[ColorHighlight]">common/white.png</texture>
					<animation effect="slide" end="0,70" condition="Integer.IsGreater(Container(9957).Position,0)">Conditional</animation>
				</control>
				<control type="grouplist" id="9957">
					<left>8</left>
					<bottom>16</bottom>
					<width>450</width>
					<top>86</top>
					<itemgap>0</itemgap>
					<control type="button" id="9959">
						<description>Buttons</description>
						<onleft>SetFocus(9950)</onleft>
						<onright>SetFocus(9950)</onright>
						<onback>9950</onback>
						<onclick>SetFocus(50)</onclick>
						<onclick>Select</onclick>
						<onclick>SetFocus(9950)</onclick>
						<width>458</width>
						<label>$LOCALIZE[31046]</label>
						<include>Defs_Context_Button</include>
					</control>
					<control type="button" id="9958">
						<description>Buttons</description>
						<onleft>SetFocus(9950)</onleft>
						<onright>SetFocus(9950)</onright>
						<onback>9950</onback>
						<width>458</width>
						<label>$LOCALIZE[31178]</label>
						<onclick>SetFocus(9950)</onclick>
						<onclick>RunScript(plugin.video.themoviedb.helper,add_query=$INFO[Container(50).ListItem.Label],type=person,call_id=1137,prevent_del,delay=0.35)</onclick>
						<include>Defs_Context_Button</include>
					</control>
				</control>
			</control>
		</control>
		<control type="group">
			<visible>Control.HasFocus(9991)</visible>
			<include>Animation_FadeIn</include>
			<include>Animation_FadeOut</include>
			<control type="button" id="9991">
				<include>Defs_Hidden_Button</include>
				<onleft>Control.Move(9504,-1)</onleft>
				<onright>Control.Move(9504,1)</onright>
				<onup>Control.Move(9504,-1)</onup>
				<ondown>Control.Move(9504,1)</ondown>
				<onback>9504</onback>
				<oninfo>9504</oninfo>
				<onclick>SetFocus(9504)</onclick>
			</control>
			<control type="image">
				<texture colordiffuse="ff000000">common/white.png</texture>
			</control>
			<control type="group">
				<animation effect="slide" start="0" end="-1920" condition="!Container(9504).OnNext" reversible="false" time="300" tween="quadratic">Conditional</animation>
				<animation effect="slide" start="0" end="1920" condition="!Container(9504).OnPrevious" reversible="false" time="300" tween="quadratic">Conditional</animation>
				<control type="image">
					<width>1920</width>
					<height>1080</height>
					<left>-1920</left>
					<aspectratio>keep</aspectratio>
					<texture background="true">$INFO[Container(9504).ListItem(-1).FileNameAndPath]</texture>
				</control>
				<control type="image">
					<width>1920</width>
					<height>1080</height>
					<aspectratio>keep</aspectratio>
					<texture background="true">$INFO[Container(9504).ListItem.FileNameAndPath]</texture>
				</control>
				<control type="image">
					<width>1920</width>
					<height>1080</height>
					<left>1920</left>
					<aspectratio>keep</aspectratio>
					<texture background="true">$INFO[Container(9504).ListItem(1).FileNameAndPath]</texture>
				</control>
			</control>
		</control>
	</include>
	<include name="widget_info_top_quackfx">
		<top>140</top>
	</include>
	<include name="widget_info_top_netflix">
		<top>120</top>
	</include>
	<include name="DialogVideoInfo_Netflix">
		<control type="group">
			<!--
      <animation type="WindowOpen" reversible="false">
       	<effect type="fade" start="50" end="100" time="12000"/>
      </animation>
      <animation type="WindowClose" reversible="false">
        <effect type="fade" start="100" end="50" time="200"/>
      </animation>
-->
			<animation effect="fade" start="0" end="100" time="900" condition="Window.IsVisible(DialogVideoInfo.xml)">Conditional</animation>
			<control type="image">
				<visible>Player.HasVideo</visible>
				<texture background="true" colordiffuse="FF000000">common/white.png</texture>
				<width>100%</width>
				<height>100%</height>
			</control>
			<control type="group">
				<top>0</top>
				<width>100%</width>
				<height>100%</height>
				<control type="videowindow"/>
				<control type="image">
					<animation effect="fade" start="100" end="0" delay="200" time="2000" pulse="false" condition="Skin.HasSetting(VideoInfo.HideTrailer) + Player.HasVideo + !String.IsEmpty(Window(Home).Property(TrailerPlaying))">Conditional</animation>
					<texture flipx="true" colordiffuse="ff000000" border="15">overlay/gradient_overlay_info.png</texture>
				</control>
			</control>
			<!-- Fanart Background -->
			<control type="group">
				<control type="image">
					<width>100%</width>
					<height>100%</height>
					<animation effect="fade" start="100" end="0" delay="200" time="2000" reversible="false" pulse="false" condition="Player.HasVideo">Conditional</animation>
					<texture background="true" colordiffuse="FF000000">common/white.png</texture>
					<aspectratio scalediffuse="true" aligny="top">scale</aspectratio>
				</control>
				<control type="multiimage">
					<width>100%</width>
					<height>100%</height>
					<imagepath background="true">$VAR[fanart_multi_fadelabel]</imagepath>
					<animation effect="fade" start="100" end="0" delay="200" time="2000" pulse="false" reversible="false" condition="Player.HasVideo">Conditional</animation>
					<aspectratio scalediffuse="true" align="right" aligny="top">scale</aspectratio>
					<timeperimage>2000</timeperimage>
					<fadetime>2000</fadetime>
					<pauseatend>10000</pauseatend>
					<randomize>false</randomize>
					<loop>no</loop>
					<visible>!String.Contains(ListItem.Art(fanart),w1280None)</visible>
					<include>animation_image_zoom</include>
				</control>
				<control type="image">
					<width>130%</width>
					<texture flipx="true" colordiffuse="ff000000" border="15">overlay/gradient_overlay_info.png</texture>
					<animation effect="fade" start="100" end="0" delay="200" time="2000" pulse="false" reversible="false" condition="Player.HasVideo">Conditional</animation>
				</control>
				<control type="image">
					<visible>Control.HasFocus(9601) | Skin.HasSetting(VideoInfo.LargePlot) | ControlGroup(9000).HasFocus | Control.HasFocus(8999)</visible>
					<animation effect="fade" start="100" end="0" delay="200" time="2000" pulse="false" condition="Skin.HasSetting(VideoInfo.HideTrailer) + Player.HasVideo + !String.IsEmpty(Window(Home).Property(TrailerPlaying))">Conditional</animation>
					<animation effect="fade" start="10" end="100" time="300">Visible</animation>
					<texture background="true" colordiffuse="89000000">common/white.png</texture>
					<width>100%</width>
					<height>100%</height>
				</control>
			</control>
			<control type="image" id="7878">
				<right>20</right>
				<bottom>50</bottom>
				<texture background="true">$INFO[ListItem.Studio,resource://resource.images.studios.coloured/,.png]</texture>
				<aspectratio>stretch</aspectratio>
				<height>108</height>
				<width>150</width>
			</control>
			<!-- Clearlogo and Fallback Title -->
			<control type="group">
				<left>20</left>
				<control type="grouplist">
					<animation effect="fade" start="100" end="0" delay="200" time="2000" pulse="false" condition="Skin.HasSetting(VideoInfo.HideTrailer) + Player.HasVideo +  !String.IsEmpty(Window(Home).Property(TrailerPlaying))">Conditional</animation>
					<itemgap>0</itemgap>
					<usecontrolcoords>true</usecontrolcoords>
					<orientation>vertical</orientation>
					<height>1500</height>
					<left>10</left>
					<control type="image" id="55443">
						<left>0</left>
						<right>$PARAM[titleright]</right>
						<height>218</height>
						<width>563</width>
						<align>left</align>
						<aspectratio align="left" aligny="center">keep</aspectratio>
						<texture background="true">$VAR[NetflixHome_ClearLogo]</texture>
					</control>
					<control type="label">
						<visible>[String.IsEqual(ListItem.DBType,episode) | String.IsEqual(ListItem.DBType,movie) | String.IsEqual(ListItem.DBType,tvshow) | String.IsEqual(ListItem.DBType,season) | !String.IsEmpty(ListItem.ChannelName)] + String.IsEmpty(ListItem.Art(tvshow.clearlogo)) + String.IsEmpty(ListItem.Art(clearlogo)) + String.IsEmpty(Window(Home).Property(SkinHelper.ListItem.Art.ClearLogo))</visible>
						<top>-190</top>
						<label>$VAR[video_heading]</label>
						<textcolor>grey</textcolor>
						<shadowcolor>black</shadowcolor>
						<font>font_showcase_title</font>
						<width>730</width>
						<height min="30" max="110">auto</height>
						<align>left</align>
						<aligny>center</aligny>
						<wrapmultiline>true</wrapmultiline>
						<scroll>true</scroll>
					</control>
					<!-- Netflix Info line -->
					<control type="group">
						<visible>!Control.HasFocus(8999) + !ControlGroup(9000).HasFocus</visible>
						<visible>!Control.HasFocus(9550)</visible>
						<top>30</top>
						<height>60</height>
						<include>netflix_infoline</include>
					</control>
					<!-- Plot and Tagline -->
					<control type="textbox">
						<top>10</top>
						<visible>!Skin.HasSetting(VideoInfo.LargePlot) + !Control.HasFocus(9550)</visible>
						<label fallback="19055">[COLOR=white]$VAR[Label_Netflix_Tagline][CR][/COLOR]$INFO[ListItem.Artist,[B],[/B][CR]]$VAR[Label_Plot]</label>
						<height min="60" max="246">auto</height>
						<width>750</width>
						<aligny>top</aligny>
						<textcolor>dimgrey</textcolor>
						<font>font_plotbox</font>
						<autoscroll delay="5000" time="1500" repeat="5000">true</autoscroll>
						<visible>!Control.HasFocus(9601) + !Control.HasFocus(8999) + !ControlGroup(9000).HasFocus</visible>
					</control>
					<control type="textbox">
						<left>0</left>
						<description>textarea</description>
						<height min="100" max="400">auto</height>
						<width>90%</width>
						<align>left</align>
						<textcolor>main_fg_70</textcolor>
						<font>font_overlay_plotbox</font>
						<label fallback="19055">[COLOR=white]$VAR[Label_Netflix_Tagline][CR][/COLOR]$INFO[ListItem.Artist,[B],[/B][CR]]$VAR[Label_Plot]</label>
						<visible>!Control.HasFocus(9601) + !Control.HasFocus(8999) + !ControlGroup(9000).HasFocus</visible>
						<visible>Skin.HasSetting(VideoInfo.LargePlot) + !Control.HasFocus(9550)</visible>
						<autoscroll delay="5000" time="1500" repeat="5000">false</autoscroll>
					</control>
					<control type="label">
						<height>40</height>
						<visible>Skin.HasSetting(VideoInfo.LargePlot) + !Control.HasFocus(9550)</visible>
						<visible>!Control.HasFocus(9601) + !Control.HasFocus(8999) + !ControlGroup(9000).HasFocus</visible>
					</control>
					<control type="group">
						<animation effect="zoom" end="150" time="0" condition="Skin.HasSetting(VideoInfo.LargePlot)">Conditional</animation>
						<height>80</height>
						<right>490</right>
						<visible>Skin.HasSetting(VideoInfo.LargePlot) + !Control.HasFocus(9550)</visible>
						<visible>!Control.HasFocus(9601) + !Control.HasFocus(8999) + !ControlGroup(9000).HasFocus</visible>
						<include content="Object_Ratings" condition="Window.IsVisible(DialogVideoInfo.xml) | Window.IsVisible(MyVideoNav.xml) | Window.IsVisible(Home.xml) | Window.IsVisible(script-globalsearch.xml)">
							<param name="directory" value="color"/>
							<param name="align" value="left"/>
							<param name="width" value="1400"/>
							<param name="rottentomatoes" value="true"/>
							<param name="imdbvotes" value="true"/>
							<param name="usermeter" value="true"/>
							<param name="imdb" value="true"/>
							<param name="tmdb" value="true"/>
							<param name="metacritic" value="true"/>
							<param name="oscars" value="true"/>
							<param name="top250" value="true"/>
							<param name="plot" value="false"/>
							<param name="studio" value="false"/>
						</include>
					</control>
					<control type="label">
						<height>15</height>
					</control>
					<control type="group">
						<visible>!Skin.HasSetting(VideoInfo.LargePlot) + !Control.HasFocus(9601) + !Control.HasFocus(8999) + !ControlGroup(9000).HasFocus</visible>
						<control type="grouplist">
							<visible>!Control.HasFocus(9550)</visible>
							<orientation>vertical</orientation>
							<top>20</top>
							<height>300</height>
							<control type="group">
								<visible>!Control.HasFocus(9550)</visible>
								<top>10</top>
								<height>55</height>
								<right>440</right>
								<include content="Object_Ratings">
									<param name="directory" value="color"/>
									<param name="align" value="left"/>
									<param name="width" value="1400"/>
									<param name="rottentomatoes" value="true"/>
									<param name="imdbvotes" value="true"/>
									<param name="usermeter" value="true"/>
									<param name="imdb" value="true"/>
									<param name="tmdb" value="true"/>
									<param name="tvdb" value="true"/>
									<param name="metacritic" value="true"/>
									<param name="oscars" value="true"/>
									<param name="top250" value="false"/>
									<param name="plot" value="false"/>
									<param name="studio" value="false"/>
								</include>
								<control type="image">
									<top>10</top>
									<width>30</width>
									<height>30</height>
									<colordiffuse>grey</colordiffuse>
									<texture>flags/rating.png</texture>
								</control>
							</control>
							<control type="group">
								<width>1200</width>
								<height min="30" max="50">auto</height>
								<visible>!String.IsEmpty(Control.GetLabel(1110))</visible>
								<control type="image">
									<left>-15</left>
									<width>55</width>
									<height>55</height>
									<colordiffuse>dimgrey</colordiffuse>
									<texture>special://skin/extras/icons/person3.png</texture>
									<aspectratio>scale</aspectratio>
								</control>
								<control type="label" id="1110">
									<left>55</left>
									<width>700</width>
									<height min="30" max="50">auto</height>
									<font>Netflix_Info_main</font>
									<label>$VAR[cast_list]</label>
									<textcolor>dimgrey</textcolor>
									<autoscroll>true</autoscroll>
									<wrapmultiline>true</wrapmultiline>
								</control>
							</control>
							<!-- director -->
							<control type="group">
								<width>530</width>
								<height>40</height>
								<visible>!String.IsEmpty(Control.GetLabel(1111))</visible>
								<control type="image">
									<left>-8</left>
									<width>45</width>
									<height>45</height>
									<colordiffuse>dimgrey</colordiffuse>
									<texture>special://skin/extras/icons/director.png</texture>
								</control>
								<control type="label" id="1111">
									<height>40</height>
									<left>55</left>
									<font>Netflix_Info_main</font>
									<textcolor>dimgrey</textcolor>
									<width max="700">auto</width>
									<label>$VAR[Label_Director]</label>
								</control>
							</control>
							<!-- genre -->
							<control type="group">
								<width>1200</width>
								<height>40</height>
								<visible>!String.IsEmpty(Control.GetLabel(1112))</visible>
								<control type="image">
									<top>-3</top>
									<left>-8</left>
									<width>45</width>
									<height>45</height>
									<colordiffuse>dimgrey</colordiffuse>
									<texture>dialogs/videoinfo/genre-icon.png</texture>
								</control>
								<control type="label" id="1112">
									<left>55</left>
									<width>700</width>
									<font>Netflix_Info_main</font>
									<align>left</align>
									<label>$VAR[Label_Genre]</label>
									<textcolor>dimgrey</textcolor>
									<scroll>false</scroll>
								</control>
							</control>
							<!-- awards -->
							<control type="group">
								<width>1200</width>
								<height>30</height>
								<visible>!String.IsEmpty(Window(Home).Property(SkinHelper.ListItem.Awards))</visible>
								<control type="image">
									<width>30</width>
									<height>30</height>
									<colordiffuse>dimgrey</colordiffuse>
									<texture>netflix/trophy.png</texture>
								</control>
								<control type="label">
									<left>55</left>
									<width>700</width>
									<font>Netflix_Info_main</font>
									<align>left</align>
									<label>$INFO[Window(Home).Property(SkinHelper.ListItem.Awards)]</label>
									<textcolor>dimgrey</textcolor>
									<scroll>false</scroll>
								</control>
							</control>
						</control>
					</control>
				</control>
				<!-- Buttons -->
				<control type="grouplist" id="9570">
					<visible allowhiddenfocus="true">!Control.HasFocus(8999) + !ControlGroup(9000).HasFocus</visible>
					<visible allowhiddenfocus="true">!Control.HasFocus(9601) + !Control.HasFocus(9550)</visible>
					<orientation>vertical</orientation>
					<onleft>9601</onleft>
					<onright>9601</onright>
					<onup>9570</onup>
					<ondown>9570</ondown>
					<bottom>5</bottom>
					<height>202.5</height>
					<width>650</width>
					<control type="radiobutton" id="87">
						<include name="netflix_button" content="netflix_button">
							<param name="icon" value="play"/>
						</include>
						<radiowidth>25</radiowidth>
						<radioheight>28</radioheight>
						<radioposx>13</radioposx>
						<onclick condition="!String.IsEmpty(ListItem.FileNameAndPath)">RunScript(plugin.video.themoviedb.helper,close_dialog=1190,playmedia=$INFO[ListItem.FileNameAndPath])</onclick>
						<onclick condition="String.IsEmpty(ListItem.DBID)">close</onclick>
						<onclick condition="String.IsEmpty(ListItem.FileNameAndPath) + String.IsEqual(ListItem.DBType,movie) + !String.IsEmpty(ListItem.Property(tmdb_id))">RunScript(plugin.video.themoviedb.helper,close_dialog=1190,playmedia=plugin://plugin.video.themoviedb.helper/?info=play&amp;type=movie&amp;tmdb_id=$INFO[ListItem.Property(tmdb_id)])</onclick>
						<onclick condition="String.IsEmpty(ListItem.FileNameAndPath) + String.IsEqual(ListItem.DBType,episode) + !String.IsEmpty(ListItem.Property(tvshow.tmdb_id))">RunScript(plugin.video.themoviedb.helper,close_dialog=1190,playmedia=plugin://plugin.video.themoviedb.helper/?info=play&amp;type=episode&amp;tmdb_id=$INFO[ListItem.Property(tvshow.tmdb_id)]&amp;season=$INFO[ListItem.Season]&amp;episode=$INFO[ListItem.Episode])</onclick>
						<onclick condition="String.IsEmpty(ListItem.FileNameAndPath) + String.IsEqual(ListItem.DBType,movie) + String.IsEmpty(ListItem.Property(tmdb_id))">RunScript(plugin.video.themoviedb.helper,close_dialog=1190,playmedia=plugin://plugin.video.themoviedb.helper/?info=play&amp;type=movie&amp;query=$INFO[ListItem.Title])</onclick>
						<onclick condition="String.IsEmpty(ListItem.FileNameAndPath) + String.IsEqual(ListItem.DBType,episode) + String.IsEmpty(ListItem.Property(tvshow.tmdb_id))">RunScript(plugin.video.themoviedb.helper,close_dialog=1190,playmedia=plugin://plugin.video.themoviedb.helper/?info=play&amp;type=episode&amp;query=$INFO[ListItem.TvShowTitle]&amp;season=$INFO[ListItem.Season]&amp;episode=$INFO[ListItem.Episode])</onclick>
						<visible>String.IsEmpty(Window(home).Property(TrailerPlaying)) + [String.IsEmpty(ListItem.DBID) | [!String.IsEmpty(ListItem.DBID) + !String.IsEmpty(ListItem.Property(tmdb_id))] + [String.IsEqual(ListItem.DBtype,movie) | String.IsEqual(ListItem.DBtype,episode)]] + !ListItem.IsResumable + !Control.IsVisible(33)</visible>
						<label>Play $VAR[videoinfo_play_label]</label>
						<onclick>ClearProperty(BaseWindow,Home)</onclick>
					</control>
					<control type="radiobutton" id="8">
						<include name="netflix_button" content="netflix_button">
							<param name="icon" value="play"/>
						</include>
						<radiowidth>25</radiowidth>
						<radioheight>28</radioheight>
						<radioposx>13</radioposx>
						<visible>String.IsEmpty(Window(home).Property(TrailerPlaying)) + !String.IsEmpty(ListItem.DBID) +  [String.IsEqual(ListItem.DBtype,movie) | String.IsEqual(ListItem.DBtype,episode)] + !ListItem.IsResumable + !Control.IsVisible(33) + !String.Contains(ListItem.FolderPath,plugin.video.themoviedb.helper)</visible>
						<label>Play $VAR[videoinfo_play_label]</label>
						<onclick>ClearProperty(BaseWindow,Home)</onclick>
					</control>
					<control type="radiobutton" id="88">
						<include name="netflix_button" content="netflix_button">
							<param name="icon" value="play"/>
						</include>
						<radiowidth>25</radiowidth>
						<radioheight>28</radioheight>
						<radioposx>13</radioposx>
						<onclick condition="String.StartsWith(ListItem.FolderPath,plugin://plugin.video.themoviedb.helper)">RunPlugin(plugin://plugin.video.themoviedb.helper/?info=play&amp;season=1&amp;type=episode&amp;episode=1&amp;tmdb_id=$INFO[ListItem.Property(tmdb_id)])</onclick>
						<visible>Skin.HasSetting(VideoInfoButton.QuickPlay) + String.StartsWith(ListItem.FolderPath,plugin://plugin.video.themoviedb.helper) + String.IsEqual(ListItem.DBTYPE,tvshow)</visible>
						<label>Quick Play</label>
						<onclick>ClearProperty(BaseWindow,Home)</onclick>
					</control>
					<!-- Resume -->
					<control type="radiobutton" id="9">
						<include name="netflix_button" content="netflix_button">
							<param name="icon" value="play"/>
						</include>
						<radiowidth>25</radiowidth>
						<radioheight>28</radioheight>
						<radioposx>13</radioposx>
						<visible>ListItem.IsResumable + String.IsEmpty(Window(home).Property(TrailerPlaying))</visible>
						<label>Resume</label>
					</control>
					<control type="group" id="332">
						<visible>Control.IsVisible(9)</visible>
						<include>resume_progress</include>
					</control>
					<control type="radiobutton" id="888">
						<include name="netflix_button" content="netflix_button">
							<param name="icon" value="play_beginning"/>
						</include>
						<radiowidth>25</radiowidth>
						<radioheight>28</radioheight>
						<radioposx>13</radioposx>
						<onclick>PlayMedia($ESCINFO[ListItem.FileNameAndPath],noresume)</onclick>
						<visible>ListItem.IsResumable + !String.Contains(ListItem.FolderPath,plugin.video.themoviedb.helper) + String.IsEmpty(Window(home).Property(TrailerPlaying))</visible>
						<label>Play from Beginning</label>
						<onclick>ClearProperty(BaseWindow,Home)</onclick>
					</control>
					<!-- Search TMDB -->
					<control type="radiobutton" id="89">
						<include name="netflix_button" content="netflix_button">
							<param name="icon" value="search"/>
						</include>
						<radiowidth>45</radiowidth>
						<radioheight>48</radioheight>
						<radioposx>2</radioposx>
						<onclick>Dialog.Close(all,force)</onclick>
						<onclick>Skin.Reset(TMDBSearchTerm)</onclick>
						<onclick>Skin.SetString(CustomSearchTerm,$INFO[ListItem.Title])</onclick>
						<onclick>Skin.SetString(TMDB_Search,INFO[ListItem.Title])</onclick>
						<onclick>RunScript(plugin.video.themoviedb.helper,reset_path)</onclick>
						<onclick>ActivateWindow(1136)</onclick>
						<visible>Skin.HasSetting(VideoInfoButton.Search) + String.IsEmpty(Window(home).Property(TrailerPlaying)) + !Window.IsVisible(1138) + String.Contains(ListItem.FolderPath,plugin.video.themoviedb.helper)</visible>
						<label>Search</label>
					</control>
					<!--More episodes-->
					<control type="radiobutton" id="33">
						<include name="netflix_button" content="netflix_button">
							<param name="icon" value="more_episodes"/>
						</include>
						<radiowidth>25</radiowidth>
						<radioheight>28</radioheight>
						<radioposx>13</radioposx>
						<visible>String.IsEmpty(Window(home).Property(TrailerPlaying)) + !Skin.HasSetting(VideoInfoButton.MoreEps) + [String.IsEqual(ListItem.DBTYPE,tvshow) | String.IsEqual(ListItem.Property(DBTYPE),tvshow) | String.IsEqual(Window(Home).Property(ListItem.DBTYPE,tvshow)) | String.IsEqual(Window(Home).Property(ListItem.Property(DBTYPE)),tvshow)]</visible>
						<label>Episodes</label>
						<onclick>Skin.SetString(AddonContainer,false)</onclick>
						<onclick>close</onclick>
						<onclick condition="Skin.HasSetting(EnableShowInfo) + Window.IsVisible(1138)">ActivateWindow(Home)</onclick>
						<onclick condition="String.IsEmpty(ListItem.DBID) + !String.Contains(ListItem.FolderPath,plugin.video.themoviedb.helper) + String.IsEqual(Skin.String(AddonContainer),true)">ActivateWindow(10025,$ESCINFO[Container(5055).ListItem.FileNameAndPath],return)</onclick>
						<onclick condition="String.IsEqual(Skin.String(AddonContainer),false)">ActivateWindow(10025,$ESCINFO[ListItem.FileNameAndPath],return)</onclick>
						<!--            <onclick condition="String.Contains(ListItem.FolderPath,plugin.video.themoviedb.helper)">SetFocus(8999,1)</onclick> -->
						<onclick condition="!String.IsEmpty(ListItem.DBID) + !String.Contains(ListItem.FolderPath,plugin.video.themoviedb.helper)">ActivateWindow(Videos,videodb://tvshows/titles/$INFO[ListItem.DBID]/,return)</onclick>
					</control>
					<control type="radiobutton" id="38">
						<include name="netflix_button" content="netflix_button">
							<param name="icon" value="actors"/>
						</include>
						<radiowidth>45</radiowidth>
						<radioheight>48</radioheight>
						<radioposx>2</radioposx>
						<label>Cast &amp; More</label>
						<onclick>SetFocus(8999,0)</onclick>
						<visible>String.IsEmpty(Window(home).Property(TrailerPlaying)) + !Skin.HasSetting(VideoInfo.Disable) + !Skin.HasSetting(VideoInfoButton.CastMore)</visible>
					</control>
					<control type="radiobutton" id="381">
						<include name="netflix_button" content="netflix_button">
							<param name="icon" value="trakttv"/>
						</include>
						<radiowidth>45</radiowidth>
						<radioheight>48</radioheight>
						<radioposx>2</radioposx>
						<label>Add/Remove from Watchlist</label>
						<onclick condition="String.IsEqual(ListItem.DBType,movie)">RunScript(plugin.video.themoviedb.helper,sync_trakt=watchlist,tmdb_id=$INFO[ListItem.Property(tmdb_id)],type=movie,cache_refresh)</onclick>
						<onclick condition="String.IsEqual(ListItem.DBType,tvshow)">RunScript(plugin.video.themoviedb.helper,sync_trakt=watchlist,tmdb_id=$INFO[ListItem.Property(tmdb_id)],type=tv)</onclick>
						<visible>!String.IsEmpty(Window(Home).Property(TMDbHelper.TraktIsAuth)) + [String.IsEqual(ListItem.DBType,tvshow) | String.IsEqual(ListItem.DBType,movie)] + String.IsEmpty(Window(home).Property(TrailerPlaying)) + !Skin.HasSetting(VideoInfoButton.Watchlist) + !Skin.HasSetting(VideoInfo.Disable) + !String.IsEmpty(ListItem.Property(tmdb_id))</visible>
					</control>
					<!-- Trailer-->
					<control type="radiobutton" id="34">
						<onfocus condition="!Player.HasVideo + !String.IsEmpty(Window(home).Property(TrailerPlaying))">ClearProperty(TrailerPlaying,Home)</onfocus>
						<include name="netflix_button" content="netflix_button">
							<param name="icon" value="director"/>
						</include>
						<radiowidth>45</radiowidth>
						<radioheight>48</radioheight>
						<radioposx>2</radioposx>
						<visible>!Skin.HasSetting(VideoInfoButton.Trailer) + !Player.HasVideo + [String.IsEqual(ListItem.DBType,tvshow) | String.IsEqual(ListItem.DBType,movie)] + [!String.IsEmpty(ListItem.Trailer) | !String.IsEmpty(Window(Home).Property(SkinHelper.ListItem.Trailer))]</visible>
						<label>Trailer</label>
						<onclick condition="!Player.HasVideo + !String.IsEmpty(ListItem.Trailer) + [String.IsEqual(ListItem.DBTYPE,movie) | String.IsEqual(ListItem.DBTYPE,tvshow)]">PlayMedia($INFO[ListItem.Trailer],1)</onclick>
						<onclick condition="!Player.HasVideo + String.IsEmpty(ListItem.Trailer)">Playmedia($INFO[Window(Home).Property(SkinHelper.ListItem.Trailer)],1)</onclick>
						<onclick condition="!Player.HasVideo + [!String.IsEmpty(ListItem.Trailer) | !String.IsEmpty(Window(Home).Property(SkinHelper.ListItem.Trailer))]">SetProperty(TrailerPlaying,fullscreen,home)</onclick>
					</control>
					<!-- Fullscreen -->
					<control type="radiobutton" id="35">
						<include name="netflix_button" content="netflix_button">
							<param name="icon" value="fullscreen"/>
						</include>
						<radiowidth>45</radiowidth>
						<radioheight>48</radioheight>
						<radioposx>2</radioposx>
						<visible>Player.HasVideo + [String.IsEqual(ListItem.DBType,tvshow) | String.IsEqual(ListItem.DBType,movie)]</visible>
						<label>Fullscreen</label>
						<onclick condition="Player.HasVideo">FullScreen</onclick>
						<onclick condition="Player.HasVideo">SetProperty(BaseWindow,InfoDialog,Home)</onclick>
					</control>
					<!-- Stop -->
					<control type="radiobutton" id="36">
						<include name="netflix_button" content="netflix_button">
							<param name="icon" value="stop"/>
						</include>
						<radiowidth>45</radiowidth>
						<radioheight>48</radioheight>
						<radioposx>2</radioposx>
						<label>Stop</label>
						<visible>Player.HasVideo</visible>
						<onclick>Stop</onclick>
						<onclick>ClearProperty(TrailerPlaying,Home)</onclick>
						<onclick>ClearProperty(InfoDialog,Home)</onclick>
					</control>
					<!-- Extended Info  -->
					<control type="radiobutton" id="37">
						<include name="netflix_button" content="netflix_button">
							<param name="icon" value="info"/>
						</include>
						<radiowidth>25</radiowidth>
						<radioheight>28</radioheight>
						<radioposx>8</radioposx>
						<label>Extended Info</label>
						<onclick condition="String.IsEqual(ListItem.DBType,movie)">RunScript(script.extendedinfo,info=extendedinfo,dbid=$INFO[ListItem.DBID],name=$INFO[ListItem.Title])</onclick>
						<onclick condition="String.IsEqual(ListItem.DBType,tvshow)">RunScript(script.extendedinfo,info=extendedtvinfo,dbid=$INFO[ListItem.DBID],name=$INFO[ListItem.TvShowTitle])</onclick>
						<onclick condition="String.IsEqual(ListItem.DBType,season)">RunScript(script.extendedinfo,info=seasoninfo,tvshow=$INFO[ListItem.TvShowTitle],season=$INFO[ListItem.Season],silent=True)</onclick>
						<onclick condition="String.IsEqual(ListItem.DBType,episode)">RunScript(script.extendedinfo,info=extendedepisodeinfo,dbid=$INFO[ListItem.DBID],tvshow=$INFO[ListItem.TvShowTitle],season=$INFO[ListItem.Season],episode=$INFO[ListItem.Episode],silent=True)</onclick>
						<visible>String.IsEmpty(Window(home).Property(TrailerPlaying)) + !Skin.HasSetting(VideoInfoButton.EIS)</visible>
					</control>
					<!-- Refresh -->
					<control type="radiobutton" id="6">
						<visible>Control.IsEnabled(6)</visible>
						<visible>String.IsEmpty(Window(home).Property(TrailerPlaying)) + !String.IsEmpty(ListItem.DBID) + !Skin.HasSetting(VideoInfoButton.Refresh)</visible>
						<label>184</label>
						<include name="netflix_button" content="netflix_button">
							<param name="icon" value="sinchronize"/>
						</include>
						<radiowidth>25</radiowidth>
						<radioheight>28</radioheight>
						<radioposx>8</radioposx>
					</control>
					<!-- Choose Artwork -->
					<control type="radiobutton" id="10">
						<visible>Control.IsEnabled(10)</visible>
						<visible>String.IsEmpty(Window(home).Property(TrailerPlaying)) + !String.IsEmpty(ListItem.DBID) + !Skin.HasSetting(VideoInfoButton.Art)</visible>
						<label>Choose Artwork</label>
						<include name="netflix_button" content="netflix_button">
							<param name="icon" value="pictures"/>
						</include>
						<radiowidth>25</radiowidth>
						<radioheight>28</radioheight>
						<radioposx>8</radioposx>
					</control>
				</control>
				<control type="group">
					<include content="Object_PlotOverlay">
						<param name="visible" value="!Window.IsVisible(script-script.extendedinfo-DialogVideoInfo.xml) + !Window.IsVisible(script-script.extendedinfo-DialogInfo.xml)"/>
					</include>
				</control>
			</control>
			<control type="group">
				<include>Logo</include>
				<visible>!Player.HasVideo + !Window.IsVisible(busydialog)</visible>
			</control>
			<control type="list" id="8999">
				<onleft>9570</onleft>
				<ondown>8999</ondown>
				<onright>9000</onright>
				<onback>9570</onback>
				<visible allowhiddenfocus="true">Control.HasFocus(8999) | ControlGroup(9000).HasFocus</visible>
				<orientation>vertical</orientation>
				<top>280</top>
				<left>40</left>
				<animation effect="fade" start="0" end="1000" time="400">Visible</animation>
				<itemlayout width="240" height="75">
					<control type="label">
						<label>$INFO[ListItem.Label]</label>
						<align>left</align>
						<font>font_medium</font>
						<textcolor>dimgrey</textcolor>
					</control>
				</itemlayout>
				<focusedlayout width="250" height="80">
					<control type="label">
						<align>left</align>
						<label>$INFO[ListItem.Label]</label>
						<font>font_large_bold</font>
						<textcolor>white</textcolor>
						<shadowcolor>dimgrey</shadowcolor>
					</control>
				</focusedlayout>
				<content>
					<item id="13">
						<label>More Info</label>
						<visible>!String.IsEmpty(ListItem.Property(rottentomatoes_consensus)) | !String.IsEmpty(Window(Home).Property(TMDbHelper.ListItem.RottenTomatoes_Consensus))</visible>
					</item>
					<item id="1">
						<label>Cast</label>
						<visible>Integer.IsGreater(Container(53001).NumItems,0) | Container(53001).IsUpdating</visible>
					</item>
					<item id="2">
						<label>Seasons</label>
						<visible>[Integer.IsGreater(Container(53000).NumItems,0) | Container(53000).IsUpdating]</visible>
					</item>
					<item id="10">
						<label>Episodes</label>
						<visible>[Integer.IsGreater(Container(53011).NumItems,0) | Container(53011).IsUpdating] + !Skin.HasSetting(VideoInfo.Disable) + Skin.HasSetting(VideoInfo.Episodes) + String.IsEmpty(ListItem.DBID) + String.IsEqual(ListItem.DBType,episode)</visible>
					</item>
					<item id="11">
						<label>Next Up</label>
						<visible>[Integer.IsGreater(Container(53012).NumItems,0) | Container(53012).IsUpdating] + !Skin.HasSetting(VideoInfo.Disable) + Skin.HasSetting(VideoInfo.Episodes) + String.IsEmpty(ListItem.DBID)</visible>
					</item>
					<item id="3">
						<label>Sets</label>
						<visible>!String.IsEmpty(ListItem.Set) + [Integer.IsGreater(Container(53002).NumItems,0) | Container(53002).IsUpdating]</visible>
					</item>
					<item id="4">
						<label>Similar</label>
						<visible>Integer.IsGreater(Container(53003).NumItems,0) | Container(53003).IsUpdating</visible>
					</item>
					<item id="5">
						<label>Recommended</label>
						<visible>Integer.IsGreater(Container(53007).NumItems,0) | Container(53007).IsUpdating</visible>
					</item>
					<item id="6">
						<label>By Director</label>
						<visible>[!String.IsEmpty(ListItem.Director) | !String.IsEmpty(Window(Home).Property(TMDBHelper.ListItem.Director))]  + [Integer.IsGreater(Container(53004).NumItems,0) | Container(53004).IsUpdating]</visible>
					</item>
					<item id="7">
						<label>By Studio</label>
						<visible>[!String.IsEmpty(ListItem.Studio) | !String.IsEmpty(Window(Home).Property(TMDBHelper.ListItem.Studio.1.Name))]  + [Integer.IsGreater(Container(53006).NumItems,0) | Container(53006).IsUpdating]</visible>
					</item>
					<item id="8">
						<label>By Year</label>
						<visible>Integer.IsGreater(Container(53005).NumItems,0) | Container(53005).IsUpdating</visible>
					</item>
					<item id="9">
						<label>By Genre</label>
						<visible>[!String.IsEmpty(ListItem.Genre) | !String.IsEmpty(Window(Home).Property(TMDBHelper.ListItem.Genre))] + [Integer.IsGreater(Container(53008).NumItems,0) | Container(53008).IsUpdating]</visible>
					</item>
					<item id="14">
						<label>Youtube</label>
						<visible>!Skin.HasSetting(VideoInfo.Youtube) + [Integer.IsGreater(Container(53009).NumItems,0) | Container(53009).IsUpdating]</visible>
					</item>
				</content>
			</control>
			<!-- TOMATO BLOCK -->
			<control type="group">
				<description>Tomato Block</description>
				<top>100</top>
				<left>360</left>
				<visible>Control.HasFocus(8999) + String.IsEqual(Container(8999).ListItem.Label,More Info)</visible>
				<visible>!String.IsEmpty(ListItem.Property(rottentomatoes_consensus)) | !String.IsEmpty(Window(Home).Property(TMDbHelper.ListItem.RottenTomatoes_Consensus))</visible>
				<control type="grouplist">
					<!-- START First Column -->
					<description>First Column</description>
					<left>130</left>
					<top>215</top>
					<control type="group">
						<height>36</height>
						<control type="label">
							<height>36</height>
							<font>font_large_bold</font>
							<scroll>true</scroll>
							<scrollspeed>15</scrollspeed>
							<textcolor>white</textcolor>
							<label fallback="19055">[B]$VAR[videoinfo_rtmeter]%[/B]</label>
							<aligny>center</aligny>
						</control>
					</control>
					<control type="group">
						<height>36</height>
						<control type="label">
							<top>40</top>
							<height>36</height>
							<font>font_large_bold</font>
							<scroll>true</scroll>
							<scrollspeed>15</scrollspeed>
							<textcolor>white</textcolor>
							<label fallback="19055">[B]$VAR[videoinfo_usermeter]%[/B] [LIGHT]liked it[/LIGHT]</label>
							<aligny>center</aligny>
						</control>
					</control>
				</control>
				<!-- END First Column -->
				<control type="grouplist">
					<!-- START Second Column -->
					<description>Second Column</description>
					<left>510</left>
					<top>220</top>
					<control type="group">
						<height>36</height>
						<control type="label">
							<width>100%</width>
							<height>36</height>
							<font>font_tiny</font>
							<textcolor>white</textcolor>
							<label>[B]Box Office[/B]</label>
							<aligny>center</aligny>
						</control>
						<control type="label">
							<width>auto</width>
							<left>170</left>
							<right>790</right>
							<height>36</height>
							<font>font_tiny</font>
							<textcolor>dimgrey</textcolor>
							<scroll>true</scroll>
							<scrollspeed>15</scrollspeed>
							<label fallback="19055">$VAR[videoinfo_boxoffice]</label>
							<aligny>center</aligny>
						</control>
					</control>
					<control type="group">
						<height>36</height>
						<control type="label">
							<width>100%</width>
							<height>36</height>
							<font>font_tiny</font>
							<textcolor>white</textcolor>
							<label>[B]Budget[/B]</label>
							<aligny>center</aligny>
						</control>
						<control type="label">
							<width>auto</width>
							<left>170</left>
							<right>250</right>
							<height>36</height>
							<font>font_tiny</font>
							<textcolor>dimgrey</textcolor>
							<scroll>true</scroll>
							<scrollspeed>15</scrollspeed>
							<label fallback="19055">$VAR[videoinfo_budget]</label>
							<aligny>center</aligny>
						</control>
					</control>
					<control type="group">
						<height>36</height>
						<control type="label">
							<width>100%</width>
							<height>36</height>
							<font>font_tiny</font>
							<textcolor>white</textcolor>
							<label>[B]Awards[/B]</label>
							<aligny>center</aligny>
						</control>
						<control type="textbox">
							<left>170</left>
							<right>0</right>
							<height>62</height>
							<font>font_tiny</font>
							<textcolor>dimgrey</textcolor>
							<scroll>true</scroll>
							<scrollspeed>15</scrollspeed>
							<label fallback="19055">$VAR[videoinfo_awards]</label>
						</control>
					</control>
				</control>
				<!-- END Second Column -->
				<control type="group">
					<top>410</top>
					<right>10</right>
					<height>25</height>
					<control type="label">
						<left>30</left>
						<font>font_small</font>
						<textcolor>white</textcolor>
						<label>[B]Critics Consensus[/B]</label>
					</control>
				</control>
				<control type="grouplist">
					<!-- Critics Consensus and Cast Contents -->
					<description>Critics Consensus and Cast Contents</description>
					<orientation>horizontal</orientation>
					<top>480</top>
					<left>30</left>
					<right>10</right>
					<itemgap>60</itemgap>
					<visible>String.IsEqual(Container(8999).ListItem.Label,More Info)</visible>
					<animation effect="fade" start="0" end="100" time="50">VisibleChange</animation>
					<!-- Necessary to avoid Control buttons overlapping -->
					<control type="textbox">
						<description>Critics Consensus</description>
						<font>font_plotbox</font>
						<textcolor>dimgrey</textcolor>
						<width>720</width>
						<height>183</height>
						<label fallback="No reviews available">[I]"$VAR[videoinfo_consensus]"[/I]</label>
					</control>
				</control>
				<control type="image">
					<description>Rotten logo 59% or less</description>
					<left>56</left>
					<top>207</top>
					<height>50</height>
					<aspectratio align="left">keep</aspectratio>
					<visible>!Integer.IsGreater(Window(Home).Property(SkinHelper.ListItem.RottenTomatoesMeter), 59) | !Integer.IsGreater(Window(Home).Property(TMDBHelper.ListItem.RottenTomatoes_UserMeter), 59)</visible>
					<texture>flags/color/ratings/rtrotten.png</texture>
				</control>
				<control type="image">
					<description>Tomato logo Between 60-74% only</description>
					<left>56</left>
					<top>207</top>
					<height>50</height>
					<aspectratio align="left">keep</aspectratio>
					<visible>[Integer.IsGreater(Window(Home).Property(SkinHelper.ListItem.RottenTomatoesMeter), 59) + !Integer.IsGreater(Window(Home).Property(SkinHelper.ListItem.RottenTomatoesRating), 75)] | [Integer.IsGreater(Window(Home).Property(TMDBHelper.ListItem.RottenTomatoes_UserMeter), 59) + !Integer.IsGreater(Window(Home).Property(TMDBHelper.ListItem.RottenTomatoes_UserMeter), 75)]</visible>
					<texture>flags/color/ratings/rtfresh.png</texture>
				</control>
				<control type="image">
					<description>Certified Fresh logo 75%+ only</description>
					<left>56</left>
					<top>207</top>
					<height>50</height>
					<aspectratio align="left">keep</aspectratio>
					<visible>Integer.IsGreater(Window(Home).Property(SkinHelper.ListItem.RottenTomatoesMeter), 75)</visible>
					<texture>http://d3biamo577v4eu.cloudfront.net/static/images/icons/cf-lg.png</texture>
				</control>
				<control type="image">
					<description>Popcorn Logo</description>
					<left>60</left>
					<top>290</top>
					<height>50</height>
					<aspectratio align="left">keep</aspectratio>
					<visible>Integer.IsGreater(Window(Home).Property(SkinHelper.ListItem.RottenTomatoesAudienceMeter), 59)</visible>
					<texture>flags/color/ratings/popcorn.png</texture>
				</control>
				<control type="image">
					<description>Popcorn - Rotten Logo</description>
					<left>60</left>
					<top>290</top>
					<height>50</height>
					<width max="55">auto</width>
					<aspectratio align="left">keep</aspectratio>
					<visible>!Integer.IsGreater(Window(Home).Property(SkinHelper.ListItem.RottenTomatoesAudienceMeter), 59)</visible>
					<texture>flags/color/ratings/spilt.png</texture>
				</control>
			</control>
			<control type="grouplist" id="9000">
				<scrolltime tween="sine" easing="out">500</scrolltime>
				<visible allowhiddenfocus="true">Control.HasFocus(8999) | ControlGroup(9000).HasFocus</visible>
				<orientation>vertical</orientation>
				<top>260</top>
				<left>260</left>
				<onback>9570</onback>
				<include condition="Skin.HasSetting(DisableQuackFXHomeLayout)">widget_info_top_netflix</include>
				<include condition="!Skin.HasSetting(DisableQuackFXHomeLayout)">widget_info_top_quackfx</include>
				<width>1900</width>
				<height>900</height>
				<animation effect="fade" start="0" end="1000" time="400">Visible</animation>
				<include condition="!Skin.HasSetting(VideoInfo.Disable) + Skin.HasSetting(VideoInfo.Seasons) + String.IsEmpty(ListItem.DBID) + !String.IsEqual(ListItem.DBType,movie)" content="episode_list">
					<param name="id" value="53000"/>
					<param name="visible" value="String.IsEqual(Container(8999).ListItem.Label,Seasons)"/>
					<param name="content" value="$VAR[seasons_content_videoinfo]"/>
					<param name="onclick" value="Dialog.Close(all,force)"/>
					<param name="onclick2" value="ActivateWindow(10025,$ESCINFO[ListItem.FileNameAndPath],return)"/>
				</include>
				<include condition="!Skin.HasSetting(VideoInfo.Disable) + Skin.HasSetting(VideoInfo.Episodes) + String.IsEmpty(ListItem.DBID) + String.IsEqual(ListItem.DBType,tvshow)" content="episode_list">
					<param name="id" value="53012"/>
					<param name="visible" value="String.IsEqual(Container(8999).ListItem.Label,Next Up)"/>
					<param name="content" value="$VAR[nextup_content_videoinfo]"/>
					<param name="onclick" value=""/>
					<param name="onclick2" value="PlayMedia(plugin://plugin.video.themoviedb.helper/?info=play&season=$INFO[Container.ListItem.Season]&type=episode&episode=$INFO[Container.ListItem.Episode]&tmdb_id=$INFO[Container.ListItem.Property(tvshow.tmdb_id)])"/>
				</include>
				<include condition="!Skin.HasSetting(VideoInfo.Disable) + !Skin.HasSetting(VideoInfo.CastList)" content="Widget_TMDB">
					<param name="id" value="53001"/>
					<param name="onleft" value="8999"/>
					<param name="onup" value="8999"/>
					<param name="target" value="videos"/>
					<param name="sortby" value=""/>
					<param name="sortorder" value=""/>
					<param name="onclick" value="SetProperty(BaseWindow,InfoDialog,Home)"/>
					<param name="onclick2" value="RunScript(plugin.video.themoviedb.helper,add_query=$INFO[Container(53001).ListItem.Label],type=person,call_id=1137,prevent_del,delay=0.35)"/>
					<param name="content" value="plugin://plugin.video.themoviedb.helper/?info=cast&amp;$VAR[Info_Param_Type]&amp;$VAR[Info_Param_IMDB_or_QUERY]"/>
					<param name="widgetContent" value="plugin://plugin.video.themoviedb.helper/?info=cast&amp;$VAR[Info_Param_Type]&amp;$VAR[Info_Param_IMDB_or_QUERY]"/>
					<param name="postercondition" value="true"/>
					<param name="controltype" value="panel"/>
					<param name="orientation" value="vertical"/>
					<param name="height" value="880"/>
					<param name="width" value="1800"/>
					<param name="label" value="Cast"/>
					<param name="visible" value="String.IsEqual(Container(8999).ListItem.Label,Cast) + !String.IsEmpty(ListItem.Label)"/>
				</include>
				<include condition="!Skin.HasSetting(VideoInfo.Disable) + !Skin.HasSetting(VideoInfo.Sets) + String.IsEqual(ListItem.DBType,movie)" content="Widget_TMDB">
					<param name="id" value="53002"/>
					<param name="onleft" value="8999"/>
					<param name="onup" value="8999"/>
					<param name="target" value="videos"/>
					<param name="sortby" value=""/>
					<param name="sortorder" value=""/>
					<param name="content" value="$VAR[Info_Sets]"/>
					<param name="widgetContent" value="$VAR[Info_Sets]"/>
					<param name="postercondition" value="true"/>
					<param name="controltype" value="panel"/>
					<param name="orientation" value="vertical"/>
					<param name="height" value="880"/>
					<param name="width" value="1800"/>
					<param name="label" value="Sets"/>
					<param name="visible" value="String.IsEqual(Container(8999).ListItem.Label,Sets) + !String.IsEmpty(ListItem.Label)"/>
				</include>
				<include condition="!Skin.HasSetting(VideoInfo.Disable) + !Skin.HasSetting(VideoInfo.Similar)" content="Widget_TMDB">
					<param name="id" value="53003"/>
					<param name="onleft" value="8999"/>
					<param name="onup" value="8999"/>
					<param name="target" value="videos"/>
					<param name="sortby" value=""/>
					<param name="sortorder" value=""/>
					<param name="content" value="$VAR[Info_Similar]"/>
					<param name="widgetContent" value="$VAR[Info_Similar]"/>
					<param name="postercondition" value="true"/>
					<param name="controltype" value="panel"/>
					<param name="orientation" value="vertical"/>
					<param name="height" value="880"/>
					<param name="width" value="1800"/>
					<param name="label" value="Similar"/>
					<param name="visible" value="String.IsEqual(Container(8999).ListItem.Label,Similar) + !String.IsEmpty(ListItem.Label)"/>
				</include>
				<include condition="!Skin.HasSetting(VideoInfo.Disable) + !Skin.HasSetting(VideoInfo.DirectorMovies)" content="Widget_TMDB">
					<param name="id" value="53004"/>
					<param name="onleft" value="8999"/>
					<param name="target" value="videos"/>
					<param name="onup" value="8999"/>
					<param name="sortby" value=""/>
					<param name="sortorder" value=""/>
					<param name="content" value="$VAR[Info_FromDirector]"/>
					<param name="widgetContent" value="$VAR[Info_FromDirector]"/>
					<param name="postercondition" value="true"/>
					<param name="controltype" value="panel"/>
					<param name="orientation" value="vertical"/>
					<param name="height" value="880"/>
					<param name="width" value="1800"/>
					<param name="label" value="$INFO[ListItem.Director,Directed By ,]"/>
					<param name="visible" value="String.IsEqual(Container(8999).ListItem.Label,By Director) + [!String.IsEmpty(ListItem.Director) | !String.IsEmpty(Window(Home).Property(TMDBHelper.ListItem.Director))]"/>
				</include>
				<include condition="!Skin.HasSetting(VideoInfo.Disable) + !Skin.HasSetting(VideoInfo.Year)" content="Widget_TMDB">
					<param name="id" value="53005"/>
					<param name="onleft" value="8999"/>
					<param name="target" value="videos"/>
					<param name="onup" value="8999"/>
					<param name="sortby" value=""/>
					<param name="sortorder" value=""/>
					<param name="content" value="$VAR[Info_FromYear]"/>
					<param name="widgetContent" value="$VAR[Info_FromYear]"/>
					<param name="postercondition" value="true"/>
					<param name="controltype" value="panel"/>
					<param name="orientation" value="vertical"/>
					<param name="height" value="880"/>
					<param name="width" value="1800"/>
					<param name="label" value="From $INFO[ListItem.Year]"/>
					<param name="visible" value="String.IsEqual(Container(8999).ListItem.Label,By Year) + !String.IsEmpty(ListItem.Year)"/>
				</include>
				<include condition="!Skin.HasSetting(VideoInfo.Disable) + !Skin.HasSetting(VideoInfo.Studio) + String.IsEqual(ListItem.DBType,movie)" content="Widget_TMDB">
					<param name="id" value="53006"/>
					<param name="onup" value="8999"/>
					<param name="onleft" value="8999"/>
					<param name="target" value="videos"/>
					<param name="sortby" value=""/>
					<param name="sortorder" value=""/>
					<param name="content" value="$VAR[Info_FromStudio]"/>
					<param name="widgetContent" value="$VAR[Info_FromStudio]"/>
					<param name="postercondition" value="true"/>
					<param name="controltype" value="panel"/>
					<param name="orientation" value="vertical"/>
					<param name="height" value="880"/>
					<param name="width" value="1800"/>
					<param name="label" value="$INFO[ListItem.Studio]"/>
					<param name="visible" value="String.IsEqual(Container(8999).ListItem.Label,By Studio) + !String.IsEmpty(ListItem.Studio)"/>
				</include>
				<include condition="!Skin.HasSetting(VideoInfo.Disable) + !Skin.HasSetting(VideoInfo.Recommended)" content="Widget_TMDB">
					<param name="id" value="53007"/>
					<param name="onup" value="8999"/>
					<param name="onleft" value="8999"/>
					<param name="target" value="videos"/>
					<param name="sortby" value=""/>
					<param name="sortorder" value=""/>
					<param name="content" value="$VAR[Info_Recommended]"/>
					<param name="widgetContent" value="$VAR[Info_Recommended]"/>
					<param name="postercondition" value="true"/>
					<param name="controltype" value="panel"/>
					<param name="orientation" value="vertical"/>
					<param name="height" value="880"/>
					<param name="width" value="1800"/>
					<param name="label" value="Recommended"/>
					<param name="visible" value="String.IsEqual(Container(8999).ListItem.Label,Recommended) + !String.IsEmpty(ListItem.Label)"/>
				</include>
				<include condition="!Skin.HasSetting(VideoInfo.Disable) + !Skin.HasSetting(VideoInfo.Genre)" content="Widget_TMDB">
					<param name="id" value="53008"/>
					<param name="onleft" value="8999"/>
					<param name="onup" value="8999"/>
					<param name="target" value="videos"/>
					<param name="sortby" value=""/>
					<param name="sortorder" value=""/>
					<param name="content" value="$VAR[Info_FromGenre]"/>
					<param name="widgetContent" value="$VAR[Info_FromGenre]"/>
					<param name="postercondition" value="true"/>
					<param name="controltype" value="panel"/>
					<param name="orientation" value="vertical"/>
					<param name="height" value="880"/>
					<param name="width" value="1800"/>
					<param name="label" value="$INFO[ListItem.Genre]"/>
					<param name="visible" value="String.IsEqual(Container(8999).ListItem.Label,By Genre) + !String.IsEmpty(ListItem.Genre)"/>
				</include>
				<include condition="!Skin.HasSetting(VideoInfo.Disable) + !Skin.HasSetting(VideoInfo.Youtube)" content="Widget_TMDB">
					<param name="id" value="53009"/>
					<param name="onleft" value="8999"/>
					<param name="onup" value="8999"/>
					<param name="target" value="videos"/>
					<param name="sortby" value="file"/>
					<param name="sortorder" value=""/>
					<param name="content" value="$VAR[Info_Youtube]"/>
					<param name="widgetContent" value="$VAR[Info_Youtube]"/>
					<param name="postercondition" value="false"/>
					<param name="landscapenetflixcondition" value="true"/>
					<param name="controltype" value="panel"/>
					<param name="orientation" value="vertical"/>
					<param name="height" value="880"/>
					<param name="width" value="1800"/>
					<param name="label" value=""/>
					<param name="onclick2" value="PlayMedia($INFO[Container(53007).ListItem.FileNameAndPath],1)"/>
					<param name="onclick3" value="SetProperty(TrailerPlaying,fullscreen,home)"/>
					<param name="onclick4" value="SetProperty(BaseWindow,InfoDialog,Home)"/>
					<param name="visible" value="String.IsEqual(Container(8999).ListItem.Label,Youtube)"/>
				</include>
			</control>
			<include>Object_UpDownInfoArrows</include>
		</control>
	</include>
	<include name="netflix_button">
		<param name="icon" default=""/>
		<definition>
			<width>750</width>
			<height>65</height>
			<aligny>center</aligny>
			<align>left</align>
			<textoffsetx>60</textoffsetx>
			<textoffsety>8</textoffsety>
			<font>font_medium</font>
			<textcolor>grey</textcolor>
			<focusedcolor>black</focusedcolor>
			<texturefocus colordiffuse="grey">diffuse/landscape.png</texturefocus>
			<texturenofocus/>
			<textureradioonfocus colordiffuse="red">netflix/$PARAM[icon].png</textureradioonfocus>
			<textureradioofffocus colordiffuse="red">netflix/$PARAM[icon].png</textureradioofffocus>
			<textureradioonnofocus colordiffuse="dimgrey">netflix/$PARAM[icon].png</textureradioonnofocus>
			<textureradiooffnofocus colordiffuse="dimgrey">netflix/$PARAM[icon].png</textureradiooffnofocus>
			<radioposy>0</radioposy>
		</definition>
	</include>
	<include name="quackfx_button">
		<param name="icon" default=""/>
		<param name="width" default=""/>
		<param name="height" default="65"/>
		<param name="textcolor" default="grey"/>
		<param name="font" default="font_medium"/>
		<param name="colordiffuse" default="grey"/>
		<param name="focusedcolor" default="black"/>
		<definition>
			<width>$PARAM[width]</width>
			<height>$PARAM[height]</height>
			<aligny>center</aligny>
			<align>left</align>
			<textoffsetx>60</textoffsetx>
			<textoffsety>8</textoffsety>
			<font>$PARAM[font]</font>
			<textcolor>$PARAM[textcolor]</textcolor>
			<focusedcolor>$PARAM[focusedcolor]</focusedcolor>
			<texturefocus colordiffuse="grey">diffuse/landscape.png</texturefocus>
			<texturenofocus/>
			<textureradioonfocus colordiffuse="red">netflix/$PARAM[icon].png</textureradioonfocus>
			<textureradioofffocus colordiffuse="red">netflix/$PARAM[icon].png</textureradioofffocus>
			<textureradioonnofocus colordiffuse="dimgrey">netflix/$PARAM[icon].png</textureradioonnofocus>
			<textureradiooffnofocus colordiffuse="dimgrey">netflix/$PARAM[icon].png</textureradiooffnofocus>
			<radioposy>0</radioposy>
		</definition>
	</include>
	<include name="resume_progress">
		<control type="progress" id="3333">
			<top>-40</top>
			<left>250</left>
			<description>progress bar</description>
			<width>250</width>
			<height>11</height>
			<align>center</align>
			<aligny>top</aligny>
			<texturebg colordiffuse="darkgrey" border="2">colors/color_white.png</texturebg>
			<lefttexture/>
			<midtexture colordiffuse="red" border="2">colors/color_white.png</midtexture>
			<righttexture/>
			<info>ListItem.PercentPlayed</info>
		</control>
	</include>
</includes>
