<?xml version="1.0" encoding="utf-8"?>
<!--QuackFX-->
<includes>
    
	<include name="OSDPanelModern">
		<control type="group">
			<bottom>0</bottom>
			<height>290</height>
			<!--Panel-->
			<control type="image">
				<posx>0</posx>
				<posy>0</posy>
				<width>100%</width>
				<height>290</height>
				<texture border="5">$VAR[osdpanelimage]</texture>
				<colordiffuse>$INFO[Skin.String(OSDPanelColor)]</colordiffuse>
			</control>

			<!-- music cover with cd art -->
            <control type="group">
                <visible>Player.HasAudio + !Skin.HasSetting(HideOSDDisc)</visible>
                <!-- disc art -->
                <control type="image">
                    <posx>150</posx>
                    <posy>10</posy>
                    <width>280</width>
                    <height>280</height>
                    <aspectratio scalediffuse="false" align="center" aligny="center">scale</aspectratio>
                    <fadetime>300</fadetime>
                    <animation effect="rotate" end="-360" center="auto" time="4800" loop="true" reversible="false" condition="!Player.Paused">Conditional</animation>
                    <texture background="true" fallback="defaultcovers/cd_medium.png" diffuse="diffuse/cdmask_new.png">$VAR[PlayerDiscArtImage]</texture>
                </control>
                <!-- cover background + cover image-->
                <control type="group">
                    <posx>20</posx>
                    <posy>10</posy>
                    <width>280</width>
                    <height>280</height>
                    <control type="image">
                        <aspectratio scalediffuse="true" align="center" aligny="center">stretch</aspectratio>
                        <texture border="5">diffuse/music_cover_cd.png</texture>
                        <colordiffuse>$INFO[Skin.String(OSDPanelColor)]</colordiffuse>
                    </control>
                    <control type="image">
                        <aspectratio scalediffuse="true" align="center" aligny="center">stretch</aspectratio>
                        <texture border="5">diffuse/music_cover_cd.png</texture>
                        <colordiffuse>$INFO[Skin.String(OSDPanelColor)]</colordiffuse>
                    </control>
                    <control type="image">
                        <aspectratio scalediffuse="true" align="center" aligny="center">stretch</aspectratio>
                        <texture border="5">diffuse/music_cover_cd.png</texture>
                        <colordiffuse>$INFO[Skin.String(OSDPanelColor)]</colordiffuse>
                    </control>
                    <control type="image">
                        <fadetime>200</fadetime>
                        <bordersize>5</bordersize>
                        <texture background="true" border="5" fallback="DefaultMusicSongs.png" diffuse="diffuse/music_cover_cd.png">$VAR[AudioPlayerCoverImage]</texture>
                        <aspectratio align="left" aligny="center" scalediffuse="false">keep</aspectratio>
                    </control>
                </control>
            </control>
            
            <!-- music cover without cd art -->
            <control type="group">
                <visible>Player.HasAudio + Skin.HasSetting(HideOSDDisc)</visible>
                <!-- cover background + cover image-->
                <control type="group">
                    <posx>20</posx>
                    <posy>10</posy>
                    <width>280</width>
                    <height>280</height>
                    <control type="image">
                        <aspectratio scalediffuse="true" align="center" aligny="center">stretch</aspectratio>
                        <texture border="5">diffuse/panel.png</texture>
                        <colordiffuse>$INFO[Skin.String(OSDPanelColor)]</colordiffuse>
                    </control>
                    <control type="image">
                        <aspectratio scalediffuse="true" align="center" aligny="center">stretch</aspectratio>
                        <texture border="5">diffuse/panel.png</texture>
                        <colordiffuse>$INFO[Skin.String(OSDPanelColor)]</colordiffuse>
                    </control>
                    <control type="image">
                        <aspectratio scalediffuse="true" align="center" aligny="center">stretch</aspectratio>
                        <texture border="5">diffuse/panel.png</texture>
                        <colordiffuse>$INFO[Skin.String(OSDPanelColor)]</colordiffuse>
                    </control>
                    <control type="image">
                        <fadetime>200</fadetime>
                        <bordersize>5</bordersize>
                        <texture background="true" border="5" fallback="DefaultMusicSongs.png" diffuse="diffuse/panel.png">$VAR[AudioPlayerCoverImage]</texture>
                        <aspectratio align="left" aligny="center" scalediffuse="false">keep</aspectratio>
                    </control>
                </control>
            </control>

			
            <!-- video cover and discart -->
			<control type="group">
                <visible>Player.HasVideo</visible>
                <!-- discart -->
                <control type="image">
                    <posx>100</posx>
                    <posy>20</posy>
                    <width>250</width>
                    <height>250</height>
                    <aligny>center</aligny>
                    <fadetime>300</fadetime>
                    <bordersize>20</bordersize>
                    <animation effect="rotate" end="-360" center="auto" time="12000" loop="true" reversible="false" condition="!Player.Paused">Conditional</animation>
                    <animation effect="fade" start="0" end="100" delay="800" time="1200" reversible="false"/>
                    <texture background="true" diffuse="diffuse/cdmask_medium_new.png" fallback="defaultcovers/cd_medium.png" border="5">$VAR[PlayerDiscArtImage]</texture>
                    <aspectratio scalediffuse="false" align="center" aligny="center">scale</aspectratio>
                    <visible>Player.HasVideo + [!String.IsEmpty(Player.Art(poster)) | !String.IsEmpty(Player.Art(tvshow.poster)) | !String.IsEmpty(Window(Home).Property(SkinHelper.Player.Art.Poster))]</visible>
                    <visible>!Skin.HasSetting(HideOSDDisc) + ![VideoPlayer.Content(livetv) + Skin.HasSetting(NoPvrArtOSD)]</visible>
                </control>
                
                <!--Video Cover-->
                <control type="image">
                    <posx>60</posx>
                    <posy>20</posy>
                    <width>250</width>
                    <height>250</height>
                    <fadetime>200</fadetime>
                    <texture background="true">$VAR[OSDImage]</texture>
                    <aspectratio align="left" aligny="center">keep</aspectratio>
                </control>
            </control>
			
			<control type="group">
				<animation effect="slide" end="50" time="0" condition="player.hasaudio + !Skin.HasSetting(HideOSDDisc)">Conditional</animation>
				<!-- OSDLabel1 -->
				<control type="label">
					<posx>400</posx>
					<posy>20</posy>
					<width>1000</width>
					<align>left</align>
					<font>Light40</font>
					<textcolor>$INFO[Skin.String(OSDPrimaryTextColor)]</textcolor>
					<shadowcolor>$INFO[Skin.String(OSDPrimaryTextShadowColor)]</shadowcolor>
					<label>$VAR[OSDLabel1]</label>
					<scroll>false</scroll>
				</control>
                <!-- OSDLabel2 -->
				<control type="label">
					<posx>400</posx>
					<posy>80</posy>
					<width>980</width>
					<align>left</align>
					<font>Light42</font>
					<textcolor>$INFO[Skin.String(OSDSecondaryTextColor)]</textcolor>
					<shadowcolor>$INFO[Skin.String(OSDSecondaryTextShadowColor)]</shadowcolor>
					<label>[B]$VAR[OSDLabel2][/B]</label>
					<scroll>false</scroll>
				</control>

				<control type="progress">
					<description>ProgressbarCache</description>
					<posx>540</posx>
					<posy>160</posy>
					<height>20</height>
					<width>700</width>
					<info>Player.ProgressCache</info>
					<visible>!String.IsEmpty(Player.Duration) + !VideoPlayer.content(livetv)</visible>
					<visible>!String.IsEqual(Window(Home).Property(subtitlemenu), show)</visible>
					<texturebg border="5" colordiffuse="00ffffff">diffuse/panel.png</texturebg>
					<lefttexture/>
					<midtexture border="5" colordiffuse="$INFO[Skin.String(OSDProgressBarCacheColor)]">diffuse/panel.png</midtexture>
					<righttexture/>
					<overlaytexture/>
                    <visible>!Skin.String(OSDProgressBarCacheColor,None)</visible>
				</control>
				<control type="progress" id="23">
					<description>Progress Bar</description>
					<posx>540</posx>
					<posy>160</posy>
					<height>20</height>
					<width>700</width>
					<info>Player.Progress</info>
					<visible>!String.IsEmpty(Player.Duration)</visible>
					<visible>!String.IsEqual(Window(Home).Property(subtitlemenu), show)</visible>
					<texturebg border="5" colordiffuse="$VAR[OSDProgressBarBackgroundColor]">diffuse/panel_trans.png</texturebg>
					<lefttexture/>
					<midtexture border="5" colordiffuse="$INFO[Skin.String(OSDProgressBarColor)]">diffuse/panel.png</midtexture>
					<righttexture/>
					<overlaytexture/>
				</control>
				<control type="image">
					<description>Progress Bar Border</description>
					<posx>540</posx>
					<posy>160</posy>
					<height>20</height>
					<width>700</width>
					<visible>!String.IsEmpty(Player.Duration)</visible>
					<visible>!String.IsEqual(Window(Home).Property(subtitlemenu), show)</visible>
					<texture border="5" colordiffuse="$INFO[Skin.String(OSDProgressBarBorderColor)]">diffuse/thinborder.png</texture>
				</control>
                <control type="slider" id="401">
                    <description>Seek Slider</description>
                    <posx>540</posx>
					<posy>150</posy>
					<height>20</height>
					<width>700</width>
                    <texturesliderbar>colors/color_transparent.png</texturesliderbar>
                    <textureslidernib border="5" colordiffuse="$INFO[Skin.String(OSDButtonsFocusColor)]">diffuse/seekslider.png</textureslidernib>
                    <textureslidernibfocus>colors/color_white.png</textureslidernibfocus>
                    <visible>Player.Seeking</visible>
                </control>

				<!--Process/Seekbar-->
				<control type="label">
					<!--Play Time-->
					<posx>400</posx>
					<posy>140</posy>
					<width>160</width>
					<align>left</align>
					<font>Light28</font>
					<textcolor>$INFO[Skin.String(OSDPrimaryTextColor)]</textcolor>
					<shadowcolor>$INFO[Skin.String(OSDPrimaryTextShadowColor)]</shadowcolor>
					<label>$INFO[Player.Time]</label>
					<visible>!String.IsEqual(Window(Home).Property(subtitlemenu), show)</visible>
				</control>
				<control type="label">
					<!--Play Time-->
					<posx>1280</posx>
					<posy>140</posy>
					<width>160</width>
					<align>left</align>
					<font>Light28</font>
					<textcolor>$INFO[Skin.String(OSDPrimaryTextColor)]</textcolor>
					<shadowcolor>$INFO[Skin.String(OSDPrimaryTextShadowColor)]</shadowcolor>
					<label>$INFO[Player.TimeRemaining,- ]</label>
					<visible>!String.IsEmpty(Player.Duration)</visible>
					<visible>!String.IsEqual(Window(Home).Property(subtitlemenu), show)</visible>
				</control>
				
			<!-- media flags -->
			<control type="group">
                <posx>400</posx>
                <posy>215</posy>
                <include>mediaflags</include>
                <visible>![Window.IsActive(videoosd) + ![Window.IsVisible(OSDVideoSettings) | Window.IsVisible(OSDAudioSettings) | Window.IsVisible(subtitlesearch)]]</visible>
                <visible>player.hasvideo</visible>
                <animation effect="fade" time="400" delay="500" reversible="false">Visible</animation>
            </control>
            <control type="group">
                <posx>400</posx>
                <posy>215</posy>
                <include>mediaflagsAudio</include>
                <visible>![Window.IsActive(musicosd) + ![Window.IsVisible(OSDVideoSettings) | Window.IsVisible(OSDAudioSettings) | Window.IsVisible(subtitlesearch)]]</visible>
                <visible>!player.hasvideo</visible>
                <animation effect="fade" time="400" delay="500" reversible="false">Visible</animation>
            </control>
        </control>


		<control type="image">
			<!--Stars music-->
			<visible>Window.IsActive(visualisation)</visible>
			<right>55</right>
			<posy>250</posy>
			<width>200</width>
			<height>50</height>
			<aspectratio aligny="top" align="right">keep</aspectratio>
			<colordiffuse>$INFO[Skin.String(OSDPrimaryTextColor)]</colordiffuse>
			<texture fallback="leftrating/rating0.png">$VAR[musicrating_stars_player]</texture>
		</control>
			
		    <!--OSD: right side below clock-->
		    <control type="label">
				<!--PlayerActionLabel-->
				<animation type="Conditional" condition="player.paused | player.forwarding | player.rewinding">
					<effect type="slide" start="0,0" end="-160,0" time="200" tween="cubic" easing="inout" delay="0" />
				</animation>
				<right>60</right>
				<posy>90</posy>
				<width>890</width>
				<align>right</align>
				<font>Reg30</font>
				<textcolor>$INFO[Skin.String(OSDPrimaryTextColor)]</textcolor>
				<shadowcolor>$INFO[Skin.String(OSDPrimaryTextShadowColor)]</shadowcolor>
				<label>$VAR[PlayerActionLabel]</label>
				<visible>!String.IsEqual(Window(Home).Property(subtitlemenu), show)</visible>
			</control>
			
			<control type="label">
				<!--Total duration-->
				<animation type="Conditional" condition="player.paused | player.forwarding | player.rewinding">
					<effect type="slide" start="0,0" end="-160,0" time="200" tween="cubic" easing="inout" delay="0" />
				</animation>
				<right>60</right>
				<posy>140</posy>
				<width>940</width>
				<align>right</align>
				<font>Light28</font>
				<textcolor>$INFO[Skin.String(OSDPrimaryTextColor)]</textcolor>
				<shadowcolor>$INFO[Skin.String(OSDPrimaryTextShadowColor)]</shadowcolor>
				<label>$INFO[Player.Duration,[B]$LOCALIZE[180]: [/B]]</label>
				<visible>!String.IsEmpty(Player.Duration)</visible>
				<visible>!String.IsEqual(Window(Home).Property(subtitlemenu), show)</visible>
			</control>
            
            <!-- OSD label 3 -->
            <control type="label">
                <right>60</right>
				<posy>215</posy>
                <font>flags</font>
                <width>800</width>
                <height>30</height>
                <align>right</align>
                <textcolor>$VAR[mediaFlagsFontColor]</textcolor>
                <label>$VAR[OSDLabel3]</label>
            </control>
			
			<control type="image">
				<visible>player.paused</visible>
				<animation delay="150" time="300" effect="fade">Visible</animation>
				<animation delay="0" time="200" effect="fade">Hidden</animation>
				<right>50</right>
				<bottom>110</bottom>
				<width>160</width>
				<height>160</height>
				<texture>osd/osd_pause.png</texture>
				<colordiffuse>$INFO[Skin.String(OSDButtonsColor)]</colordiffuse>
			</control>
			<control type="image">
				<visible>player.forwarding</visible>
				<animation delay="150" time="300" effect="fade">Visible</animation>
				<animation delay="0" time="200" effect="fade">Hidden</animation>
				<right>60</right>
				<bottom>130</bottom>
				<width>120</width>
				<height>120</height>
				<texture>osd/osd_ff.png</texture>
				<colordiffuse>$INFO[Skin.String(OSDButtonsColor)]</colordiffuse>
			</control>
			<control type="image">
				<visible>player.rewinding</visible>
				<animation delay="150" time="300" effect="fade">Visible</animation>
				<animation delay="0" time="200" effect="fade">Hidden</animation>
				<right>70</right>
				<bottom>130</bottom>
				<width>120</width>
				<height>120</height>
				<texture flipx="true">osd/osd_ff.png</texture>
				<colordiffuse>$INFO[Skin.String(OSDPrimaryTextColor)]</colordiffuse>
			</control>

			<!--Clock-->
            <control type="label">
                <right>55</right>
                <posy>10</posy>
                <width>400</width>
                <height>100</height>
                <align>right</align>
                <info>System.Time</info>
                <font>Light60</font>
                <aligny>center</aligny>
                <textcolor>$INFO[Skin.String(OSDSecondaryTextColor)]</textcolor>
                <shadowcolor>$INFO[Skin.String(OSDSecondaryTextShadowColor)]</shadowcolor>
                <visible>!Skin.HasSetting(EnableTouchSupport)</visible>
                <visible>!String.IsEqual(Window(Home).Property(subtitlemenu), show)</visible>
                <animation type="Conditional" condition="player.paused | player.forwarding | player.rewinding">
                    <effect type="slide" start="0,0" end="-160,0" time="200" tween="cubic" easing="inout" delay="0" />
                </animation>
            </control>

		</control>
    </include>
	
    <include name="OSDButtonsModern">
        
        <!-- close dialog -->
        <control type="group">
            <include>animation_fade_visible_hidden</include>
            <right>65</right>
            <bottom>210</bottom>
            <width>60</width>
            <height>60</height>
            <include condition="Skin.HasSetting(EnableTouchSupport)">close_button</include>
            <visible>Skin.HasSetting(EnableTouchSupport)</visible>
            <visible>!Window.IsActive(subtitlesearch)</visible>
            <visible>!Window.IsActive(sliderdialog)</visible>
            <animation type="Conditional" condition="player.paused | player.forwarding | player.rewinding">
                <effect type="slide" start="0,0" end="-160,0" time="200" tween="cubic" easing="inout" delay="0" />
            </animation>
        </control>
        
        <!-- subtitle selection -->
        <control type="grouplist" id="1410">
            <visible>String.IsEqual(Window(Home).Property(subtitlemenu), show)</visible>
            <animation effect="slide" end="50" time="0" condition="player.hasaudio + !Skin.HasSetting(HideOSDDisc)">Conditional</animation>
            <description>Header</description>
            <animation effect="fade" time="200">VisibleChange</animation>
            <left>340</left>
            <bottom>110</bottom>
            <width>100%</width>
            <height>80</height>
            <orientation>horizontal</orientation>
            <itemgap>30</itemgap>
            <onleft>400</onleft>
            <onright>400</onright>
            <onup>104</onup>
            <ondown>104</ondown>
            <ondown>200</ondown>
            <onback>200</onback>
            
            <control type="button" id="1402">
                <width>359</width>
                <include>DialogButtonOther</include>
                <font>Reg22</font>
                <textoffsetx>10</textoffsetx>
                <aligny>center</aligny>
                <pulseonselect>false</pulseonselect>
                <label>22006</label>
                <onclick>Control.SetFocus(200)</onclick>
                <onclick>ClearProperty(subtitlemenu,Home)</onclick>
                <onclick>SubtitleDelay</onclick>
                <visible>VideoPlayer.HasSubtitles + VideoPlayer.SubtitlesEnabled</visible>
            </control>
            <control type="button" id="1403">
                <width>359</width>
                <include>DialogButtonOther</include>
                <font>Reg22</font>
                <textoffsetx>10</textoffsetx>
                <aligny>center</aligny>
                <label>$VAR[SubtitleButton]</label>
                <onclick>NextSubtitle</onclick>
                <visible>VideoPlayer.HasSubtitles</visible>
            </control>
            <control type="button" id="1401">
                <description>Download with Subtitles script</description>
                <width>359</width>
                <include>DialogButtonOther</include>
                <font>Reg22</font>
                <textoffsetx>10</textoffsetx>
                <label>33003</label>
                <aligny>center</aligny>
                <onclick>Control.SetFocus(200)</onclick>
                <onclick>ClearProperty(subtitlemenu,Home)</onclick>
                <onclick>ActivateWindow(SubtitleSearch)</onclick>
            </control>
        </control>
        
        <!--SeekBar -->
        <include condition="player.hasvideo">SeekBar_Normal</include>
		
        <!-- OSD buttons -->            
        <include name="OSDButtons_Layout" content="OSDButtons_Layout" condition="Skin.String(osd_buttonstyle,rounded)">
            <param name="size" value="75" />
            <param name="gap" value="7" />
            <param name="iconspath" value="osd/rounded/" />
            <param name="posleft" value="390" />
            <param name="posbottom" value="10" />
        </include>
        <include name="OSDButtons_Layout" content="OSDButtons_Layout" condition="Skin.String(osd_buttonstyle,rounded_large)">
            <param name="size" value="100" />
            <param name="gap" value="7" />
            <param name="iconspath" value="osd/rounded/" />
            <param name="posleft" value="380" />
            <param name="posbottom" value="0" />
        </include>
			
	</include>
	
    <include name="OSDButtons_Layout">
		<control type="grouplist" id="200">
			<posx>$PARAM[posleft]</posx>
			<bottom>$PARAM[posbottom]</bottom>
			<width>1540</width>
			<height>$PARAM[size]</height>
			<itemgap>$PARAM[gap]</itemgap>
			<onleft>200</onleft>
			<onright>200</onright>
			<orientation>horizontal</orientation>
			<animation effect="slide" end="50" time="0" condition="player.hasaudio + ![!Skin.HasSetting(UseSlimOSDPanel) + Skin.HasSetting(HideOSDDisc)]">Conditional</animation>
			<visible>![Window.IsVisible(OSDVideoSettings) | Window.IsVisible(OSDAudioSettings) | Window.IsVisible(subtitlesearch) | Window.IsVisible(selectdialog)]</visible>
			<control type="togglebutton" id="201">
				<description>Skip Back or previous channel</description>
				<width>$PARAM[size]</width>
				<height>$PARAM[size]</height>
				<label>210</label>
                <altlabel>210</altlabel>
				<font/>
				<texturefocus colordiffuse="$INFO[Skin.String(OSDButtonsFocusColor)]">$PARAM[iconspath]PrevTrack.png</texturefocus>
				<texturenofocus colordiffuse="$INFO[Skin.String(OSDButtonsColor)]">$PARAM[iconspath]PrevTrack.png</texturenofocus>
				<usealttexture>VideoPlayer.Content(livetv)</usealttexture>
				<alttexturefocus colordiffuse="$INFO[Skin.String(OSDButtonsFocusColor)]">$PARAM[iconspath]ChannelUP.png</alttexturefocus>
				<alttexturenofocus colordiffuse="$INFO[Skin.String(OSDButtonsColor)]">$PARAM[iconspath]ChannelUP.png</alttexturenofocus>
				<onclick>PlayerControl(Previous)</onclick>
                <visible>!Skin.HasSetting(OSDDisablePlaybackControls)</visible>
			</control>
			<control type="button" id="202">
				<label/>
				<description>RR</description>
				<width>$PARAM[size]</width>
				<height>$PARAM[size]</height>
				<font/>
                <label>209</label>
				<texturefocus colordiffuse="$INFO[Skin.String(OSDButtonsFocusColor)]">$PARAM[iconspath]Rewind.png</texturefocus>
				<texturenofocus colordiffuse="$INFO[Skin.String(OSDButtonsColor)]">$PARAM[iconspath]Rewind.png</texturenofocus>
				<onclick>PlayerControl(Rewind)</onclick>
                <visible>!Skin.HasSetting(OSDDisablePlaybackControls)</visible>
			</control>
			<control type="togglebutton" id="203">
				<altlabel>208</altlabel>
				<description>Play Pause</description>
				<width>$PARAM[size]</width>
				<height>$PARAM[size]</height>
				<font/>
                <label>208</label>
				<texturefocus colordiffuse="$INFO[Skin.String(OSDButtonsFocusColor)]">$PARAM[iconspath]Pause.png</texturefocus>
				<texturenofocus colordiffuse="$INFO[Skin.String(OSDButtonsColor)]">$PARAM[iconspath]Pause.png</texturenofocus>
				<usealttexture>Player.Paused | Player.Forwarding | Player.Rewinding</usealttexture>
				<alttexturefocus colordiffuse="$INFO[Skin.String(OSDButtonsFocusColor)]">$PARAM[iconspath]Play.png</alttexturefocus>
				<alttexturenofocus colordiffuse="$INFO[Skin.String(OSDButtonsColor)]">$PARAM[iconspath]Play.png</alttexturenofocus>
				<onclick>PlayerControl(Play)</onclick>
                <visible>!Skin.HasSetting(OSDDisablePlaybackControls)</visible>
			</control>
			<control type="button" id="204">
				<description>Stop</description>
				<width>$PARAM[size]</width>
				<height>$PARAM[size]</height>
				<font/>
                <label>36036</label>
				<texturefocus colordiffuse="$INFO[Skin.String(OSDButtonsFocusColor)]">$PARAM[iconspath]Stop.png</texturefocus>
				<texturenofocus colordiffuse="$INFO[Skin.String(OSDButtonsColor)]">$PARAM[iconspath]Stop.png</texturenofocus>
				<onclick>PlayerControl(Stop)</onclick>
                <visible>!Skin.HasSetting(OSDDisablePlaybackControls)</visible>
			</control>
			<control type="button" id="205">
				<description>FF</description>
				<width>$PARAM[size]</width>
				<height>$PARAM[size]</height>
				<font/>
                <label>210</label>
				<texturefocus colordiffuse="$INFO[Skin.String(OSDButtonsFocusColor)]">$PARAM[iconspath]Forward.png</texturefocus>
				<texturenofocus colordiffuse="$INFO[Skin.String(OSDButtonsColor)]">$PARAM[iconspath]Forward.png</texturenofocus>
				<onclick>PlayerControl(Forward)</onclick>
                <visible>!Skin.HasSetting(OSDDisablePlaybackControls)</visible>
			</control>
			<control type="togglebutton" id="206">
				<description>Next</description>
				<width>$PARAM[size]</width>
				<height>$PARAM[size]</height>
				<label>209</label>
				<font/>
				<texturefocus colordiffuse="$INFO[Skin.String(OSDButtonsFocusColor)]">$PARAM[iconspath]NextTrack.png</texturefocus>
				<texturenofocus colordiffuse="$INFO[Skin.String(OSDButtonsColor)]">$PARAM[iconspath]NextTrack.png</texturenofocus>
				<usealttexture>VideoPlayer.Content(livetv)</usealttexture>
				<alttexturefocus colordiffuse="$INFO[Skin.String(OSDButtonsFocusColor)]">$PARAM[iconspath]ChannelDown.png</alttexturefocus>
				<alttexturenofocus colordiffuse="$INFO[Skin.String(OSDButtonsColor)]">$PARAM[iconspath]ChannelDown.png</alttexturenofocus>
				<onclick>PlayerControl(Next)</onclick>
                <visible>!Skin.HasSetting(OSDDisablePlaybackControls)</visible>
			</control>
			<control type="button" id="207">
			  <width>$PARAM[size]</width>
				<height>$PARAM[size]</height>
			  <label>$LOCALIZE[486]$INFO[Playlist.Repeat, : ]</label>
			  <font/>
			  <texturefocus colordiffuse="$INFO[Skin.String(OSDButtonsFocusColor)]">$PARAM[iconspath]Repeat.png</texturefocus>
			  <texturenofocus colordiffuse="$INFO[Skin.String(OSDButtonsColor)]">$PARAM[iconspath]Repeat.png</texturenofocus>
			  <onclick>XBMC.PlayerControl(Repeat)</onclick>
			  <visible>!Playlist.IsRepeatOne + !Playlist.IsRepeat</visible>
              <visible>!VideoPlayer.Content(livetv)</visible>
			</control>
			<control type="button" id="208">
			  <width>$PARAM[size]</width>
			  <height>$PARAM[size]</height>
			  <texturefocus colordiffuse="$INFO[Skin.String(OSDButtonsFocusColor)]">$PARAM[iconspath]RepeatOne.png</texturefocus>
			  <texturenofocus colordiffuse="$INFO[Skin.String(OSDButtonsColor)]">$PARAM[iconspath]RepeatOne.png</texturenofocus>
			  <visible>Playlist.IsRepeatOne</visible>
              <visible>!VideoPlayer.Content(livetv)</visible>
			  <onclick>XBMC.PlayerControl(Repeat)</onclick>
			</control>
			<control type="button" id="210">
			  <width>$PARAM[size]</width>
				<height>$PARAM[size]</height>
			  <texturefocus colordiffuse="$INFO[Skin.String(OSDButtonsFocusColor)]">$PARAM[iconspath]RepeatAll.png</texturefocus>
			  <texturenofocus colordiffuse="$INFO[Skin.String(OSDButtonsColor)]">$PARAM[iconspath]RepeatAll.png</texturenofocus>
			  <visible>Playlist.IsRepeat</visible>
              <visible>!VideoPlayer.Content(livetv)</visible>
			  <onclick>XBMC.PlayerControl(Repeat)</onclick>
			</control>
			<control type="togglebutton" id="212">
			  <width>$PARAM[size]</width>
              <height>$PARAM[size]</height>
			  <label>$LOCALIZE[590]$INFO[Playlist.Random, : ]</label>
			  <altlabel>$LOCALIZE[590] : $LOCALIZE[16041]</altlabel>
			  <font/>
			  <texturefocus colordiffuse="$INFO[Skin.String(OSDButtonsFocusColor)]">$PARAM[iconspath]RandomOff.png</texturefocus>
			  <texturenofocus colordiffuse="$INFO[Skin.String(OSDButtonsColor)]">$PARAM[iconspath]RandomOff.png</texturenofocus>
			  <usealttexture>Playlist.IsRandom</usealttexture>
			  <alttexturefocus colordiffuse="$INFO[Skin.String(OSDButtonsFocusColor)]">$PARAM[iconspath]RandomOn.png</alttexturefocus>
			  <alttexturenofocus colordiffuse="$INFO[Skin.String(OSDButtonsColor)]">$PARAM[iconspath]RandomOn.png</alttexturenofocus>
			  <onclick>XBMC.PlayerControl(Random)</onclick>
			  <visible>Player.HasAudio</visible>
			</control>
			<control type="togglebutton" id="10">
				<description>Record</description>
				<width>$PARAM[size]</width>
				<height>$PARAM[size]</height>
				<label>209</label>
				<font/>
				<texturefocus colordiffuse="$INFO[Skin.String(OSDButtonsFocusColor)]">$PARAM[iconspath]RecordOff.png</texturefocus>
				<texturenofocus colordiffuse="$INFO[Skin.String(OSDButtonsColor)]">$PARAM[iconspath]RecordOff.png</texturenofocus>
				<alttexturefocus colordiffuse="$INFO[Skin.String(OSDButtonsFocusColor)]">$PARAM[iconspath]RecordOn.png</alttexturefocus>
				<alttexturenofocus colordiffuse="$INFO[Skin.String(OSDButtonsColor)]">$PARAM[iconspath]RecordOn.png</alttexturenofocus>
				<usealttexture>PVR.IsRecordingPlayingChannel</usealttexture>
				<onclick>PVR.ToggleRecordPlayingChannel</onclick>
				<visible>PVR.CanRecordPlayingChannel</visible>
                <visible>!Skin.HasSetting(OSDDisablePlaybackControls)</visible>
			</control>
			<control type="button" id="214">
				<description>bookmarks</description>
				<width>$PARAM[size]</width>
				<height>$PARAM[size]</height>
				<label>209</label>
				<font/>
				<texturefocus colordiffuse="$INFO[Skin.String(OSDButtonsFocusColor)]">$PARAM[iconspath]BookMarks.png</texturefocus>
				<texturenofocus colordiffuse="$INFO[Skin.String(OSDButtonsColor)]">$PARAM[iconspath]BookMarks.png</texturenofocus>
				<onclick>ActivateWindow(VideoBookmarks)</onclick>
				<visible>Player.HasVideo</visible>
				<visible>!VideoPlayer.Content(livetv)</visible>
			</control>
			<control type="button" id="215">
				<description>disc menu</description>
				<width>$PARAM[size]</width>
				<height>$PARAM[size]</height>
				<label>209</label>
				<font/>
				<texturefocus colordiffuse="$INFO[Skin.String(OSDButtonsFocusColor)]">$PARAM[iconspath]Dvd.png</texturefocus>
				<texturenofocus colordiffuse="$INFO[Skin.String(OSDButtonsColor)]">$PARAM[iconspath]Dvd.png</texturenofocus>
				<onclick>PlayerControl(ShowVideoMenu)</onclick>
				<visible>VideoPlayer.HasMenu</visible>
			</control>
			<control type="button" id="705">
				<description>stereoscopic</description>
				<width>$PARAM[size]</width>
				<height>$PARAM[size]</height>
				<label>209</label>
				<font/>
				<texturefocus colordiffuse="$INFO[Skin.String(OSDButtonsFocusColor)]">$PARAM[iconspath]Stereoscopic.png</texturefocus>
				<texturenofocus colordiffuse="$INFO[Skin.String(OSDButtonsColor)]">$PARAM[iconspath]Stereoscopic.png</texturenofocus>
				<onclick>StereoMode</onclick>
				<visible>VideoPlayer.IsStereoscopic</visible>
			</control>
			<control type="button" id="101">
				<description>Audio Settings</description>
				<width>$PARAM[size]</width>
				<height>$PARAM[size]</height>
				<label>13396</label>
				<font/>
				<texturefocus colordiffuse="$INFO[Skin.String(OSDButtonsFocusColor)]">$PARAM[iconspath]Audio.png</texturefocus>
				<texturenofocus colordiffuse="$INFO[Skin.String(OSDButtonsColor)]">$PARAM[iconspath]Audio.png</texturenofocus>
				<onclick>ActivateWindow(124)</onclick>
			</control>
			<control type="button" id="102">
				<description>Video Settings</description>
				<width>$PARAM[size]</width>
				<height>$PARAM[size]</height>
				<label>13395</label>
				<align>left</align>
				<font/>
				<texturefocus colordiffuse="$INFO[Skin.String(OSDButtonsFocusColor)]">$PARAM[iconspath]Video.png</texturefocus>
				<texturenofocus colordiffuse="$INFO[Skin.String(OSDButtonsColor)]">$PARAM[iconspath]Video.png</texturenofocus>
				<onclick>ActivateWindow(123)</onclick>
				<visible>Player.HasVideo</visible>
			</control>
			<control type="button" id="104">
				<description>Subtitles</description>
			    <width>$PARAM[size]</width>
				<height>$PARAM[size]</height>
				<label>287</label>
				<font/>
				<texturefocus colordiffuse="$INFO[Skin.String(OSDButtonsFocusColor)]">$PARAM[iconspath]Subtitles.png</texturefocus>
				<texturenofocus colordiffuse="$INFO[Skin.String(OSDButtonsColor)]">$PARAM[iconspath]Subtitles.png</texturenofocus>
				<onclick>ActivateWindow(osdsubtitlesettings)</onclick>
				<visible>!VideoPlayer.Content(livetv)| VideoPlayer.HasSubtitles</visible>
			</control>
			<control type="button" id="105">
				<description>teletext</description>
				<description>teletext</description>
				<width>$PARAM[size]</width>
				<height>$PARAM[size]</height>
				<label>287</label>
				<font/>
				<texturefocus colordiffuse="$INFO[Skin.String(OSDButtonsFocusColor)]">$PARAM[iconspath]TeleText.png</texturefocus>
				<texturenofocus colordiffuse="$INFO[Skin.String(OSDButtonsColor)]">$PARAM[iconspath]TeleText.png</texturenofocus>
				<onclick>ActivateWindow(Teletext)</onclick>
				<visible>VideoPlayer.Content(livetv)</visible>
				<visible>Player.HasVideo</visible>
			</control>
			<control type="togglebutton" id="701">
				<description> lyrics </description>
				<width>$PARAM[size]</width>
				<height>$PARAM[size]</height>
				<label>31128</label>
				<font/>
				<texturefocus colordiffuse="$INFO[Skin.String(OSDButtonsFocusColor)]">$PARAM[iconspath]Lyrics.png</texturefocus>
				<texturenofocus colordiffuse="$INFO[Skin.String(OSDButtonsColor)]">$PARAM[iconspath]Lyrics.png</texturenofocus>
				<alttexturefocus colordiffuse="$INFO[Skin.String(OSDButtonsFocusColor)]">$PARAM[iconspath]Lyrics.png</alttexturefocus>
				<alttexturenofocus colordiffuse="$INFO[Skin.String(OSDButtonsColor)]">$PARAM[iconspath]Lyrics.png</alttexturenofocus>
				<onclick>Close</onclick>
				<onclick>RunScript($INFO[Skin.String(LyricScript_iconspath)])</onclick>
				<altclick>Skin.SetAddon(LyricScript_iconspath,xbmc.python.lyrics)</altclick>
				<altclick>Close</altclick>
				<altclick>RunScript($INFO[Skin.String(LyricScript_iconspath)])</altclick>
				<usealttexture>!Skin.String(LyricScript_iconspath)</usealttexture>
				<visible>Player.hasaudio</visible>
				<visible>System.HasAddon(script.cu.lrclyrics)</visible>
			</control>
			<control type="button" id="500">
				<description> vizualisation addon </description>
				<width>$PARAM[size]</width>
				<height>$PARAM[size]</height>
				<label>12006</label>
				<font/>
				<texturefocus colordiffuse="$INFO[Skin.String(OSDButtonsFocusColor)]">$PARAM[iconspath]Viz.png</texturefocus>
				<texturenofocus colordiffuse="$INFO[Skin.String(OSDButtonsColor)]">$PARAM[iconspath]Viz.png</texturenofocus>
				<visible>Player.hasaudio</visible>
			</control>
            <control type="button" id="21417">
				<description> vizualisation settings </description>
				<width>$PARAM[size]</width>
				<height>$PARAM[size]</height>
				<label>$LOCALIZE[250] $LOCALIZE[21417]</label>
				<font/>
				<texturefocus colordiffuse="$INFO[Skin.String(OSDButtonsFocusColor)]">$PARAM[iconspath]Settings.png</texturefocus>
				<texturenofocus colordiffuse="$INFO[Skin.String(OSDButtonsColor)]">$PARAM[iconspath]Settings.png</texturenofocus>
				<visible>Player.hasaudio + Visualisation.Enabled </visible>
                <onclick>Addon.Default.OpenSettings(xbmc.player.musicviz)</onclick>
			</control>
            <control type="button" id="703">
				<description> vizualisation presets </description>
				<width>$PARAM[size]</width>
				<height>$PARAM[size]</height>
				<label>$LOCALIZE[250] $LOCALIZE[21417]</label>
				<font/>
				<texturefocus colordiffuse="$INFO[Skin.String(OSDButtonsFocusColor)]">$PARAM[iconspath]epg.png</texturefocus>
				<texturenofocus colordiffuse="$INFO[Skin.String(OSDButtonsColor)]">$PARAM[iconspath]epg.png</texturenofocus>
				<visible>Player.hasaudio + Visualisation.Enabled + [String.IsEqual(Visualisation.Name,milkdrop) | String.IsEqual(Visualisation.Name,vortex) | Visualisation.HasPresets ]</visible>
                <onclick>ActivateWindow(122)</onclick>
			</control>
			<control type="button" id="806">
				<description> pvr </description>
				<width>$PARAM[size]</width>
				<height>$PARAM[size]</height>
				<label>12006</label>
				<font/>
				<texturefocus colordiffuse="$INFO[Skin.String(OSDButtonsFocusColor)]">$PARAM[iconspath]ChannelList.png</texturefocus>
				<texturenofocus colordiffuse="$INFO[Skin.String(OSDButtonsColor)]">$PARAM[iconspath]ChannelList.png</texturenofocus>
				<visible>VideoPlayer.Content(livetv)</visible>
				<onclick>ActivateWindow(PVROSDChannels)</onclick>
			</control>
			<control type="button" id="807">
				<description> pvr </description>
				<width>$PARAM[size]</width>
				<height>$PARAM[size]</height>
				<label>12006</label>
				<font/>
				<texturefocus colordiffuse="$INFO[Skin.String(OSDButtonsFocusColor)]">$PARAM[iconspath]epg.png</texturefocus>
				<texturenofocus colordiffuse="$INFO[Skin.String(OSDButtonsColor)]">$PARAM[iconspath]epg.png</texturenofocus>
				<visible>VideoPlayer.Content(livetv)</visible>
                <onclick>ActivateWindow(pvrchannelguide)</onclick>
			</control>
            <control type="button" id="811">
				<description> playlist </description>
				<width>$PARAM[size]</width>
				<height>$PARAM[size]</height>
				<label>12006</label>
				<font/>
				<texturefocus colordiffuse="$INFO[Skin.String(OSDButtonsFocusColor)]">$PARAM[iconspath]TeleText.png</texturefocus>
				<texturenofocus colordiffuse="$INFO[Skin.String(OSDButtonsColor)]">$PARAM[iconspath]TeleText.png</texturenofocus>
				<visible>!String.IsEqual(Playlist.Length(music),0) + Player.HasAudio</visible>
                <onclick>SetProperty(playlistdialog,show,Home)</onclick>
                <onclick>Dialog.Close(MusicOSD)</onclick>
                <onclick>ActivateWindow(musicplaylist)</onclick>
			</control>
			<control type="button" id="808">
				<description> infopanel </description>
				<width>$PARAM[size]</width>
				<height>$PARAM[size]</height>
				<label>31133</label>
				<font/>
				<texturefocus colordiffuse="$INFO[Skin.String(OSDButtonsFocusColor)]">$PARAM[iconspath]Info.png</texturefocus>
				<texturenofocus colordiffuse="$INFO[Skin.String(OSDButtonsColor)]">$PARAM[iconspath]Info.png</texturenofocus>
				<visible>player.hasvideo</visible>
				<onclick>Skin.ToggleSetting(EnableOSDInfo)</onclick>
			</control>
            <control type="button" id="809">
				<description> touch - volume up </description>
				<width>$PARAM[size]</width>
				<height>$PARAM[size]</height>
				<label>volup</label>
				<font/>
				<texturefocus colordiffuse="$INFO[Skin.String(OSDButtonsFocusColor)]">$PARAM[iconspath]VolumeUp.png</texturefocus>
				<texturenofocus colordiffuse="$INFO[Skin.String(OSDButtonsColor)]">$PARAM[iconspath]VolumeUp.png</texturenofocus>
				<visible>Skin.HasSetting(EnableTouchSupport)</visible>
				<onclick>VolumeUp</onclick>
			</control>
            <control type="button" id="810">
				<description> touch - volume down </description>
				<width>$PARAM[size]</width>
				<height>$PARAM[size]</height>
				<label>voldown</label>
				<font/>
				<texturefocus colordiffuse="$INFO[Skin.String(OSDButtonsFocusColor)]">$PARAM[iconspath]VolumeDown.png</texturefocus>
				<texturenofocus colordiffuse="$INFO[Skin.String(OSDButtonsColor)]">$PARAM[iconspath]VolumeDown.png</texturenofocus>
				<visible>Skin.HasSetting(EnableTouchSupport)</visible>
				<onclick>VolumeDown</onclick>
			</control>
		</control>

	</include>
	
	<include name="SeekBar_Normal">
		<control type="slider">
			<description>Seekbar</description>
			<posx>540</posx>
			<bottom>120</bottom>
			<height>10</height>
			<width>700</width>
			<visible>!String.IsEmpty(Player.Duration)</visible>
			<action>seek</action>
			<texturesliderbar>colors/color_transparent.png</texturesliderbar>
			<textureslidernib>colors/color_transparent.png</textureslidernib>
			<textureslidernibfocus border="5" colordiffuse="$INFO[Skin.String(OSDButtonsFocusColor)]">diffuse/panel.png</textureslidernibfocus>
			<visible>!String.IsEqual(Window(Home).Property(subtitlemenu), show) + !VideoPlayer.Content(LiveTV)</visible>
            <animation effect="slide" end="50" time="0" condition="player.hasaudio + !Skin.HasSetting(HideOSDDisc)">Conditional</animation>
            <visible>![Window.IsVisible(OSDVideoSettings) | Window.IsVisible(OSDAudioSettings) | Window.IsVisible(subtitlesearch) | Window.IsVisible(selectdialog)]</visible>     		
        </control>
		<control type="image">
			<description>Progress Bar Border</description>
			<posx>540</posx>
			<bottom>110</bottom>
			<height>20</height>
			<width>700</width>
			<visible>!String.IsEmpty(Player.Duration)</visible>
			<visible>!String.IsEqual(Window(Home).Property(subtitlemenu), show) + !VideoPlayer.Content(LiveTV)</visible>
			<texture border="5" colordiffuse="$INFO[Skin.String(OSDProgressBarBorderColor)]">diffuse/thinborder.png</texture>
            <animation effect="slide" end="50" time="0" condition="player.hasaudio + !Skin.HasSetting(HideOSDDisc)">Conditional</animation>
            <visible>![Window.IsVisible(OSDVideoSettings) | Window.IsVisible(OSDAudioSettings) | Window.IsVisible(subtitlesearch) | Window.IsVisible(selectdialog)]</visible>
		</control>
	</include>

	<include name="WeatherInfoOSD">
        <!-- weather info displayed in video OSD and video info -->
        <control type="group">
            <posx>50</posx>
            <bottom>292</bottom>
            <width>128</width>
            <height>128</height>
            <visible>!String.IsEmpty(Window(Weather).Property(Current.FanartCode)) + Skin.String(WeatherIconPack.path)</visible>
            <include>HideOsdConditions</include>
			
            <!--Current Weather-->
            <control type="multiimage">
                <!--Current Weather Icon-->
                <imagepath>$INFO[Skin.String(WeatherIconPack.path)]$INFO[Window(Weather).Property(Current.FanartCode)]$INFO[Skin.String(WeatherIconPack.ext)]</imagepath>
                <width>128</width>
                <height>128</height>
                <aspectratio align="left" aligny="bottom">keep</aspectratio>
            </control>
			<!-- active weather alert icon overlay -->
            <control type="image">
                <texture>special://skin/extras/media/weather-alert.png</texture>
				<width>128</width>
                <height>128</height>
                <aspectratio align="left" aligny="bottom">keep</aspectratio>
				<visible>!String.IsEmpty(Window(Weather).Property(Alerts)) + !String.IsEmpty(Window(Weather).Property(Alerts.IsFetched)) + Skin.HasSetting(EnableWeatherAlertOverlay)</visible>
            </control>
            <control type="label">
                <!--Current Temp-->
                <width>300</width>
                <height>128</height>
                <posx>132</posx>
                <posy>0</posy>
                <font>Bold30</font>
                 <!-- colors should be hardcoded because display on video -->
                <textcolor>white</textcolor>
                <shadowcolor>black</shadowcolor>
                <align>left</align>
                <label>$INFO[Window(Weather).Property(Current.Temperature)] $INFO[System.TemperatureUnits]</label>
            </control>
			<!--Current Conditions-->
			<control type="label">
                <width>300</width>
                <height>128</height>
                <posx>132</posx>
                <posy>32</posy>
                <font>Reg24</font>
                <!-- colors should be hardcoded because display on video -->
                <textcolor>white</textcolor>
                <shadowcolor>black</shadowcolor>
                <align>left</align>
                <label>$INFO[Window(Weather).Property(Current.Condition)]</label>
                <visible>Weather.IsFetched</visible>
            </control>
        </control>
    </include>

    <include name="OSDInfoPanel">
        
        <control type="group" id="552233">
            <visible>Skin.HasSetting(EnableOSDInfo)</visible>
            <visible>[Player.Paused + Skin.HasSetting(OSDShowInfoOnPause)] | Player.ShowInfo | Window.IsActive(videoosd)</visible>
            <visible>!Window.IsActive(notification) + !Window.IsActive(extendedprogressdialog) + !Window.IsActive(DialogPlayerProcessInfo.xml)</visible>
            <include>HideOsdConditions</include>
			<include>OSDInfoPanelSmall</include>
        </control>
        
    </include>
    
    <include name="OSDInfoPanelSmall">
        <!--OSD Info Panel-->
        <!--Info Stuff-->
        <control type="group">
             <width>100%</width>
             <height>275</height>
             <!-- background -->
             <control type="image">
                 <texture border="5">diffuse/panel.png</texture>
                 <colordiffuse>$INFO[Skin.String(OSDPanelColor)]</colordiffuse>
             </control>
             <!-- Plot -->
             <control type="group">
                 <!--logo-->
                 <control type="image">
                     <posx>1520</posx>
                     <posy>20</posy>
                     <width>356</width>
                     <height>200</height>
                     <fadetime>200</fadetime>
                     <texture background="true">$VAR[OSDInfoImage]</texture>
                     <aspectratio align="left" aligny="top">keep</aspectratio>
                     <visible>[!String.IsEmpty(Player.Art(clearlogo)) | !String.IsEmpty(Player.Art(clearart)) | !String.IsEmpty(Player.Art(tvshow.clearlogo)) | !String.IsEmpty(Player.Art(tvshow.clearart))]</visible>
                 </control>
                 <!-- plot when clearlogo visible -->
                 <control type="textbox">
                     <posx>38</posx>
                     <posy>30</posy>
                     <width>1450</width>
                     <height>200</height>
                     <visible>[!String.IsEmpty(Player.Art(clearlogo)) | !String.IsEmpty(Player.Art(clearart)) | !String.IsEmpty(Player.Art(tvshow.clearlogo)) | !String.IsEmpty(Player.Art(tvshow.clearart))]</visible>
                     <label fallback="19055">[B]$INFO[VideoPlayer.Premiered,,  • ]$INFO[VideoPlayer.Duration,, min. • ]$INFO[VideoPlayer.MPAA, • ]$INFO[VideoPlayer.RatingAndVotes, • ]$INFO[VideoPlayer.EpisodeName,, • ][/B][CR]$INFO[VideoPlayer.Plot]</label>
                     <textcolor>$INFO[Skin.String(OSDPrimaryTextColor)]</textcolor>
                     <shadowcolor>$INFO[Skin.String(OSDPrimaryTextShadowColor)]</shadowcolor>
                     <align>justify</align>
                     <font>Light28</font>
                 </control>
                 <!-- plot when clearlogo NOT visible -->
                 <control type="textbox">
                     <posx>38</posx>
                     <posy>30</posy>
                     <width>1810</width>
                     <height>190</height>
                     <visible>![!String.IsEmpty(Player.Art(clearart)) | !String.IsEmpty(Player.Art(tvshow.clearart)) | !String.IsEmpty(Player.Art(clearlogo)) | !String.IsEmpty(Player.Art(tvshow.clearlogo))]</visible>
                     <label fallback="19055">[B]$INFO[VideoPlayer.Premiered,,  • ]$INFO[VideoPlayer.Duration,, min. • ]$INFO[VideoPlayer.MPAA, • ]$INFO[VideoPlayer.RatingAndVotes, • ]$INFO[VideoPlayer.EpisodeName,, • ][/B][CR]$INFO[VideoPlayer.Plot]</label>
                     <textcolor>$INFO[Skin.String(OSDPrimaryTextColor)]</textcolor>
                     <shadowcolor>$INFO[Skin.String(OSDPrimaryTextShadowColor)]</shadowcolor>
                     <align>justify</align>
                     <font>Light28</font>
                 </control>
                <!-- media flags -->
                <control type="group">
                     <posx>38</posx>
                     <posy>240</posy>
                    <include>mediaflags_text</include>
                    <visible>Skin.HasSetting(EnableOSDInfoMediaFlags)</visible>
                </control>
             
             </control>
         </control>
     </include> 
    
   <variable name="OSDImage">
        <value condition="![VideoPlayer.Content(livetv) + Skin.HasSetting(NoPvrArtOSD)] + !String.IsEmpty(Window(Home).Property(SkinHelper.Player.AnimatedPoster))">$INFO[Window(Home).Property(SkinHelper.Player.AnimatedPoster)]</value>
		<value condition="![VideoPlayer.Content(livetv) + Skin.HasSetting(NoPvrArtOSD)] + !String.IsEmpty(Player.Art(tvshow.poster))">$INFO[Player.Art(tvshow.poster)]</value>
        <value condition="![VideoPlayer.Content(livetv) + Skin.HasSetting(NoPvrArtOSD)] + !String.IsEmpty(Player.Art(poster))">$INFO[Player.Art(poster)]</value>
        <value condition="![VideoPlayer.Content(livetv) + Skin.HasSetting(NoPvrArtOSD)] + !String.IsEmpty(Window(Home).Property(SkinHelper.Player.Art.Poster))">$INFO[Window(Home).Property(SkinHelper.Player.Art.Poster)]</value>
		<value condition="!String.IsEmpty(VideoPlayer.Cover)">$INFO[VideoPlayer.Cover]</value>
		<value condition="!String.IsEmpty(Player.Art(thumb))">$INFO[Player.Art(thumb)]</value>
		<value>DefaultVideo.png</value>
	 </variable>

	<variable name="OSDLabel1">
        <value condition="Player.HasVideo + String.IsEqual(Window(Home).Property(subtitlemenu), show)">$LOCALIZE[287]</value>
        <value condition="Player.HasVideo + !String.IsEqual(Window(Home).Property(subtitlemenu), show) + VideoPlayer.Content(livetv)">$INFO[VideoPlayer.ChannelNumberLabel,, - ]$INFO[VideoPlayer.ChannelName]</value>
		<value condition="Player.HasVideo + !String.IsEqual(Window(Home).Property(subtitlemenu), show) + Player.IsInternetStream + !String.IsEmpty(Window(Home).Property(SkinHelper.Player.AddonName)) + String.IsEmpty(VideoPlayer.TvShowTitle)">$INFO[Window(Home).Property(SkinHelper.Player.AddonName)]</value>
        <value condition="Player.HasVideo + !String.IsEqual(Window(Home).Property(subtitlemenu), show) + VideoPlayer.Content(episodes) + !String.IsEmpty(VideoPlayer.TvShowTitle)">$INFO[VideoPlayer.TVShowTitle] • $LOCALIZE[20373] $INFO[VideoPlayer.Season]</value>
        <value condition="Player.HasAudio + !String.IsEmpty(MusicPlayer.Artist)">$INFO[MusicPlayer.Artist]</value>
        <value condition="Player.HasAudio + String.IsEmpty(MusicPlayer.Artist) + !String.IsEmpty(MusicPlayer.ChannelName)">$INFO[MusicPlayer.ChannelName]</value>
        <value condition="Player.HasAudio + String.IsEmpty(MusicPlayer.Artist) + String.IsEmpty(MusicPlayer.ChannelName) + !String.IsEmpty(Window(Home).Property(SkinHelper.Player.AddonName))">$INFO[Window(Home).Property(SkinHelper.Player.AddonName)]</value>
        <value>$LOCALIZE[31040]</value>
	 </variable>
     
	 <variable name="OSDLabel2">
        <value condition="Player.HasVideo + !String.IsEqual(Window(Home).Property(subtitlemenu), show) + VideoPlayer.Content(Episodes)">$INFO[VideoPlayer.Episode]. $INFO[VideoPlayer.Title]</value>
        <value condition="Player.HasVideo + !String.IsEqual(Window(Home).Property(subtitlemenu), show) + VideoPlayer.Content(livetv) + [!String.IsEmpty(VideoPlayer.Episode) + !String.IsEmpty(VideoPlayer.EpisodeName)]">$INFO[VideoPlayer.Title] - $INFO[VideoPlayer.EpisodeName]</value>
        <value condition="Player.HasVideo + !String.IsEqual(Window(Home).Property(subtitlemenu), show)">$INFO[VideoPlayer.Title]</value>
        <value condition="Player.HasAudio">$INFO[MusicPlayer.Title]</value>
	 </variable>
     
	 <variable name="OSDLabel3">
        <value condition="Player.HasVideo + VideoPlayer.Content(livetv) + !String.IsEmpty(VideoPlayer.NextTitle) + !Window.IsActive(VideoOSD)">$LOCALIZE[19031]: $INFO[VideoPlayer.NextTitle]</value>
        <value condition="Player.HasVideo + !VideoPlayer.Content(livetv) + String.IsEmpty(VideoPlayer.NextTitle) + !Window.IsActive(VideoOSD) + !String.IsEmpty(player.chaptercount) + !String.IsEqual(player.chaptercount,00)">$INFO[player.chapter,[B]$LOCALIZE[21396]:[/B] ,]$INFO[player.chaptercount,/,]$INFO[player.chaptername, - ,]</value>
        <value condition="Player.HasAudio + !String.IsEmpty(MusicPlayer.Offset(1).Artist) + !Window.IsActive(MusicOSD)">[COLOR=$INFO[Skin.String(OSDSecondaryTextColor)]]$LOCALIZE[554]:[/COLOR] $INFO[MusicPlayer.PlaylistPosition]/$INFO[MusicPlayer.PlaylistLength] - [COLOR=$INFO[Skin.String(OSDSecondaryTextColor)]]$LOCALIZE[19031]:[/COLOR] $INFO[MusicPlayer.Offset(1).Artist] - $INFO[MusicPlayer.Offset(1).Title]</value>
        <value condition="!String.IsEmpty(VideoPlayer.Genre) + !Window.IsActive(VideoOSD) + !String.Contains(VideoPlayer.Genre,unknown)">$LOCALIZE[515]: $INFO[VideoPlayer.Genre]</value>
	 </variable>

	<variable name="OSDLabel4">
		<value condition="Player.HasVideo + String.IsEqual(Window(Home).Property(subtitlemenu), show)"/>
		<value condition="Player.HasVideo + !String.IsEqual(Window(Home).Property(subtitlemenu), show) + VideoPlayer.Content(livetv)">$INFO[VideoPlayer.ChannelNumberLabel,,: ]$INFO[VideoPlayer.ChannelName]</value>
		<value condition="Player.HasVideo + !String.IsEqual(Window(Home).Property(subtitlemenu), show) + Player.IsInternetStream + !String.IsEmpty(Window(Home).Property(SkinHelper.Player.AddonName)) + String.IsEmpty(VideoPlayer.TvShowTitle)">$INFO[Window(Home).Property(SkinHelper.Player.AddonName)]</value>
		<value condition="Player.HasVideo + !String.IsEqual(Window(Home).Property(subtitlemenu), show) + VideoPlayer.Content(episodes) + !String.IsEmpty(VideoPlayer.TvShowTitle)">$INFO[VideoPlayer.TVShowTitle]</value>
		<value condition="Player.HasAudio + !String.IsEmpty(MusicPlayer.Artist)">$INFO[MusicPlayer.Artist]</value>
		<value condition="Player.HasAudio + String.IsEmpty(MusicPlayer.Artist) + !String.IsEmpty(MusicPlayer.ChannelName)">$INFO[MusicPlayer.ChannelName]</value>
		<value condition="Player.HasAudio + String.IsEmpty(MusicPlayer.Artist) + String.IsEmpty(MusicPlayer.ChannelName) + !String.IsEmpty(Window(Home).Property(SkinHelper.Player.AddonName))">$INFO[Window(Home).Property(SkinHelper.Player.AddonName)]</value>
		<value condition="Player.HasVideo + !String.IsEqual(Window(Home).Property(subtitlemenu), show) + ![String.Contains(VideoPlayer.Title,movie-trailer) | String.Contains(VideoPlayer.Title,tvshow-trailer)]">$INFO[VideoPlayer.Title]</value>
		<value condition="Player.HasVideo + !String.IsEqual(Window(Home).Property(subtitlemenu), show) + [String.Contains(VideoPlayer.Title,movie-trailer) | String.Contains(VideoPlayer.Title,tvshow-trailer)]"/>
		<value>$LOCALIZE[31040]</value>
	</variable>

	<variable name="OSDLabel5">
		<value condition="Player.HasVideo + !String.IsEqual(Window(Home).Property(subtitlemenu), show) + VideoPlayer.Content(Episodes)">[B][UPPERCASE]$INFO[VideoPlayer.Season,S,]$INFO[VideoPlayer.Episode,E,][/UPPERCASE]$INFO[VideoPlayer.Title, ","][/B]</value>
		<value condition="Player.HasVideo + !String.IsEqual(Window(Home).Property(subtitlemenu), show) + VideoPlayer.Content(livetv) + !String.IsEmpty(VideoPlayer.Episode) + !String.IsEmpty(VideoPlayer.EpisodeName)">[B]$INFO[VideoPlayer.Title] - $INFO[VideoPlayer.EpisodeName][/B]</value>
		<value condition="Player.HasAudio">[B]$INFO[MusicPlayer.Title][/B]</value>
	</variable>

	<variable name="playtime_format">
		<value condition="String.IsEqual(Player.Time(hh),00)">$INFO[Player.Time(mm:ss)]</value>
		<value>$INFO[Player.Time]</value>
	</variable>

	<variable name="timeremaining_format">
		<value condition="String.IsEqual(Player.TimeRemaining(hh),00)">$INFO[Player.TimeRemaining(mm:ss)]</value>
		<value>$INFO[Player.TimeRemaining]</value>
	</variable>

	<variable name="premiered_or_year">
		<value condition="!VideoPlayer.Content(Movies)">$INFO[VideoPlayer.Premiered]</value>
		<value>$INFO[VideoPlayer.year]</value>
	</variable>
     
     <variable name="PlayerActionLabel">
		<value condition="[Player.Paused + Player.Caching] + !Player.Seeking">[B]$LOCALIZE[15107]:[/B] $INFO[Player.CacheLevel]%</value>
		<value condition="!String.IsEmpty(Player.SeekStepSize) + ![player.forwarding | player.rewinding] + Player.seeking">[B]$LOCALIZE[31255][/B] $INFO[Player.SeekStepSize]</value>
		<value condition="Player.DisplayAfterSeek  + ![player.forwarding | player.rewinding] + !String.IsEmpty(Player.SeekOffset)">[B]$LOCALIZE[31255][/B] $INFO[Player.SeekOffset]</value>
		<value condition="Player.seeking">[B]$LOCALIZE[31255][/B] $INFO[Player.SeekTime] - $INFO[Player.Duration]</value>
		<value condition="player.forwarding2x">[B]$LOCALIZE[31253][/B] x2</value>
		<value condition="player.forwarding4x">[B]$LOCALIZE[31253][/B] x4</value>
		<value condition="player.forwarding8x">[B]$LOCALIZE[31253][/B] x8</value>
		<value condition="player.forwarding16x">[B]$LOCALIZE[31253][/B] x16</value>
		<value condition="player.forwarding32x">[B]$LOCALIZE[31253][/B] x32</value>
		<value condition="player.rewinding2x">[B]$LOCALIZE[31254][/B] x2</value>
		<value condition="player.rewinding4x">[B]$LOCALIZE[31254][/B] x4</value>
		<value condition="player.rewinding8x">[B]$LOCALIZE[31254][/B] x8</value>
		<value condition="player.rewinding16x">[B]$LOCALIZE[31254][/B] x16</value>
		<value condition="player.rewinding32x">[B]$LOCALIZE[31254][/B] x32</value>
		<value condition="!String.IsEmpty(player.FinishTime)">$LOCALIZE[31112]: $INFO[Player.FinishTime]</value>
	 </variable>
	 
	 <variable name="PlayerActionLabelSmall">
		<value condition="[Player.Paused + Player.Caching] + !Player.Seeking">[B]$LOCALIZE[15107]:[/B] $INFO[Player.CacheLevel]%</value>
		<value condition="!String.IsEmpty(Player.SeekStepSize) + ![player.forwarding | player.rewinding] + Player.seeking">[B]$LOCALIZE[31255][/B] $INFO[Player.SeekStepSize]</value>
		<value condition="Player.DisplayAfterSeek  + ![player.forwarding | player.rewinding] + !String.IsEmpty(player.chaptercount) + !String.IsEqual(player.chaptercount,00)">$INFO[player.chapter,[B]$LOCALIZE[21396]:[/B] ,]$INFO[player.chaptercount,/,]</value>
		<value condition="Player.DisplayAfterSeek  + ![player.forwarding | player.rewinding] + !String.IsEmpty(Player.SeekOffset)">[B]$LOCALIZE[31255][/B] $INFO[Player.SeekOffset]</value>
		<value condition="Player.seeking + !String.IsEmpty(player.chaptercount) + !String.IsEqual(player.chaptercount,00)">$INFO[player.chapter,[B]$LOCALIZE[21396]:[/B] ,]$INFO[player.chaptercount,/,]</value>
		<value condition="Player.seeking">[B]$LOCALIZE[31255][/B] $INFO[Player.SeekTime] - $INFO[Player.Duration]</value>
		<value condition="player.forwarding2x">[B]$LOCALIZE[31253][/B] x2</value>
		<value condition="player.forwarding4x">[B]$LOCALIZE[31253][/B] x4</value>
		<value condition="player.forwarding8x">[B]$LOCALIZE[31253][/B] x8</value>
		<value condition="player.forwarding16x">[B]$LOCALIZE[31253][/B] x16</value>
		<value condition="player.forwarding32x">[B]$LOCALIZE[31253][/B] x32</value>
		<value condition="player.rewinding2x">[B]$LOCALIZE[31254][/B] x2</value>
		<value condition="player.rewinding4x">[B]$LOCALIZE[31254][/B] x4</value>
		<value condition="player.rewinding8x">[B]$LOCALIZE[31254][/B] x8</value>
		<value condition="player.rewinding16x">[B]$LOCALIZE[31254][/B] x16</value>
		<value condition="player.rewinding32x">[B]$LOCALIZE[31254][/B] x32</value>
		<value condition="!String.IsEmpty(player.FinishTime)">[B]$LOCALIZE[31112]:[/B] $INFO[Player.FinishTime]</value>
	 </variable>
	 
	 <variable name="PlayerActionLabelLarge">
		<value condition="[Player.Paused + Player.Caching] + !Player.Seeking">[B]$LOCALIZE[15107]:[/B] $INFO[Player.CacheLevel]%</value>
		<value condition="!String.IsEmpty(Player.SeekStepSize) + ![player.forwarding | player.rewinding] + Player.seeking">[B]$LOCALIZE[31255][/B] $INFO[Player.SeekStepSize]</value>
		<value condition="Player.DisplayAfterSeek  + ![player.forwarding | player.rewinding] + !String.IsEmpty(Player.SeekOffset)">[B]$LOCALIZE[31255][/B] $INFO[Player.SeekOffset]</value>
		<value condition="Player.seeking">[B]$LOCALIZE[31255][/B] $INFO[Player.SeekTime] - $INFO[Player.Duration]</value>
		<value condition="player.forwarding2x">[B]$LOCALIZE[31253][/B] x2</value>
		<value condition="player.forwarding4x">[B]$LOCALIZE[31253][/B] x4</value>
		<value condition="player.forwarding8x">[B]$LOCALIZE[31253][/B] x8</value>
		<value condition="player.forwarding16x">[B]$LOCALIZE[31253][/B] x16</value>
		<value condition="player.forwarding32x">[B]$LOCALIZE[31253][/B] x32</value>
		<value condition="player.rewinding2x">[B]$LOCALIZE[31254][/B] x2</value>
		<value condition="player.rewinding4x">[B]$LOCALIZE[31254][/B] x4</value>
		<value condition="player.rewinding8x">[B]$LOCALIZE[31254][/B] x8</value>
		<value condition="player.rewinding16x">[B]$LOCALIZE[31254][/B] x16</value>
		<value condition="player.rewinding32x">[B]$LOCALIZE[31254][/B] x32</value>
		<value condition="player.paused">[B]$LOCALIZE[31251][/B]</value>
	 </variable>
	 
	 <variable name="SubtitleButton">
		<value condition="!VideoPlayer.SubtitlesEnabled">$LOCALIZE[24022]</value>
		<value>$LOCALIZE[209]</value>
	 </variable>
     
     <include name="CurrentPlaylistSideBar">
        <!--fallback background -->
        <control type="group">
			<include>GlobalBackground</include>
            <visible>[!Control.IsVisible(3333) | String.IsEmpty(Control.GetLabel(3333))] + [!Control.IsVisible(3334) | String.IsEmpty(Control.GetLabel(3334))]</visible>
		</control>
         <include>NowPlayingBackground</include>

        <control type="group">
			<include>OSDPanelModern</include>
			<visible>[Skin.HasSetting(AlwaysShowMusicInfo) | Player.ShowInfo | Window.IsActive(MusicOSD)] + ![Window.IsVisible(AddonSettings) | Window.IsVisible(SelectDialog) | Window.IsVisible(VisualisationPresetList)]</visible>
			<animation effect="slide" start="0,400" end="0,0" tween="cubic" easing="out" delay="300" time="250" reversible="false">Visible</animation>
			<animation effect="slide" start="0,0" end="0,400" tween="cubic" easing="out" delay="300" time="250" reversible="false">Hidden</animation>
		</control>
		
		<!--clearlogo top right-->
		<control type="image">
			<right>40</right>
			<top>20</top>
			<width>550</width>
			<height>180</height>
			<fadetime>600</fadetime>
			<aspectratio align="right" aligny="top">keep</aspectratio>
			<texture background="true">$INFO[Window(Home).Property(SkinHelper.Player.Art.ClearLogo)]</texture>
            <visible>Skin.String(MusicArtistLogo,enabled) | [Skin.String(MusicArtistLogo,osd) + [Player.ShowInfo | Window.IsActive(MusicOSD)]]</visible>
            <include>animation_fade_visible_hidden_delayed</include>
		</control>
     
        <!-- current playlist -->
        <control type="group">
			<posx>-660</posx>
			<posy>0</posy>
			<animation type="WindowOpen">
				<effect type="slide" start="0" end="660" time="250" tween="cubic" easing="inout" />
			</animation>
			<animation type="WindowClose">
				<effect type="slide" start="660" end="0" time="250" tween="cubic" easing="inout" />
			</animation>
			<!--Panel-->
			<control type="image">
                <posy>0</posy>
                <posx>0</posx>
                <width>555</width>
                <height>100%</height>
                <texture border="5">diffuse/panel.png</texture>
                <colordiffuse>$INFO[Skin.String(GeneralPanelsColor)]</colordiffuse>
                <aspectratio>stretch</aspectratio>
            </control>
            <control type="image">
                <posy>0</posy>
                <posx>0</posx>
                <width>550</width>
                <height>100%</height>
                <texture border="5">diffuse/panel.png</texture>
                <colordiffuse>$INFO[Skin.String(GeneralPanelsColor)]</colordiffuse>
                <aspectratio>stretch</aspectratio>
            </control>
            <control type="image">
                <posy>0</posy>
                <posx>0</posx>
                <width>550</width>
                <height>100%</height>
                <texture border="5">diffuse/panel.png</texture>
                <colordiffuse>$INFO[Skin.String(GeneralPanelsColor)]</colordiffuse>
                <aspectratio>stretch</aspectratio>
            </control>

		
            <!-- header -->
            <control type="label">
                <posx>40</posx>
                <posy>10</posy>
                <width min="80" max="1100">auto</width>
                <height>100</height>
                <font>Bold45</font>
                <align>left</align>
                <textcolor>$INFO[Skin.String(GeneralTextColor)]</textcolor>
                <label>[UPPERCASE]$LOCALIZE[13350][/UPPERCASE]</label>
                <visible>!Window.IsActive(notification) + !Window.IsActive(extendedprogressdialog)</visible>
            </control>
            <control type="label">
                <!--playlist info-->
                <posx>40</posx>
                <posy>80</posy>
                <width>600</width>
                <height>50</height>
                <font>Reg28</font>
                <textcolor>$INFO[Skin.String(GeneralHighlightTextColor)]</textcolor>
                <label>$INFO[Container.NumItems,, $LOCALIZE[31034]] - $INFO[Container.TotalTime]</label>
            </control>
		
		
            <!--Label Menu: -->
            <control type="image">
                <!--Seperator-->
                <posx>0</posx>
                <posy>140</posy>
                <width>500</width>
                <height>20</height>
                <align>left</align>
                <texture>common/menu-separator.png</texture>
            </control>
             <!-- Scollbar behind panel for touch control-->
            <control type="scrollbar" id="60">
                <posx>0</posx>
                <posy>160</posy>
                <width>540</width>
                <height>900</height>
                <onup>60</onup>
                <ondown>60</ondown>
                <onleft>5000</onleft>
                <animation effect="fade" start="100" end="0" time="10" condition="true">Conditional</animation>
            </control>
            
            <!--List ID=5000-->
            <control type="list" id="5000">
                <posx>0</posx>
                <posy>180</posy>
                <width>530</width>
                <height>875</height>
                <onleft>Close</onleft>
                <onright>Close</onright>
                <onup>5000</onup>
                <ondown>5000</ondown>
                <viewtype label="535">list</viewtype>
                <pagecontrol>60</pagecontrol>
                <scrolltime>200</scrolltime>
                <itemlayout height="110" width="530">
                    <control type="label">
                        <posx>100</posx>
                        <posy>10</posy>
                        <height>40</height>
                        <align>left</align>
                        <label>$INFO[ListItem.Title]</label>
                        <textcolor>$INFO[Skin.String(GeneralTextColor)]</textcolor>
                        <font>Reg36</font>
                    </control>
                    <!--Details-->
                    <control type="label">
                        <posx>100</posx>
                        <posy>50</posy>
                        <height>60</height>
                        <align>left</align>
                        <label>$INFO[ListItem.Artist]</label>
                        <textcolor>$INFO[Skin.String(GeneralTextColor)]</textcolor>
                        <font>Light28</font>
                    </control>
                    <control type="image">
                        <bottom>0</bottom>
                        <posy>0</posy>
                        <height>1</height>
                        <texture>diffuse/panel.png</texture>
                        <colordiffuse>grey</colordiffuse>
                    </control>
                    <include>WatchedIndicatorNormal</include>
                    <control type="image">
                        <!--icon-->
                        <posy>5%</posy>
                        <left>8</left>
                        <width>70</width>
                        <height>90%</height>
                        <texture background="true">$VAR[PosterThumbList]</texture>
                        <aspectratio align="center" aligny="center">keep</aspectratio>
                    </control>
                </itemlayout>
                <focusedlayout height="110" width="530">
                    <control type="image">
                        <posx>0</posx>
                        <posy>0</posy>
                        <texture border="5">diffuse/panel.png</texture>
                        <colordiffuse>$VAR[ViewDetailsFocusColor]</colordiffuse>
                    </control>
                    <!--Title-->
                    <control type="label">
                        <posx>100</posx>
                        <posy>10</posy>
                        <height>40</height>
                        <align>left</align>
                        <label>$INFO[ListItem.Title]</label>
                        <textcolor>$INFO[Skin.String(ViewDetailsListItemTextFocusColor)]</textcolor>
                        <font>Reg36</font>
                        <scroll>true</scroll>
                    </control>
                    <!--Details-->
                    <control type="label">
                        <posx>100</posx>
                        <posy>50</posy>
                        <height>60</height>
                        <align>left</align>
                        <label>$INFO[ListItem.Artist]</label>
                        <textcolor>$INFO[Skin.String(ViewDetailsListItemTextFocusColor)]</textcolor>
                        <font>Light28</font>
                        <scroll>true</scroll>
                    </control>
                    <control type="image">
                        <bottom>0</bottom>
                        <posy>0</posy>
                        <height>1</height>
                        <texture>diffuse/panel.png</texture>
                        <colordiffuse>grey</colordiffuse>
                    </control>
                    <include>WatchedIndicatorNormal</include>
                    <control type="image">
                        <!--icon-->
                        <posy>5%</posy>
                        <left>8</left>
                        <width>70</width>
                        <height>90%</height>
                        <texture background="true">$VAR[PosterThumbList]</texture>
                        <aspectratio align="center" aligny="center">keep</aspectratio>
                    </control>
                </focusedlayout>
            </control>

		</control>
		
     </include>
     
     <include name="HideOsdConditions">
        <visible>
            !Window.IsActive(pvrchannelguide) + !Window.IsActive(PVROSDTeletext) + !Window.IsActive(PVROSDChannels) + !Window.IsActive(videobookmarks) +
            !Window.IsActive(sliderdialog) + !Window.IsActive(subtitlesearch) + !Window.IsActive(script.pseudotv.TVOverlay.xml) +
            !Window.IsActive(script.pseudotv.live.TVOverlay.xml) + !Window.IsActive(selectdialog) + !Window.IsActive(musicplaylist)
        </visible>
     </include>

</includes>
