<?xml version="1.0" encoding="utf-8"?>
<!--QuackFX-->
<includes>

	<include name="hiddenSubmenu">
        <!-- hidden submenu to do count calculations -->
        <control type="list" id="4445">
            <width>1</width>
            <height>1</height>
            <pagecontrol/>
            <orientation>vertical</orientation>
            <itemlayout width="1" height="1">
            </itemlayout>
            <focusedlayout width="1" height="1">
            </focusedlayout>
            <content><include>skinshortcuts-submenu</include></content>
        </control>
    </include>
		
</includes>
