<!--QuackFX-->
<colors>

	<!-- bronze -->
	<color name="MainMenuPanelColor">00FFFFFF</color> <!-- none -->
	<color name="MainMenuFocusButtonColor">FFcd7f32</color> <!-- bronze -->
	<color name="MainMenuSecondaryFocusButtonColor">00FFFFFF</color> <!-- none -->
	<color name="MainMenuTextColor">FFFFFEFF</color> <!-- white -->
	<color name="MainMenuFocusTextColor">FF000000</color> <!-- black -->
	
	<color name="HomeViewDetailsFocusColor">FFcd7f32</color> <!-- bronze -->
	<color name="HomeViewDetailsBorderFocusColor">FFcd7f32</color> <!-- bronze -->
	<color name="HomeWidgetsBorderColor">00FFFFFF</color> <!-- none -->
	
	<color name="HeaderPanelColor">00FFFFFF</color> <!-- none -->
	<color name="HeaderTextColor">FFFFFEFF</color> <!-- white -->
	<color name="HeaderTextShadowColor">FF000000</color> <!-- black -->
	
	<color name="GeneralPanelsColor">FF0D0D0D</color> <!-- black/gray -->
	<color name="GeneralTextColor">FFFFFEFF</color> <!-- white -->
	<color name="GeneralHighlightTextColor">FFcd7f32</color> <!-- bronze -->
	
	<color name="SideBladePanelColor">CC000000</color> <!-- black 80% -->
	<color name="SideBladeTextColor">FFFFFEFF</color> <!-- white -->
	
	<color name="FooterPanelColor">CC000000</color> <!-- black 80% -->
	<color name="FooterTextColor">FFFFFEFF</color> <!-- white -->
	<color name="FooterTextShadowColor">00FFFFFF</color> <!-- none -->
	
	<color name="ButtonColor">FF000000</color> <!-- black -->
	<color name="ButtonFocusColor">FFcd7f32</color> <!-- bronze -->
	<color name="ButtonTextColor">FFFFFEFF</color> <!-- white -->
	<color name="ButtonFocusTextColor">FF000000</color> <!-- black -->
		
	<color name="ActiveSpinControlColor">ff39ff14</color> <!-- neon green -->
	<color name="SpinnerTextureColor">FFcd7f32</color> <!-- bronze -->
	
	<color name="NetflixPrimaryTextColor">FF686868</color> <!-- mid grey -->
	<color name="NetflixSecondaryTextColor">FFC0C2C2</color> <!-- grey -->
	<color name="NetflixDetailsFlagColor">9a373737</color> <!-- light grey2 -->
	<color name="RatingsLogoColor">FFFFFEFF</color> <!-- white -->
	
	<color name="BackgroundOverlayColor">00FFFFFF</color> <!-- none -->
	<color name="BackgroundDiffuseColor">00FFFFFF</color> <!-- none -->
	
	<color name="ViewDetailsPanelColor">CC000000</color> <!-- black 80% -->
	<color name="ViewDetailsTextShadowColor">FF000000</color> <!-- black -->
	<color name="ViewDetailsTextColor">FFFFFEFF</color> <!-- white -->
	<color name="ViewDetailsHighlightTextColor">FFcd7f32</color> <!-- bronze -->
	<color name="ViewDetailsHighlightTextShadowColor">FF000000</color> <!-- black -->
	<color name="ViewDetailsListItemTextColor">FFFFFEFF</color> <!-- white -->
	<color name="ViewDetailsListItemTextFocusColor">FF000000</color> <!-- black -->
	<color name="ViewDetailsFocusColor">FFcd7f32</color> <!-- bronze -->
	<color name="ViewDetailsBorderFocusColor">FFcd7f32</color> <!-- bronze -->
	
	<color name="OSDPanelColor">CC000000</color> <!-- black 80% -->
	<color name="OSDPrimaryTextColor">FFFFFEFF</color> <!-- white -->
	<color name="OSDPrimaryTextShadowColor">00FFFFFF</color> <!-- none -->
	<color name="OSDSecondaryTextColor">FFcd7f32</color> <!-- bronze -->
	<color name="OSDSecondaryTextShadowColor">00FFFFFF</color> <!-- none -->
	<color name="OSDProgressBarColor">FFcd7f32</color> <!-- bronze -->
	<color name="OSDProgressBarBackgroundColor">00FFFFFF</color> <!-- none -->
	<color name="OSDProgressBarCacheColor">FFFFFEFF</color> <!-- white -->
	<color name="OSDProgressBarBorderColor">FF555652</color> <!-- inverted silver metalic -->
	<color name="OSDButtonsFocusColor">FFcd7f32</color> <!-- bronze -->
	<color name="OSDButtonsColor">AAFFFFFF</color> <!-- aawhite -->
	<color name="OSDBufferingSpinnerColor">FFcd7f32</color> <!-- bronze -->
	<color name="OSDWeatherTempTextColor">FFFFFEFF</color> <!-- white -->
	<color name="OSDWeatherTempTextShadowColor">FF000000</color> <!-- black -->
	<color name="OSDWeatherConditionsTextColor">FFFFFEFF</color> <!-- white -->
	<color name="OSDWeatherConditionsTextShadowColor">FF000000</color> <!-- black -->
	
	<color name="ScrollbarBackgroundColor">AA000000</color> <!-- blackaa -->
	<color name="ScrollbarUnfocusedColor">AAcd7f32</color> <!-- bronzeaa -->
	<color name="ScrollbarFocusedColor">FFcd7f32</color> <!-- bronze -->
	
	<color name="WatchedIndicatorWatchedColor">CCcd7f32</color> <!-- bronzecc -->
	<color name="WatchedIndicatorWatchedTextColor">FFFFFEFF</color> <!-- white -->
	<color name="WatchedIndicatorUnWatchedColor">CCcd7f32</color> <!-- bronzecc -->
	<color name="WatchedIndicatorUnWatchedTextColor">FFFFFEFF</color> <!-- white -->
	<color name="WatchedIndicatorProgressColor">CCcd7f32</color> <!-- bronzecc -->
	<color name="WatchedIndicatorProgressTextColor">FFFFFEFF</color> <!-- white -->
	<color name="WatchedIndicatorSetsColor">CCcd7f32</color> <!-- bronzecc -->
	<color name="WatchedIndicatorSetsTextColor">FFFFFEFF</color> <!-- white -->
	<color name="WatchedIndicatorEpisodesColor">CCcd7f32</color> <!-- bronzecc -->
	<color name="WatchedIndicatorEpisodesTextColor">FFFFFEFF</color> <!-- white -->
	<color name="WatchedIndicatorPlayingColor">FF0d0d0d</color> <!-- black/grey -->
	<color name="WatchedIndicatorPlayingTextColor">FFFFFEFF</color> <!-- white -->
	
	<color name="CaseOverlaysColor">DDcd7f32</color> <!-- bronzedd -->
	<color name="CaseOverlaysTextColor">DDFFFFFF</color> <!-- ddwhite -->
	<color name="TagOverlaysPanelColor">DD000000</color> <!-- blackdd -->
	<color name="TagOverlaysTextColor">FFFFFEFF</color> <!-- white -->
	
	<color name="LyricsOverlayColor">CC000000</color> <!-- blackcc -->
	<color name="LyricsTextColor">AAFFFFFF</color> <!-- whiteaa -->
	<color name="LyricsTextShadowColor">00FFFFFF</color> <!-- none -->
	<color name="LyricsFocusTextColor">FFfffeff</color> <!-- white -->
	<color name="LyricsFocusTextShadowColor">00FFFFFF</color> <!-- none -->
	
	<color name="PVRGuideItemColorUnfocus">FF000000</color> <!-- black -->
	<color name="PVRGuideItemColorFocus">FFcd7f32</color> <!-- bronze -->
	<color name="PVRGuideItemTextColorUnfocus">FFFFFEFF</color> <!-- white -->
	<color name="PVRGuideItemTextColorFocus">FF000000</color> <!-- black -->
	
	<!--List 50, and all other List Views-->
	<color name="list_separator">BBFFFFFF</color> <!--Diffuse-->	
	
	<!-- All others -->
	<color name="blue">FF0000FF</color>
	<color name="green">FF00FF00</color>	
	<color name="yellow">ffffff00</color>
	<color name="None">00FFFFFF</color>
	
	<color name="grey">FFC0C2C2</color>
	<color name="lightgrey">FF858585</color>
	<color name="midgrey">FF686868</color>      
	<color name="darkgrey">FF3e3e3e</color>	
	<color name="white">FFFFFEFF</color>
	<color name="aawhite">AAFFFFFF</color>
	<color name="bbwhite">BBFFFFFF</color>
	<color name="black">FF000000</color>
	<color name="red">FFFF0000</color>

</colors>