<!--QuackFX-->
<colors>

	<!-- Defaults -->
	<color name="MainMenuPanelColor">00FFFFFF</color> <!-- none -->
	<color name="MainMenuFocusButtonColor">FF760000</color> <!-- dark red -->
	<color name="MainMenuSecondaryFocusButtonColor">00FFFFFF</color> <!-- none -->
	<color name="MainMenuTextColor">FFF1F1F1</color> <!-- white -->
	<color name="MainMenuFocusTextColor">FF000000</color> <!-- black -->
	
	<color name="HomeViewDetailsFocusColor">FF760000</color> <!-- dark red -->
	<color name="HomeViewDetailsBorderFocusColor">FF760000</color> <!-- dark red -->
	<color name="HomeWidgetsBorderColor">00FFFFFF</color> <!-- none -->
	
	<color name="HeaderPanelColor">00FFFFFF</color> <!-- none -->
	<color name="HeaderTextColor">FFF1F1F1</color> <!-- white -->
	<color name="HeaderTextShadowColor">FF000000</color> <!-- black -->
	
	<color name="GeneralPanelsColor">FF0D0D0D</color> <!-- black/gray -->
	<color name="GeneralTextColor">FFF1F1F1</color> <!-- white -->
	<color name="GeneralHighlightTextColor">FF760000</color> <!-- dark red -->
	
	<color name="SideBladePanelColor">CC000000</color> <!-- black 80% -->
	<color name="SideBladeTextColor">FFF1F1F1</color> <!-- white -->
	
	<color name="FooterPanelColor">CC000000</color> <!-- black 80% -->
	<color name="FooterTextColor">FFF1F1F1</color> <!-- white -->
	<color name="FooterTextShadowColor">00FFFFFF</color> <!-- none -->
	
	<color name="ButtonColor">FF000000</color> <!-- black -->
	<color name="ButtonFocusColor">FF760000</color> <!-- dark red -->
	<color name="ButtonTextColor">FFF1F1F1</color> <!-- white -->
	<color name="ButtonFocusTextColor">FF000000</color> <!-- black -->
		
	<color name="ActiveSpinControlColor">ff39ff14</color> <!-- neon green -->
	<color name="SpinnerTextureColor">FF760000</color> <!-- dark red -->
	
	<color name="NetflixPrimaryTextColor">FF686868</color> <!-- mid grey -->
	<color name="NetflixSecondaryTextColor">FFC0C2C2</color> <!-- grey -->
	<color name="NetflixDetailsFlagColor">9a373737</color> <!-- light grey2 -->
	<color name="RatingsLogoColor">FFF1F1F1</color> <!-- white -->
	
	<color name="BackgroundOverlayColor">00FFFFFF</color> <!-- none -->
	<color name="BackgroundDiffuseColor">00FFFFFF</color> <!-- none -->
	
	<color name="ViewDetailsPanelColor">CC000000</color> <!-- black 80% -->
	<color name="ViewDetailsTextShadowColor">FF000000</color> <!-- black -->
	<color name="ViewDetailsTextColor">FFF1F1F1</color> <!-- white -->
	<color name="ViewDetailsHighlightTextColor">FF760000</color> <!-- dark red -->
	<color name="ViewDetailsHighlightTextShadowColor">FF000000</color> <!-- black -->
	<color name="ViewDetailsListItemTextColor">FFF1F1F1</color> <!-- white -->
	<color name="ViewDetailsListItemTextFocusColor">FF000000</color> <!-- black -->
	<color name="ViewDetailsFocusColor">FF760000</color> <!-- dark red -->
	<color name="ViewDetailsBorderFocusColor">FF760000</color> <!-- dark red -->
	
	<color name="OSDPanelColor">CC000000</color> <!-- black 80% -->
	<color name="OSDPrimaryTextColor">FFF1F1F1</color> <!-- white -->
	<color name="OSDPrimaryTextShadowColor">00FFFFFF</color> <!-- none -->
	<color name="OSDSecondaryTextColor">FF760000</color> <!-- dark red -->
	<color name="OSDSecondaryTextShadowColor">00FFFFFF</color> <!-- none -->
	<color name="OSDProgressBarColor">FF760000</color> <!-- dark red -->
	<color name="OSDProgressBarBackgroundColor">00FFFFFF</color> <!-- none -->
	<color name="OSDProgressBarCacheColor">FFF1F1F1</color> <!-- white -->
	<color name="OSDProgressBarBorderColor">FF555652</color> <!-- inverted silver metalic -->
	<color name="OSDButtonsFocusColor">FF760000</color> <!-- dark red -->
	<color name="OSDButtonsColor">AAFFFFFF</color> <!-- aawhite -->
	<color name="OSDBufferingSpinnerColor">FF760000</color> <!-- dark red -->
	<color name="OSDWeatherTempTextColor">FFF1F1F1</color> <!-- white -->
	<color name="OSDWeatherTempTextShadowColor">FF000000</color> <!-- black -->
	<color name="OSDWeatherConditionsTextColor">FFF1F1F1</color> <!-- white -->
	<color name="OSDWeatherConditionsTextShadowColor">FF000000</color> <!-- black -->
	
	<color name="ScrollbarBackgroundColor">AA000000</color> <!-- blackaa -->
	<color name="ScrollbarUnfocusedColor">AA760000</color> <!-- dark redaa -->
	<color name="ScrollbarFocusedColor">FF760000</color> <!-- dark red -->
	
	<color name="WatchedIndicatorWatchedColor">CC760000</color> <!-- dark redcc -->
	<color name="WatchedIndicatorWatchedTextColor">FFF1F1F1</color> <!-- white -->
	<color name="WatchedIndicatorUnWatchedColor">CC760000</color> <!-- dark redcc -->
	<color name="WatchedIndicatorUnWatchedTextColor">FFF1F1F1</color> <!-- white -->
	<color name="WatchedIndicatorProgressColor">CC760000</color> <!-- dark redcc -->
	<color name="WatchedIndicatorProgressTextColor">FFF1F1F1</color> <!-- white -->
	<color name="WatchedIndicatorSetsColor">CC760000</color> <!-- dark redcc -->
	<color name="WatchedIndicatorSetsTextColor">FFF1F1F1</color> <!-- white -->
	<color name="WatchedIndicatorEpisodesColor">CC760000</color> <!-- dark redcc -->
	<color name="WatchedIndicatorEpisodesTextColor">FFF1F1F1</color> <!-- white -->
	<color name="WatchedIndicatorPlayingColor">FF0d0d0d</color> <!-- black/grey -->
	<color name="WatchedIndicatorPlayingTextColor">FFF1F1F1</color> <!-- white -->
	
	<color name="CaseOverlaysColor">DDFF0000</color> <!-- redd -->
	<color name="CaseOverlaysTextColor">DDFFFFFF</color> <!-- ddwhite -->
	<color name="TagOverlaysPanelColor">DD000000</color> <!-- blackdd -->
	<color name="TagOverlaysTextColor">FFF1F1F1</color> <!-- white -->
	
	<color name="LyricsOverlayColor">CC000000</color> <!-- blackcc -->
	<color name="LyricsTextColor">AAFFFFFF</color> <!-- whiteaa -->
	<color name="LyricsTextShadowColor">00FFFFFF</color> <!-- none -->
	<color name="LyricsFocusTextColor">FFF1F1F1</color> <!-- white -->
	<color name="LyricsFocusTextShadowColor">00FFFFFF</color> <!-- none -->
	
	<color name="PVRGuideItemColorUnfocus">FF000000</color> <!-- black -->
	<color name="PVRGuideItemColorFocus">FF760000</color> <!-- dark red -->
	<color name="PVRGuideItemTextColorUnfocus">FFF1F1F1</color> <!-- white -->
	<color name="PVRGuideItemTextColorFocus">FF000000</color> <!-- black -->
	
	<!--List 50, and all other List Views-->
	<color name="list_separator">BBFFFFFF</color> <!--Diffuse-->	
	
	<!-- All others -->
	<color name="blue">FF0000FF</color>
	<color name="green">FF00FF00</color>	
	<color name="yellow">ffffff00</color>
	<color name="None">00FFFFFF</color>
	
	<color name="grey">FFC0C2C2</color>
	<color name="lightgrey">FF858585</color>
	<color name="midgrey">FF686868</color>      
	<color name="darkgrey">FF3e3e3e</color>	
	<color name="white">FFF1F1F1</color>
	<color name="aawhite">AAFFFFFF</color>
	<color name="bbwhite">BBFFFFFF</color>
	<color name="black">FF000000</color>
	<color name="red">FFFF0000</color>

</colors>