<?xml version="1.0" encoding="utf-8"?>
<!--QuackFX-->
<window>
    <defaultcontrol>11</defaultcontrol>
    <controls>
        <control type="group">
            <include>animation_window_open_close</include>
            <control type="group">
                <posx>0</posx>
                <posy>-70</posy>
                <control type="image">
                    <posx>-100</posx>
                    <posy>0</posy>
                    <width>2200</width>
                    <height>148</height>
                    <texture border="5">diffuse/panel.png</texture>
					
					<colordiffuse>GeneralPanelsColor</colordiffuse>
                    <aspectratio>stretch</aspectratio>
                </control>
                         <!-- close dialog -->
                <control type="group">
                    <include>animation_fade_visible_hidden</include>
                    <right>40</right>
                    <width>60</width>
					<posy>80</posy>
                    <include condition="Skin.HasSetting(EnableTouchSupport)">close_button</include>
                </control>
				
                <control type="label" id="10">
                    <description>Option Name</description>
                    <posx>100</posx>
                    <posy>80</posy>
                    <width>380</width>
                    <height>34</height>
                    <label/>
                    <align>left</align>
                    <font>Reg30</font>
                    <textcolor>GeneralTextColor</textcolor>
                    <scroll>false</scroll>
                </control>
                <control type="label" id="12">
                    <description>Slider Value</description>
                    <posx>1520</posx>
                    <posy>80</posy>
                    <label/>
                    <width>330</width>
                    <height>40</height>
                    <align>left</align>
                    <font>Reg30</font>
                    <textcolor>GeneralTextColor</textcolor>
                    <scroll>false</scroll>
                </control>
                <control type="slider" id="11">
                    <description>Slider</description>
                    <posx>500</posx>
                    <posy>86</posy>
                    <width>1000</width>
                    <height>35</height>
                    <onup>11</onup>
                    <ondown>11</ondown>
                    <onleft>11</onleft>
                    <onright>11</onright>
                </control>
            </control>
        </control>
    </controls>
</window>