<?xml version="1.0" encoding="UTF-8"?>
<!--QuackFX-->
<window>
    <visible>[Window.IsActive(videoosd) | Player.ShowInfo | Player.Seeking | Player.DisplayAfterSeek | Player.Paused | Player.Forwarding | Player.Rewinding] + window.isactive(fullscreenvideo)</visible>
	<controls>
        <control type="group">
            
            <!--Info Panel-->
            <include>OSDInfoPanel</include>
            
            <!--clearart-->
            <control type="image">
                <posx>1520</posx>
                <posy>20</posy>
                <width>356</width>
                <height>200</height>
                <fadetime>600</fadetime>
                <aspectratio align="right" aligny="bottom">keep</aspectratio>
                <texture background="true">$VAR[VideoPlayerClearArt]</texture>
                <visible>!Control.IsVisible(552233) + !Control.IsVisible(662244) + Skin.HasSetting(OSDShowClearArt)</visible>
            </control>
            
            <!--OSD Panel-->
            <control type="group">
                <visible>Skin.HasSetting(OSDShowInfoOnPause) | VideoPlayer.Content(livetv) | Window.IsActive(videoosd) | Player.ShowInfo</visible>
                <visible>!Window.IsActive(sliderdialog) + !Window.IsActive(pvrosdchannels) + !Window.IsActive(DialogSettings.xml)</visible>
                <animation effect="slide" start="0,400" end="0,0" time="200" >WindowOpen</animation>
                <animation effect="slide" start="0,0" end="0,400" time="200" >WindowClose</animation>
                <animation effect="slide" start="0,0" end="0,400" tween="cubic" easing="out" delay="300" time="250" reversible="false">Hidden</animation>
                <include>OSDPanelModern</include>
                
                <!-- weather on OSD -->
                <include condition="Skin.HasSetting(ShowWeatherVideoInfoOSD)">WeatherInfoOSD</include>
            </control>
            
            <!-- large forward and rewind labels -->
            <control type="label">
                <posx>0</posx>
                <posy>0</posy>
                <height>100%</height>
                <width>100%</width>
                <aligny>center</aligny>
				<align>center</align>
                <font>Bold120</font>
                <textcolor>GeneralTextColor</textcolor>
                <label>$VAR[PlayerActionLabelLarge]</label>
                <visible>Skin.HasSetting(OSDLargeSeekingLabel) + ![VideoPlayer.Content(livetv) + Player.Caching]</visible>
                <visible>![Player.Paused + Skin.HasSetting(EnableOSDInfo)]</visible>
                <include>HideOsdConditions</include>
            </control>
            
        </control>
        <include condition="Skin.HasSetting(DebugGrid) | Skin.HasSetting(DebugInfo)">DebugInfo</include>
	</controls>
</window>
