<?xml version="1.0" encoding="utf-8"?>
<!--QuackFX-->
<fonts>

	<fontset id="default" unicode="true">
		<!-- new quackfx fonts -->
		<font>
			<!-- reg28 -->
            <name>Button</name>
            <filename>DejaVuSerifCondensed-Bold.ttf</filename>
            <size>33</size>
			<style>bold</style>
        </font>
		<font>
			<!-- reg48 -->
            <name>TitleText</name>
            <filename>DejaVuSerifCondensed-Bold.ttf</filename>
            <size>60</size>
			<style>bold</style>
        </font>
		<font>
			<!-- Reg28 -->
            <name>SubLabel</name>
            <filename>DejaVuSerifCondensed-Bold.ttf</filename>
            <size>33</size>
			<style>bold</style>
        </font>
		<font>
			<!-- Reg40 -->
            <name>EpisodeInfo</name>
            <filename>DejaVuSerifCondensed-Bold.ttf</filename>
            <size>42</size>
			<style>italics bold</style>
        </font>
		<font>
			<!-- Reg28 -->
            <name>Plot</name>
            <filename>DejaVuSerifCondensed.ttf</filename>
            <size>33</size>
			<style>bold</style>
			<aspect>0.8</aspect>
			<linespacing>0.92</linespacing>
        </font>
		<font>
			<!-- Reg24 -->
            <name>MoreDetails</name>
            <filename>DejaVuSerifCondensed-Bold.ttf</filename>
            <size>28</size>
        </font>
		<font>
			<!-- Reg20 -->
            <name>Profile</name>
            <filename>DejaVuSerifCondensed-Bold.ttf</filename>
            <size>24</size>
        </font>
		<font>
			<!-- Reg28 -->
            <name>MenuItem</name>
            <filename>DejaVuSerifCondensed-Bold.ttf</filename>
            <size>33</size>
			<style>bold</style>
        </font>
		<font>
			<!-- Reg26 -->
            <name>Submenu</name>
            <filename>DejaVuSerifCondensed-Bold.ttf</filename>
            <size>31</size>
			<style>bold</style>
        </font>
		<font>
            <name>SkinSettings</name>
            <filename>arial.ttf</filename>
            <size>26</size>
        </font>
	<!-- confluence compatibility fonts -->
        <font>
            <name>globalsearch</name>
            <filename>Regular-new.ttf</filename>
            <size>21</size>
        </font>
        <font>
            <name>font13</name>
            <filename>Regular-new.ttf</filename>
            <size>30</size>
        </font>
        <font>
            <name>globalsearch2</name>
            <filename>Regular-new.ttf</filename>
            <size>33</size>
        </font>
      <!-- title fonts -->  
        <font>
            <name>globalsearch3</name>
            <filename>Bold-new.ttf</filename>
            <size>60</size>
        </font>
        <font>
            <name>flags</name>
            <filename>Regular-new.ttf</filename>
            <size>24</size>
			<style>uppercase</style>
        </font>
		<font>
            <name>IncludesViews</name>
            <filename>Regular-new.ttf</filename>
            <size>20</size>
			<style>uppercase</style>
        </font>
		<font>
            <name>IncludesViews2</name>
            <filename>Regular-new.ttf</filename>
            <size>24</size>
			<style>uppercase</style>
        </font>
		
		<font>
			<!--   needs removing   -->
            <name>flags_classic</name>
            <filename>Regular-new.ttf</filename>
            <size>20</size>
			<style>uppercase</style>
        </font>
		<font>
			<!--  not used as rss -->
            <name>rss</name>
            <filename>Bold-new.ttf</filename>
            <size>28</size>
			<style>bold</style>
        </font>
    <!-- ============= -->
    <!--     Light     -->
    <!-- ============= -->
        <font>
            <name>Light25</name>
            <filename>Light-new.ttf</filename>
            <size>25</size>
        </font>
        <font>
            <name>Light27</name>
            <filename>Light-new.ttf</filename>
            <size>27</size>
        </font>
        <font>
            <name>Light28</name>
            <filename>Light-new.ttf</filename>
            <size>28</size>
        </font>
        <font>
            <name>Light29</name>
            <filename>Light-new.ttf</filename>
            <size>29</size>
        </font>
        <font>
            <name>Light30</name>
            <filename>Light-new.ttf</filename>
            <size>30</size>
        </font>
        <font>
            <name>Light31</name>
            <filename>Light-new.ttf</filename>
            <size>31</size>
        </font>
	<!--Small-->
        <font>
            <name>Light34</name>
            <filename>Light-new.ttf</filename>
            <size>34</size>
        </font>
        <font>
            <name>Light35</name>
            <filename>Light-new.ttf</filename>
            <size>35</size>
        </font>
        <font>
            <name>Light36</name>
            <filename>Light-new.ttf</filename>
            <size>36</size>
        </font>
        
    <!--Medium-->
        <font>
            <name>Light40</name>
            <filename>Light-new.ttf</filename>
            <size>40</size>
        </font>
       <font>
            <name>Light42</name>
            <filename>Light-new.ttf</filename>
            <size>42</size>
        </font>
        
    <!--Large-->
        <font>
            <name>Light45</name>
            <filename>Light-new.ttf</filename>
            <size>45</size>
        </font>
        <font>
            <name>Light60</name>
            <filename>Light-new.ttf</filename>
            <size>60</size>
        </font>
        <font>
            <name> 200</name>
            <filename>Light-new.ttf</filename>
            <size>200</size>
        </font>
        
    <!-- ============= -->
    <!--     Regular     -->
    <!-- ============= -->
        <font>
            <name>Reg16</name>
            <filename>Regular-new.ttf</filename>
            <size>16</size>
        </font>
		<font>
            <name>Reg18</name>
            <filename>Regular-new.ttf</filename>
            <size>18</size>
        </font>
        <font>
            <name>Reg20</name>
            <filename>Regular-new.ttf</filename>
            <size>20</size>
        </font>
		<font>
            <name>Reg22</name>
            <filename>Regular-new.ttf</filename>
            <size>22</size>
        </font>
		<font>
            <name>Reg24</name>
            <filename>Regular-new.ttf</filename>
            <size>24</size>
		</font>
        <font>
            <name>Reg25</name>
            <filename>Regular-new.ttf</filename>
            <size>25</size>
        </font>
        <font>
            <name>Reg26</name>
            <filename>Regular-new.ttf</filename>
            <size>26</size>
        </font>
        <font>
            <name>Reg28</name>
            <filename>Regular-new.ttf</filename>
            <size>28</size>
        </font>
        <font>
            <name>Reg29</name>
            <filename>Regular-new.ttf</filename>
            <size>29</size>
        </font>
        <font>
            <name>Reg30</name>
            <filename>Regular-new.ttf</filename>
            <size>30</size>
        </font>
        <font>
            <name>Reg31</name>
            <filename>Regular-new.ttf</filename>
            <size>31</size>
        </font>
	<!--Small-->
        <font>
            <name>Reg32</name>
            <filename>Regular-new.ttf</filename>
            <size>32</size>
        </font>
        
        <font>
            <name>Reg34</name>
            <filename>Regular-new.ttf</filename>
            <size>34</size>
        </font>
        <font>
            <name>Reg36</name>
            <filename>Regular-new.ttf</filename>
            <size>36</size>
        </font>
        
    <!--Medium-->
        <font>
            <name>Reg38</name>
            <filename>Regular-new.ttf</filename>
            <size>38</size>
        </font>
        <font>
            <name>Reg40</name>
            <filename>Regular-new.ttf</filename>
            <size>40</size>
        </font>
        <font>
            <name>Reg41</name>
            <filename>Regular-new.ttf</filename>
            <size>41</size>
        </font>
        <font>
            <name>Reg42</name>
            <filename>Regular-new.ttf</filename>
            <size>42</size>
        </font>
        
    <!--Large-->
        <font>
            <name>Reg45</name>
            <filename>Regular-new.ttf</filename>
            <size>45</size>
        </font>
        <font>
            <name>Reg46</name>
            <filename>Regular-new.ttf</filename>
            <size>46</size>
        </font>
        <font>
            <name>Reg48</name>
            <filename>Regular-new.ttf</filename>
            <size>48</size>
        </font>
        <font>
            <name>Reg50</name>
            <filename>Regular-new.ttf</filename>
            <size>50</size>
        </font>
        <font>
            <name>Reg56</name>
            <filename>Regular-new.ttf</filename>
            <size>56</size>
        </font>
        <font>
            <name>Reg60</name>
            <filename>Regular-new.ttf</filename>
            <size>60</size>
        </font>
        <font>
            <name>Reg62</name>
            <filename>Regular-new.ttf</filename>
            <size>62</size>
        </font>
        <font>
            <name>Reg72</name>
            <filename>Regular-new.ttf</filename>
            <size>72</size>
        </font>
    <!-- ============= -->
    <!--     Bold     -->
    <!-- ============= -->
		<font>
            <name>Bold22</name>
            <filename>Bold-new.ttf</filename>
            <size>22</size>
        </font>
        <font>
            <name>Bold26</name>
            <filename>Bold-new.ttf</filename>
            <size>26</size>
        </font>
        <font>
            <name>Bold28</name>
            <filename>Bold-new.ttf</filename>
            <size>28</size>
        </font>
        <font>
            <name>Bold30</name>
            <filename>Bold-new.ttf</filename>
            <size>30</size>
        </font>
	<!--Small-->
        <font>
            <name>Bold32</name>
            <filename>Bold-new.ttf</filename>
            <size>32</size>
        </font>
        <font>
            <name>Bold34</name>
            <filename>Bold-new.ttf</filename>
            <size>34</size>
        </font>
        <font>
            <name>Bold36</name>
            <filename>Bold-new.ttf</filename>
            <size>36</size>
        </font>
    <!--Medium-->
        <font>
            <name>Bold38</name>
            <filename>Bold-new.ttf</filename>
            <size>38</size>
        </font>
        <font>
            <name>Bold40</name>
            <filename>Bold-new.ttf</filename>
            <size>40</size>
        </font>
    <!--Large-->
        <font>
            <name>Bold45</name>
            <filename>Bold-new.ttf</filename>
            <size>45</size>
        </font>
        <font>
            <name>Bold46</name>
            <filename>Bold-new.ttf</filename>
            <size>46</size>
        </font>
        <font>
            <name>Bold55</name>
            <filename>Bold-new.ttf</filename>
            <size>55</size>
        </font>
        <font>
            <name>Bold56</name>
            <filename>Bold-new.ttf</filename>
            <size>56</size>
        </font>
        <font>
            <name>Bold74</name>
            <filename>Bold-new.ttf</filename>
            <size>74</size>
        </font>
        <font>
            <name>Bold75</name>
            <filename>Bold-new.ttf</filename>
            <size>75</size>
        </font>
        <font>
            <name>Bold120</name>
            <filename>Bold-new.ttf</filename>
            <size>120</size>
        </font>
    </fontset>
	
	<fontset id="Arial" unicode="true">
        <!-- Required for system -->
        <font>
            <name>SkinSettings</name>
            <filename>arial.ttf</filename>
            <size>26</size>
        </font>
        <font>
            <name>globalsearch</name>
            <filename>arial.ttf</filename>
            <size>18</size>
        </font>
        <font>
            <name>font13</name>
            <filename>arial.ttf</filename>
            <size>27</size>
        </font>
        <font>
            <name>globalsearch2</name>
            <filename>arial.ttf</filename>
            <size>30</size>
        </font>
        <font>
            <name>fontContextMenu</name>
            <filename>arial.ttf</filename>
            <size>24</size>
        </font>
        <!-- Title Fonts -->
        <font>
            <name>globalsearch_title</name>
            <filename>arial.ttf</filename>
            <size>15</size>
            <style>bold</style>
        </font>
        <font>
            <name>globalsearch3</name>
            <filename>arial.ttf</filename>
            <size>52</size>
            <style>bold</style>
        </font>
        <font>
            <name>WeatherTemp</name>
            <filename>arial.ttf</filename>
            <size>120</size>
            <style>bold</style>
        </font>
		<font>
            <name>flags</name>
            <filename>arial.ttf</filename>
            <size>22</size>
			<style>uppercase</style>
        </font>
		<font>
            <name>flags_classic</name>
            <filename>Regular.ttf</filename>
            <size>20</size>
			<style>uppercase</style>
        </font>
		<font>
            <name>IncludesViews</name>
            <filename>Regular.ttf</filename>
            <size>19</size>
			<style>uppercase</style>
        </font>
		<font>
            <name>IncludesViews2</name>
            <filename>Regular.ttf</filename>
            <size>24</size>
			<style>uppercase</style>
        </font>
		<font>
            <name>rss</name>
            <filename>Arial.ttf</filename>
            <size>25</size>
			<style>bold</style>
        </font>
        <!-- ============= -->
        <!--     Light     -->
        <!-- ============= -->
        <font>
            <name>Light25</name>
            <filename>Arial.ttf</filename>
            <size>21</size>
        </font>
        <font>
            <name>Light27</name>
            <filename>Arial.ttf</filename>
            <size>23</size>
        </font>
        <font>
            <name>Light28</name>
            <filename>Arial.ttf</filename>
            <size>24</size>
        </font>
        <font>
            <name>Light29</name>
            <filename>Arial.ttf</filename>
            <size>25</size>
        </font>
        <font>
            <name>Light30</name>
            <filename>Arial.ttf</filename>
            <size>26</size>
        </font>
        <font>
            <name>Light34</name>
            <filename>Arial.ttf</filename>
            <size>30</size>
        </font>
        <font>
            <name>Light35</name>
            <filename>Arial.ttf</filename>
            <size>31</size>
        </font>
        <font>
            <name>Light36</name>
            <filename>Arial.ttf</filename>
            <size>30</size>
        </font>
        <font>
            <name>Light40</name>
            <filename>Arial.ttf</filename>
            <size>34</size>
        </font>
        <font>
            <name>Light42</name>
            <filename>Arial.ttf</filename>
            <size>36</size>
        </font>
        <font>
            <name>Light45</name>
            <!--Large-->
            <filename>Arial.ttf</filename>
            <size>41</size>
        </font>
        <font>
            <name>Light60</name>
            <filename>Arial.ttf</filename>
            <size>50</size>
        </font>
        <font>
            <name>Light200</name>
            <!--Home-->
            <filename>Arial.ttf</filename>
            <size>190</size>
        </font>
        <!-- ============= -->
        <!--     Regular   -->
        <!-- ============= -->
        <font>
            <name>Reg16</name>
            <filename>Arial.ttf</filename>
            <size>16</size>
        </font>
		<font>
            <name>Reg18</name>
            <filename>Arial.ttf</filename>
            <size>18</size>
        </font>
        <font>
            <name>Reg20</name>
            <filename>Arial.ttf</filename>
            <size>20</size>
        </font>
		<font>
            <name>Reg22</name>
            <filename>Arial.ttf</filename>
            <size>22</size>
        </font>
		<font>
            <name>Reg24</name>
            <filename>Arial.ttf</filename>
            <size>24</size>
		</font>
        <font>
            <name>Reg25</name>
            <filename>Arial.ttf</filename>
            <size>25</size>
        </font>
        <font>
            <name>Reg26</name>
            <filename>Arial.ttf</filename>
            <size>26</size>
        </font>
        <font>
            <name>Reg28</name>
            <filename>Arial.ttf</filename>
            <size>28</size>
        </font>
        <font>
            <name>Reg29</name>
            <filename>Arial.ttf</filename>
            <size>29</size>
        </font>
        <font>
            <name>Reg30</name>
            <filename>Arial.ttf</filename>
            <size>30</size>
        </font>
        <font>
            <name>Reg31</name>
            <filename>Arial.ttf</filename>
            <size>31</size>
        </font>
	<!--Small-->
        <font>
            <name>Reg32</name>
            <filename>Arial.ttf</filename>
            <size>32</size>
        </font>
        <font>
            <name>Reg34</name>
            <filename>Arial.ttf</filename>
            <size>34</size>
        </font>
        <font>
            <name>Reg36</name>
            <filename>Arial.ttf</filename>
            <size>36</size>
        </font>
    <!--Medium-->
        <font>
            <name>Reg38</name>
            <filename>Arial.ttf</filename>
            <size>38</size>
        </font>
        <font>
            <name>Reg40</name>
            <filename>Arial.ttf</filename>
            <size>40</size>
        </font>
        <font>
            <name>Reg41</name>
            <filename>Arial.ttf</filename>
            <size>41</size>
        </font>
        <font>
            <name>Reg42</name>
            <filename>Arial.ttf</filename>
            <size>42</size>
        </font>
    <!--Large-->
        <font>
            <name>Reg45</name>
            <filename>Arial.ttf</filename>
            <size>45</size>
        </font>
        <font>
            <name>Reg46</name>
            <filename>Arial.ttf</filename>
            <size>46</size>
        </font>
        <font>
            <name>Reg48</name>
            <filename>Arial.ttf</filename>
            <size>48</size>
        </font>
        <font>
            <name>Reg50</name>
            <filename>Arial.ttf</filename>
            <size>50</size>
        </font>
        <font>
            <name>Reg56</name>
            <filename>Arial.ttf</filename>
            <size>56</size>
        </font>
        <font>
            <name>Reg60</name>
            <filename>Arial.ttf</filename>
            <size>60</size>
        </font>
        <font>
            <name>Reg62</name>
            <filename>Arial.ttf</filename>
            <size>62</size>
        </font>
        <font>
            <name>Reg72</name>
            <filename>Arial.ttf</filename>
            <size>72</size>
        </font>
    <!-- ============= -->
    <!--     Bold     -->
    <!-- ============= -->
		<font>
            <name>Bold22</name>
            <filename>Arial.ttf</filename>
            <size>22</size>
        </font>
        <font>
            <name>Bold26</name>
            <filename>Arial.ttf</filename>
            <size>26</size>
        </font>
        <font>
            <name>Bold28</name>
            <filename>Arial.ttf</filename>
            <size>28</size>
        </font>
        <font>
            <name>Bold30</name>
            <filename>Arial.ttf</filename>
            <size>30</size>
        </font>
	<!--Small-->
        <font>
            <name>Bold32</name>
            <filename>Arial.ttf</filename>
            <size>32</size>
        </font>
        <font>
            <name>Bold34</name>
            <filename>Arial.ttf</filename>
            <size>34</size>
        </font>
        <font>
            <name>Bold36</name>
            <filename>Arial.ttf</filename>
            <size>36</size>
        </font>
    <!--Medium-->
        <font>
            <name>Bold38</name>
            <filename>Arial.ttf</filename>
            <size>38</size>
        </font>
        <font>
            <name>Bold40</name>
            <filename>Arial.ttf</filename>
            <size>40</size>
        </font>
    <!--Large-->
        <font>
            <name>Bold45</name>
            <filename>Arial.ttf</filename>
            <size>45</size>
        </font>
        <font>
            <name>Bold46</name>
            <filename>Arial.ttf</filename>
            <size>46</size>
        </font>
        <font>
            <name>Bold55</name>
            <filename>Arial.ttf</filename>
            <size>55</size>
        </font>
        <font>
            <name>Bold74</name>
            <filename>Arial.ttf</filename>
            <size>74</size>
        </font>
        <font>
            <name>Bold75</name>
            <filename>Arial.ttf</filename>
            <size>75</size>
        </font>
        <font>
            <name>Bold120</name>
            <filename>Arial.ttf</filename>
            <size>120</size>
        </font>
   </fontset>

</fonts>