<?xml version="1.0" encoding="utf-8"?>
<!--QuackFX-->
<window>
    <defaultcontrol always="true">5000</defaultcontrol>
    <allowoverlay>no</allowoverlay>
	
	<onunload>ClearProperty(ShowViewSubMenu, Home)</onunload>
    <include>allViewIds</include>
    <controls>
        <!-- Video Background -->
        <include>GlobalBackground</include>
		<!--Header-->
        <include>Header</include>
 
		<!--NowPlaying-->
		<include condition="!Skin.HasTheme(classic) + !Skin.HasSetting(LowPerformanceMode)">NowPlayingModern</include>
 
		<!-- all Views -->
        <include>allViews</include>
	
		
        <!--Sub Menu Tab Left-->
        <include condition="!Skin.HasSetting(DisableSideBladeIndicator)">SideBladeMenuTabLeft</include>
		<include condition="!Skin.HasSetting(DisableSideBladeIndicator)">SideBladeMenuTabTop</include>
        <!--Sub Menu-->
        <control type="group">
			<visible>Integer.IsGreater(Container.NumItems,0)</visible>
            <include condition="skin.hastheme(classic) | Skin.HasSetting(smallContextMenu)">SideBladeClassic</include>
			<include condition="![skin.hastheme(classic) | Skin.HasSetting(smallContextMenu)]">SideBladeModern</include>
            <!--Grouplist 9000-->
            <control type="grouplist" id="9000">
                <posx>21</posx>
                <posy>185</posy>
                <width>458</width>
                <height>770</height>
                <itemgap>3</itemgap>
                <onleft>5000</onleft>
                <onright>5000</onright>
				<visible>!Skin.HasSetting(KioskMode.Enabled)</visible>
				<onright>ClearProperty(ShowViewSubMenu, Home)</onright>
				<onleft>ClearProperty(ShowViewSubMenu, Home)</onleft>
				<onback>ClearProperty(ShowViewSubMenu, Home)</onback>
				<onback>5000</onback>
                <onup>9000</onup>
                <ondown>9000</ondown>
                <orientation>vertical</orientation>
                <!--Buttons-->
                <control type="label" id="200">
                    <!--Label Menu-->
                    <width>458</width>
                    <align>left</align>
                    <textoffsetx>50</textoffsetx>
                    <font>Bold40</font>
                    <textcolor>GeneralHighlightTextColor</textcolor>
                    <label>$LOCALIZE[33061]:</label>
					<visible>skin.hastheme(classic)</visible>
                </control>
                <control type="image" id="201">
                    <!--Seperator-->
                    <width>458</width>
                    <height>10</height>
                    <align>left</align>
                    <texture>common/menu-separator.png</texture>
					<visible>skin.hastheme(classic)</visible>
                </control>

               <control type="button" id="3">
					<description>Sort by button</description>
					<include>SideBladeMenuButton</include>
					<label>103</label>
				</control>
				<control type="togglebutton" id="4">
					<description>Sort asc</description>
					<include>SideBladeMenuButton</include>
					<alttexturefocus border="5" colordiffuse="ButtonFocusColor">colors/color_white.png</alttexturefocus>
					<alttexturenofocus/>
					<label>585</label>
					<altlabel>584</altlabel>
					<usealttexture>Container.SortDirection(Ascending)</usealttexture>
				</control>

				<control type="edit" id="19">
					<visible>Container.CanFilter + !Container.CanFilterAdvanced</visible>
					<description>Filter</description>
					<textwidth>230</textwidth>
					<include>SideBladeMenuButton</include>
					<textoffsetx>50</textoffsetx>
					<textoffsety>13</textoffsety>
					<label>587</label>
				</control>
				<control type="radiobutton" id="98">
					<visible>Container.CanFilterAdvanced</visible>
					<description>Filter</description>
					<include>SideBladeMenuButton</include>
					<label>587</label>
					<selected>Container.Filtered</selected>
					<onclick>right</onclick>
					<onclick>Filter</onclick>
				</control>
				
				<include>SideBladeViewCommands</include>

            </control>
        </control>
		<include condition="Skin.HasSetting(DebugGrid) | Skin.HasSetting(DebugInfo)">DebugInfo</include>
    </controls>
</window>