<?xml version="1.0" encoding="utf-8"?>
<addon id="skin.quackfx" version="18.0.0.6" name="QuackFX" provider-name="Mucky Duck">
	<requires>
		<import addon="xbmc.gui" version="5.14.0"/>
		<import addon="plugin.program.autocompletion" version="1.0.0"/>
		<import addon="plugin.video.youtube" version="1.0.0"/>
		<import addon="resource.uisounds.titan.modern" version="1.0.0"/>
        <import addon="resource.images.skinbackgrounds.titanium" version="1.0.0"/>
        <import addon="resource.images.skinicons.wide" version="1.0.0"/>
        <import addon="resource.images.studios.coloured"/>
		<import addon="resource.images.weathericons.coloured"/>
		<import addon="resource.images.weatherfanart.single"/>
		<import addon="resource.images.languageflags.completepack"/>
		<import addon="script.skinshortcuts" version="0.6.5"/>
		<import addon="script.skin.helper.service" version="1.0.0"/>
        <import addon="script.skin.helper.widgets" version="1.0.0"/>
        <import addon="script.skin.helper.backgrounds" version="1.0.0"/>
		<import addon="script.user.rating" version="1.0.0"/>
		<import addon="script.artwork.beef" version="1.0.0"/>
		<import addon="script.extendedinfo" version="1.0.0"/>
		<import addon="weather.yahoo" version="1.0.0"/>
        
		
	</requires>
	<extension point="xbmc.gui.skin" debugging="false">
		<res width="1920" height="1440" aspect="4:3" default="false" folder="xml" />
		<res width="1920" height="1280" aspect="3:2" default="false" folder="xml" />
		<res width="1920" height="1200" aspect="16:10" default="false" folder="xml" />
		<res width="2040" height="1080" aspect="17:9" default="false" folder="xml" />
		<res width="1920" height="1080" aspect="16:9" default="true" folder="xml" />
		<res width="2560" height="1080" aspect="21:9" default="false" folder="xml" />
		<res width="2338" height="1080" aspect="19.5:9" default="false" folder="xml" />
		<res width="2160" height="1080" aspect="18:9" default="false" folder="xml" />
	</extension>
	<extension point="xbmc.addon.metadata">
		<platform>all</platform>
		<summary lang="en">QuackFX based on the Titan skin. </summary>
		<description lang="en">This skin/theme started with the Titan skin as it's base and me just messing around customising it trying to understand the way xml coding works. </description>
		<disclaimer lang="en"></disclaimer>
		<news>Changed more default settings</news>
		<license>GPL v2.0</license>
		<forum></forum>
		<website></website>
		<email></email>
		<source>https://github.com/mucky-duck/QuackFX</source>
        <assets>
            <icon>resources/icon.png</icon>
            <fanart>resources/fanart.jpg</fanart>
            <screenshot>resources/screenshot000.jpg</screenshot>
            <screenshot>resources/screenshot001.jpg</screenshot>
            <screenshot>resources/screenshot002.jpg</screenshot>
            <screenshot>resources/screenshot003.jpg</screenshot>
            <screenshot>resources/screenshot004.jpg</screenshot>
            <screenshot>resources/screenshot005.jpg</screenshot>
            <screenshot>resources/screenshot006.jpg</screenshot>
            <screenshot>resources/screenshot007.jpg</screenshot>
            <screenshot>resources/screenshot008.jpg</screenshot>
            <screenshot>resources/screenshot009.jpg</screenshot>
        </assets>
	</extension>
</addon>
