<?xml version="1.0" encoding="utf-8"?>
<!--QuackFX-->
<shortcuts>
	<!-- live tv -->
	<shortcut>
		<label>$LOCALIZE[32022]</label>
		<label2>$LOCALIZE[32022]</label2>
		<icon>icons/sideblade/Live.png</icon>
		<thumb/>
		<action>ActivateWindow(TVGuide)</action>
	</shortcut>

	<!-- search -->
	<shortcut>
		<label>$LOCALIZE[137]</label>
		<label2>$LOCALIZE[137]</label2>
		<icon>icons/sideblade/Search.png</icon>
		<thumb/>
		<action>RunAddOn(script.globalsearch)</action>
		<visible>Skin.String(HomeLayout,netflix2)</visible>
	</shortcut>

	<!-- home -->
	<shortcut>
		<label>$LOCALIZE[10000]</label>
		<label2>$LOCALIZE[10000]</label2>
		<icon>icons/sideblade/Home.png</icon>
		<thumb />
		<action>ActivateWindow(home,return)</action>
		<visible>Skin.String(HomeLayout,netflix2)</visible>
	</shortcut>

	<!-- series hub -->
	<shortcut>
		<label>$LOCALIZE[20343]</label>
		<label2>$LOCALIZE[20343]</label2>
		<icon>icons/sideblade/TVShows.png</icon>
        <thumb />
		<action>ActivateWindow(3017,return)</action>
	</shortcut>

	<!-- movies hub -->
	<shortcut>
		<label>$LOCALIZE[342]</label>
		<label2>$LOCALIZE[342]</label2>
		<icon>icons/sideblade/Movies.png</icon>
        <thumb />
		<action>ActivateWindow(3018,return)</action>
	</shortcut>

	<!-- music -->
	<shortcut>
		<label>$LOCALIZE[10502]</label>
		<label2>$LOCALIZE[10502]</label2>
		<icon>icons/sideblade/Music2.png</icon>
		<thumb />
		<action>ActivateWindow(10502,return)</action>
	</shortcut>
	
	<!-- games -->
	<shortcut>
		<label>$LOCALIZE[10821]</label>
		<label2>$LOCALIZE[10821]</label2>
		<icon>icons/sideblade/Games.png</icon>
		<thumb />
		<action>ActivateWindow(Games,return)</action>
	</shortcut>
	
	<!-- addons -->
	<shortcut>
		<label>$LOCALIZE[24001]</label>
		<label2>$LOCALIZE[24001]</label2>
		<icon>icons/sideblade/Addon.png</icon>
		<thumb />
		<action>ActivateWindow(Programs,Addons,return)</action>
	</shortcut>
	
	<!-- settings -->
	<shortcut>
		<label>$LOCALIZE[10004]</label>
		<label2>$LOCALIZE[10004]</label2>
		<icon>icons/sideblade/Settings.png</icon>
		<thumb />
		<action>ActivateWindow(Settings)</action>
	</shortcut>
</shortcuts>
