<?xml version="1.0" encoding="UTF-8" standalone="yes"?>
<addon id="repository.quackfx" name="QuackFX Repo" version="3.0" provider-name="Mucky Duck">
    <extension point="xbmc.addon.repository" name="QuackFX Repo">
        <dir minversion="18.0" maxversion="18.9.9">
			<info compressed="false">https://raw.githubusercontent.com/mucky-duck/QuackFX/master/Leia/zips/addons.xml</info>
            <checksum>https://raw.githubusercontent.com/mucky-duck/QuackFX/master/Leia/zips/addons.xml.md5</checksum>
            <datadir zip="true">https://raw.githubusercontent.com/mucky-duck/QuackFX/master/Leia/zips/</datadir>
		</dir>
		<dir minversion="19.0" maxversion="19.9.9">
			<info compressed="false">https://raw.githubusercontent.com/mucky-duck/QuackFX/master/Matrix/zips/addons.xml</info>
            <checksum>https://raw.githubusercontent.com/mucky-duck/QuackFX/master/Matrix/zips/addons.xml.md5</checksum>
            <datadir zip="true">https://raw.githubusercontent.com/mucky-duck/QuackFX/master/Matrix/zips/</datadir>
		</dir>
    </extension>
    <extension point="xbmc.addon.metadata">
        <summary lang="en">QuackFX Repository</summary>
        <description lang="en">Repository for the QuackFX Skin.</description>
        <disclaimer lang="en"></disclaimer>
        <platform>all</platform>
        <assets>
            <icon>icon.png</icon>
        </assets>
    </extension>
</addon>