<?xml version="1.0" encoding="UTF-8" standalone="yes"?>
<addon id="resource.images.skinbackgrounds.quackfx" name="Skin Backgrounds - QuackFX" version="1.0.0" provider-name="Mucky Duck">
	<extension point="kodi.resource.images" compile="false" type="skinbackgrounds" />
	<requires>
		<import addon="kodi.resource" version="1.0.0"/>
	</requires>
	<extension point="xbmc.addon.metadata">
		<summary lang="en">Skin Backgrounds Pack - QuackFX</summary>
		<description lang="en">Skin Backgrounds Pack - QuackFX</description>
		<platform>all</platform>
	</extension>
</addon>
