<?xml version="1.0" encoding="utf-8"?>
<window type="window" id="3910">
  <defaultcontrol>5050</defaultcontrol>
  <onunload>ClearProperty(SkinHelper.WidgetContainer,Home)</onunload>
  <onload condition="Control.IsVisible(300)">SetFocus(5055)</onload>
  <onunload>ClearProperty(spothubscroll,home)</onunload>
  <controls>
  <include>Global_Background</include>
   <control type="group">
    <animation effect="slide" end="0,-40" time="0" condition="Skin.HasSetting(QuackFXHubSpacingSmall)">Conditional</animation>
   <control type="group">
    <right>-50</right>
    <include>Logo</include>
    <visible>!Window.IsVisible(busydialog)</visible>
   </control>
   <control type="label">
   <animation effect="slide" end="260,0" time="500" condition="Control.HasFocus(400) | Control.HasFocus(300) ">Conditional</animation>
   <top>65</top>
   <left>65</left>
   <width>400</width>
   <height>40</height>
   <font>font_heading_small</font>
   <textcolor>white</textcolor>
   <label>[B]TV QuackFXHub[/B]</label>
   </control> 
   </control>
    <control type="button" id="5051">
     <centerleft>50%</centerleft>
     <centertop>50%</centertop>
     <width>700</width>
     <height>60</height>
     <label>Hub is Empty - Click to Add Items</label>
     <textcolor>white</textcolor>
     <focusedcolor>White</focusedcolor>
     <texturefocus colordiffuse="$VAR[ColorHighlight]" border="16">common/white.png</texturefocus>
     <onclick>RunScript(script.skinshortcuts,type=manage&amp;group=quackfxhubtv)</onclick>
     <visible>!Integer.IsGreater(Container(5055).NumItems,0) + !Container(5055).IsUpating</visible>
    </control>
    <control type="button" id="5050">
     <onfocus condition="!Integer.IsGreater(Container(5055).NumItems,0) + !Container(5055).IsUpating">SetFocus(5051)</onfocus>
     <onfocus condition="Integer.IsGreater(Container(5055).NumItems,0) | [!Integer.IsGreater(Container(5055).NumItems,0) + Container(5055).IsUpating]">SetFocus(5055)</onfocus>
    </control> 

    <control type="button" id="5555">
     <onright>5055</onright>
     <onfocus>SetFocus(5055)</onfocus>
    </control>
      <control type="grouplist" id="5055">
<!--
    <animation type="WindowOpen" reversible="false">
      <effect type="slide" start="0,1080" end="0,0" time="700" tween="linear" reversible="false" />
    </animation>
-->

   	<animation effect="slide" end="270,0" time="500" condition="Control.HasFocus(400) | Control.HasFocus(300)">Conditional</animation>
        <include condition="Skin.HasSetting(QuackFXHubSpacingSmall)">QuackFXHub_Small_top</include>
        <include condition="!Skin.HasSetting(QuackFXHubSpacingSmall)">QuackFXHub_top</include>
        <include condition="Skin.HasSetting(QuackFXHubSpacingSmall)">QuackFXHub_Small_height</include>
        <include condition="!Skin.HasSetting(QuackFXHubSpacingSmall)">QuackFXHub_height</include>
        <width>1920</width>
        <left>50</left>
	<movement>1</movement>
        <scrolltime tween="sine">700</scrolltime>
        <orientation>vertical</orientation>
        <usecontrolcoords>true</usecontrolcoords>
        <onleft condition="Skin.HasSetting(DisableSubMenuVert) + !Skin.HasSetting(DisableMainMenuHubs)">SetFocus(400,2)</onleft>
        <onleft condition="Skin.HasSetting(DisableMainMenuHubs)">SetFocus(300,$INFO[Window(Home).Property(MainMenuPosition)])</onleft>
	<onup>5055</onup>
	<ondown>5055</ondown>
        <include>skinshortcuts-template-quackfxhubtv</include>
	<control type="label" id="331">
	<height>30</height>
	</control>
    </control>

	<include content="mainmenu_hub" condition="Skin.HasSetting(DisableMainMenuHubs)">
          <param name="id" value="300" />
	</include>

    <include condition="Skin.HasSetting(DisableSubMenuVert)">Home_TVHubMenu_Layout</include> 

  <include content="Object_UpDownInfoArrows">
     <param name="id" value="5055" />
     <param name="top" value="60" />
  </include>

  </controls>
</window>
