<?xml version="1.0" encoding="utf-8"?>
<window id="5111">
    <defaultcontrol>5050</defaultcontrol>
    <onunload>ClearProperty(RunWizard,home)</onunload>
    <onunload>ClearProperty(RunWizardHub,home)</onunload>
    <onunload>ClearProperty(RunWizardFinished,home)</onunload>
    <controls>
    <control type="image">
      <width>100%</width>
      <height>100%</height>
      <texture background="true">special://skin/fanart.jpg</texture>
   </control>
<!--
    <control type="label">
      <top>100</top>
      <centerleft>50%</centerleft>
      <width>700</width>
      <height>100</height>
      <font>netflix_heading_small</font>
      <textcolor>dimgrey</textcolor>
      <label> Welcome to QuackFX Setup</label>
   </control>
-->

 <control type="group" id="5050">
      <control type="button" id="5051">
        <width>300</width>
        <height>100</height>
        <bottom>180</bottom>
        <left>600</left> 
        <label>[CAPITALIZE][B]Run Wizard[/B][/CAPITALIZE]</label>
        <align>center</align>
        <textcolor>grey</textcolor>
        <focusedcolor>black</focusedcolor>
        <texturefocus colordiffuse="d9ffffff" border="5">diffuse/panel.png</texturefocus>
        <texturenofocus colordiffuse="darkgrey" border="5">diffuse/panel.png</texturenofocus>
        <font>Reg28</font>
	<onright>5052</onright>
        <onclick>SetProperty(RunWizard,1,Home)</onclick>
        <onclick>ActivateWindow(1120)</onclick>
	<visible>String.IsEmpty(Window(Home).Property(RunWizardHub))</visible>
      </control>

      <control type="button" id="5052">
	<bottom>180</bottom>
	<left>950</left>
        <width>300</width>
        <height>100</height>
        <label>[CAPITALIZE][B]Manual Setup[/B][/CAPITALIZE]</label>
        <align>center</align>
        <textcolor>grey</textcolor>
        <focusedcolor>black</focusedcolor>
        <texturefocus colordiffuse="d9ffffff" border="5">diffuse/panel.png</texturefocus>
        <texturenofocus colordiffuse="darkgrey" border="5">diffuse/panel.png</texturenofocus>
        <font>Reg28</font>
	<onleft>5051</onleft>
	<onclick condition="!Skin.HasSetting(FirstRunSetup)">Skin.ToggleSetting(FirstRunSetup)</onclick>
        <onclick>Close</onclick>
        <onclick>ActivateWindow(settings)</onclick>
	<visible>String.IsEmpty(Window(Home).Property(RunWizardHub))</visible>
      </control>
      <control type="button" id="5053">
        <width>400</width>
        <height>100</height>
        <bottom>180</bottom>
        <left>600</left>
        <label>[CAPITALIZE][B]Configure Hubs & Spotlights[/B][/CAPITALIZE]</label>
        <align>center</align>
        <textcolor>grey</textcolor>
        <focusedcolor>black</focusedcolor>
        <texturefocus colordiffuse="d9ffffff" border="5">diffuse/panel.png</texturefocus>
        <texturenofocus colordiffuse="darkgrey" border="5">diffuse/panel.png</texturenofocus>
        <font>Reg28</font>
        <onright>5054</onright>
        <onclick>ReplaceWindow(1128)</onclick>
        <visible>!String.IsEmpty(Window(Home).Property(RunWizardHub)) + String.IsEmpty(Window(Home).Property(RunWizardFinished))</visible>
      </control>
      <control type="button" id="5054">
        <animation effect="slide" end="-250,0" time="0" condition="!String.IsEmpty(Window(Home).Property(RunWizardFinished))">Conditional</animation>
        <bottom>180</bottom>
        <left>1050</left>
        <width>300</width>
        <height>100</height>
        <label>[CAPITALIZE][B]Finish Setup[/B][/CAPITALIZE]</label>
        <align>center</align>
        <textcolor>grey</textcolor>
        <focusedcolor>black</focusedcolor>
        <texturefocus colordiffuse="d9ffffff" border="5">diffuse/panel.png</texturefocus>
        <texturenofocus colordiffuse="darkgrey" border="5">diffuse/panel.png</texturenofocus>
        <font>Reg28</font>
        <onleft>5053</onleft>
        <onclick condition="!Skin.HasSetting(FirstRunSetup)">Skin.ToggleSetting(FirstRunSetup)</onclick>
        <onclick>Close</onclick>
        <onclick>ReloadSkin()</onclick>
        <onclick>ReplaceWindow(Home)</onclick>
        <visible>!String.IsEmpty(Window(Home).Property(RunWizardHub))</visible>
      </control>
  </control>
 </controls>
</window>
