<?xml version="1.0" encoding="utf-8"?>
<!--QuackFX-->
<window>
    <defaultcontrol always="true"/>
    <allowoverlay>no</allowoverlay>
    <controls>
		<include condition="Skin.HasSetting(SpinnerDimScreen)">DialogOverlayExtra</include>
        <control type="group">
            <!-- hide in netflix home when auto-trailers on -->
            <visible>![Skin.String(HomeLayout,netflix2) + Skin.HasSetting(NetflixAutoTrailer)
            + [Window.IsActive(home) | Window.IsActive(3017) | Window.IsActive(3018) | Window.IsActive(3020)]]</visible>
            <!-- hide in library views when auto-trailers on -->
            <visible>![Skin.HasSetting(DetailsAutoTrailer) + Window.IsActive(videos)]</visible>
            <visible>!Window.IsVisible(startup)</visible>
            <posx>960</posx>
            <!--Center-->
            <posy>540</posy>
            <!--Center-->
            <control type="multiimage">
                <animation effect="fade" start="0" end="100" time="0">WindowOpen</animation>
                <animation effect="fade" start="100" end="0" time="500" delay="500">WindowClose</animation>
                <posx>-75</posx>
                <posy>-75</posy>
                <width>130</width>
                <height>130</height>
				<aspectratio>keep</aspectratio>
                <imagepath>$INFO[Skin.String(SkinHelper.SpinnerTexture.Path)]</imagepath>
                <timeperimage>100</timeperimage>
                <colordiffuse>$INFO[Skin.String(SpinnerTexture.Color)]</colordiffuse>
                <fadetime>0</fadetime>
            </control>
        </control>
    </controls>
</window>