<?xml version="1.0" encoding="UTF-8"?>
<window>
    <defaultcontrol always="true">10001</defaultcontrol>
    <allowoverlay>no</allowoverlay>
    <controls>
        <control type="list" id="10001">
            <left>-125</left>
            <top>0</top>
            <width>2100</width>
            <height>900</height>
            <onleft>10000</onleft>
            <onright>10000</onright>
            <ondown>9001</ondown>
            <orientation>Horizontal</orientation>
            <itemlayout height="1" width="1"/>
            <focusedlayout height="1" width="1"/>
        </control>
        <control type="image">
            <left>0</left>
            <top>0</top>
            <width>100%</width>
            <height>100%</height>
            <fadetime>500</fadetime>
            <texture>colors/color_black.png</texture>
        </control>
        <control type="image">
            <left>0</left>
            <top>0</top>
            <width>100%</width>
            <height>100%</height>
            <fadetime>500</fadetime>
            <aspectratio>keep</aspectratio>
            <texture background="true">$INFO[Container(10001).ListItem.Property(Original)]</texture>
        </control>
    </controls>
</window>
