<?xml version="1.0" encoding="utf-8"?>
<!--QuackFX-->
<includes>

    <include name="DefaultSkinSettings">
        <include condition="!Skin.HasSetting(HomeMenuDefaults46) | String.IsEmpty(Window(Home).Property(startupDone))">DefaultSkinSettingsValues</include>
        <!-- initialize some addons on startup -->
        <include condition="String.IsEmpty(Window(Home).Property(startupDone))">startupskinsettingsvalues</include>
        <!-- correct some stuff on theme switch -->
        <onload condition="Skin.HasTheme(classic) + !Skin.String(mediaflagsstyle,classic)">Skin.SetString(mediaflagsstyle,classic)</onload>
        <onload condition="Skin.HasTheme(classic) + !Skin.String(osdmediaflagsstyle,classic)">Skin.SetString(osdmediaflagsstyle,classic)</onload>
    </include>

    <include name="startupskinsettingsvalues">
        <!-- initialize 3th party addons -->
        <onload condition="System.HasAddon(script.games.rom.collection.browser)">RunScript(script.games.rom.collection.browser,limit=10)</onload>
        <onload>SetProperty(startupDone,loaded,Home)</onload>
    </include>

    <include name="DefaultSkinSettingsValues">

        <!-- various default settings  -->
        <!-- allow override
        <onload condition="!Skin.HasSetting(HomeMenuDefaults46)">Skin.SetBool(UseSectionBackground)</onload>
        -->
		
		
		<!-- homescreen layout -->
		<onload condition="!Skin.HasSetting(HomeMenuDefaults46)">Skin.SetBool(NetflixHomeShowLargeThumb)</onload>
        <!-- homescreen options -->
		<onload condition="!Skin.HasSetting(HomeMenuDefaults46)">Skin.SetBool(EnhancedHome_Circular)</onload>
        <onload condition="!Skin.HasSetting(HomeMenuDefaults46)">Skin.SetBool(widgetszoomfocus)</onload>
        
		
		<!-- background settings -->
		<onload condition="!Skin.String(BackgroundOverlayTexture.label)">Skin.SetString(BackgroundOverlayTexture.label,Default)</onload>
        <onload condition="!Skin.String(BackgroundOverlayTexture.label)">Skin.SetString(BackgroundOverlayTexture,overlay/Black.png)</onload>
        
		
		<!-- media library views -->
        <onload condition="!Skin.HasSetting(HomeMenuDefaults46)">Skin.SetBool(ShowFanartBackground)</onload>
		<onload condition="!Skin.HasSetting(HomeMenuDefaults46)">Skin.SetBool(disablelandscapethumbs)</onload>
		<onload condition="!Skin.HasSetting(HomeMenuDefaults46)">Skin.SetBool(enableanimatedposters)</onload>
		<onload condition="!Skin.HasSetting(HomeMenuDefaults46)">Skin.SetBool(AnimatedFanart)</onload>
		<onload condition="!Skin.HasSetting(HomeMenuDefaults46)">Skin.SetBool(EnableFakeDiscArt)</onload>
		<onload condition="!Skin.HasSetting(HomeMenuDefaults46)">Skin.SetBool(StudioInFooter)</onload>
        <onload condition="!Skin.HasSetting(HomeMenuDefaults46)">Skin.SetBool(IMDBRatingInFooter)</onload>
        <onload condition="!Skin.HasSetting(HomeMenuDefaults46)">Skin.SetBool(RTRatingInFooter)</onload>
        <onload condition="!Skin.HasSetting(HomeMenuDefaults46)">Skin.SetBool(TVdbTMdbRatingInFooter)</onload>
        <onload condition="!Skin.HasSetting(HomeMenuDefaults46)">Skin.SetBool(DisableSideBladeIndicator)</onload>
        <!-- video information -->
		<onload condition="!Skin.HasSetting(HomeMenuDefaults46)">Skin.SetBool(useextendedinfodialog)</onload>
		<!-- watched indicators -->
		<onload condition="!Skin.String(WatchedIndicator.Watched.Color)">Skin.SetBool(WatchedIndicator.Watched)</onload>
		<onload condition="!Skin.String(WatchedIndicator.Progress.Color)">Skin.SetBool(WatchedIndicator.Progress)</onload>
        <onload condition="!Skin.String(WatchedIndicator.Sets.Color)">Skin.SetBool(WatchedIndicator.Sets)</onload>
		<onload condition="!Skin.HasSetting(HomeMenuDefaults46)">Skin.SetBool(WatchedIndicator.Playing)</onload>
        
        
		<!-- forced views -->
		<onload condition="!Skin.HasSetting(HomeMenuDefaults46)">Skin.SetBool(skinhelper.forcedviews.enabled)</onload>
		<onload condition="!Skin.String(SkinHelper.ForcedViews.movies)">Skin.SetString(SkinHelper.ForcedViews.movies,523)</onload>
        <onload condition="!Skin.String(SkinHelper.ForcedViews.tvshows)">Skin.SetString(SkinHelper.ForcedViews.tvshows,523)</onload>
        <onload condition="!Skin.String(SkinHelper.ForcedViews.seasons)">Skin.SetString(SkinHelper.ForcedViews.seasons,513)</onload>
        <onload condition="!Skin.String(SkinHelper.ForcedViews.episodes)">Skin.SetString(SkinHelper.ForcedViews.episodes,506)</onload>
        <onload condition="!Skin.String(SkinHelper.ForcedViews.sets)">Skin.SetString(SkinHelper.ForcedViews.sets,50)</onload>
        <onload condition="!Skin.String(SkinHelper.ForcedViews.setmovies)">Skin.SetString(SkinHelper.ForcedViews.setmovies,50)</onload>
        <onload condition="!Skin.String(SkinHelper.ForcedViews.addons)">Skin.SetString(SkinHelper.ForcedViews.addons,50)</onload>
        <onload condition="!Skin.String(SkinHelper.ForcedViews.files.addons)">Skin.SetString(SkinHelper.ForcedViews.files.addons,50)</onload>
        
		
		<!-- playback & osd -->
		<onload condition="!Skin.HasSetting(HomeMenuDefaults46)">Skin.SetBool(EnableOSDInfo)</onload>
        <onload condition="!Skin.HasSetting(HomeMenuDefaults46)">Skin.SetBool(EnableOSDInfoMediaFlags)</onload>
        <onload condition="!Skin.HasSetting(HomeMenuDefaults46)">Skin.SetString(SkinHelper.ShowInfoAtPlaybackStart, 6)</onload>
        <onload condition="!Skin.HasSetting(HomeMenuDefaults46)">Skin.SetBool(OSDShowInfoOnPause)</onload>
		<onload condition="!Skin.HasSetting(HomeMenuDefaults46)">Skin.SetBool(OSDLargeSeekingLabel)</onload>
		<onload condition="!Skin.HasSetting(HomeMenuDefaults46)">Skin.SetBool(EnableBufferingProgressOSD)</onload>
        <onload condition="!Skin.HasSetting(HomeMenuDefaults46)">Skin.SetString(SkinHelper.AutoCloseVideoOSD, 4)</onload>
        <onload condition="!Skin.HasSetting(HomeMenuDefaults46)">Skin.SetBool(OSDShowClearArt)</onload>
        <onload condition="!Skin.HasSetting(HomeMenuDefaults46)">Skin.SetBool(OSDShowClearLogo)</onload>
        <!-- music playback -->
		<onload condition="!Skin.HasSetting(HomeMenuDefaults46)">Skin.SetBool(enableArtistBio)</onload>
        <onload condition="!Skin.HasSetting(HomeMenuDefaults46)">Skin.SetString(SkinHelper.AutoCloseMusicOSD, 4)</onload>
        <!-- now playing infobar/background -->
		
		<!-- general skin settings -->
		<onload condition="!Skin.HasSetting(HomeMenuDefaults46)">Skin.SetBool(useExtendedWeatherScreen)</onload>
		<onload condition="!Skin.String(SkinHelper.SpinnerTexture.label)">Skin.SetString(SkinHelper.SpinnerTexture.Path, busy_spinner/)</onload>
        <onload condition="!Skin.String(SkinHelper.SpinnerTexture.label)">Skin.SetString(SkinHelper.SpinnerTexture.Label,Default)</onload>
        <onload condition="!Skin.String(SpinnerTexture.Color)">Skin.SetString(SpinnerTexture.Color, ffff0000)</onload>
        <!-- advanced settings -->
		<onload condition="!Skin.String(WeatherIconPack.name)">Skin.SetString(WeatherIconPack.name, Weather Icons - Coloured)</onload>
        <onload condition="!Skin.String(WeatherIconPack.label)">Skin.SetString(WeatherIconPack.label, Weather Icons - Coloured)</onload>
        <onload condition="!Skin.String(WeatherIconPack.path)">Skin.SetString(WeatherIconPack.path, resource://resource.images.weathericons.coloured/)</onload>
        <onload condition="!Skin.String(WeatherIconPack)">Skin.SetString(WeatherIconPack, resource://resource.images.weathericons.coloured/)</onload>
        <onload condition="!Skin.String(WeatherFanArtPack.name)">Skin.SetString(WeatherFanArtPack.name, Weather Fanart - Single)</onload>
        <onload condition="!Skin.String(WeatherFanArtPack.label)">Skin.SetString(WeatherFanArtPack.label, Weather Fanart - Single)</onload>
        <onload condition="!Skin.String(WeatherFanArtPack.path)">Skin.SetString(WeatherFanArtPack.path, resource://resource.images.weatherfanart.single/)</onload>
        <onload condition="!Skin.String(WeatherFanArtPack)">Skin.SetString(WeatherFanArtPack, resource://resource.images.weatherfanart.single/)</onload>
        <onload condition="!Skin.String(SkinHelper.StudioLogos.name)">Skin.SetString(SkinHelper.StudioLogos.name, Studio Icons - Coloured)</onload>
        <onload condition="!Skin.String(SkinHelper.StudioLogos.label)">Skin.SetString(SkinHelper.StudioLogos.label, Studio Icons - Coloured)</onload>
        <onload condition="!Skin.String(SkinHelper.StudioLogos.path)">Skin.SetString(SkinHelper.StudioLogos.path, resource://resource.images.studios.coloured/)</onload>
        <onload condition="!Skin.String(SkinHelper.StudioLogos)">Skin.SetString(SkinHelper.StudioLogos, resource://resource.images.studios.coloured/)</onload>
        <onload condition="!Skin.HasSetting(HomeMenuDefaults46)">Skin.SetBool(SkinHelper.StudioLogos.multi)</onload>
        
		<onload condition="!Skin.HasSetting(HomeMenuDefaults46)">Skin.SetBool(preferclearartoverlandscape)</onload>
        <onload condition="!Skin.HasSetting(HomeMenuDefaults46)">Skin.SetBool(SkinHelper.EnableExtendedArt)</onload>
		<onload condition="!Skin.HasSetting(HomeMenuDefaults46)">Skin.SetBool(autoyoutubetrailer)</onload>
		<onload condition="!Skin.String(autoyoutubetrailer)">Skin.SetString(autoyoutubetrailer, true)</onload>
        <onload condition="!Skin.HasSetting(HomeMenuDefaults46)">Skin.SetBool(ShowLabelsPosterEpisodes)</onload>
        
		
		<!-- smart shortcuts -->
		<onload condition="!Skin.HasSetting(HomeMenuDefaults46)">Skin.SetBool(SmartShortcuts.emby)</onload>
        <onload condition="!Skin.HasSetting(HomeMenuDefaults46)">Skin.SetBool(SmartShortcuts.plex)</onload>
        <onload condition="!Skin.HasSetting(HomeMenuDefaults46)">Skin.SetBool(SmartShortcuts.netflix)</onload>
        <onload condition="!Skin.HasSetting(HomeMenuDefaults46)">Skin.SetBool(SmartShortcuts.playlists)</onload>
        
		
		<!-- view settings -->
		<onload condition="!Skin.HasSetting(HomeMenuDefaults46)">Skin.SetBool(DetailsShowFanart)</onload>
        <onload condition="!Skin.HasSetting(HomeMenuDefaults46)">Skin.SetBool(View502_ShowCDart)</onload>
        <onload condition="!Skin.HasSetting(HomeMenuDefaults46)">Skin.SetBool(View514_ShowCDart)</onload>
        <onload condition="!Skin.HasSetting(HomeMenuDefaults46)">Skin.SetBool(View513_ShowCDart)</onload>
        <onload condition="!Skin.HasSetting(HomeMenuDefaults46)">Skin.SetBool(View508_ShowCDart)</onload>
        <onload condition="!Skin.HasSetting(HomeMenuDefaults46)">Skin.SetBool(View58_ShowCDart)</onload>
        <onload condition="!Skin.HasSetting(HomeMenuDefaults46)">Skin.SetBool(PanelViewShowInfo)</onload>
        <onload condition="!Skin.HasSetting(HomeMenuDefaults46)">Skin.SetBool(ShowlabelsLandscape)</onload>
        <onload condition="!Skin.HasSetting(HomeMenuDefaults46)">Skin.SetBool(AnimateDiscArt)</onload>
		<onload condition="!Skin.HasSetting(HomeMenuDefaults46)">Skin.SetBool(View523_DetailsShowFanart)</onload>
        <onload condition="!Skin.HasSetting(HomeMenuDefaults46)">Skin.SetBool(view_523_horizontalnavigation)</onload>
        <onload condition="!Skin.HasSetting(HomeMenuDefaults46)">Skin.SetBool(View523_EnableZoomEffect)</onload>
        <onload condition="!Skin.HasSetting(HomeMenuDefaults46)">Skin.SetBool(View525_HidePanel)</onload>
        <onload condition="!Skin.HasSetting(HomeMenuDefaults46)">Skin.SetBool(View59_DetailsShowFanart)</onload>
        
        
		<!-- pvr settings -->
		<onload condition="!Skin.HasSetting(HomeMenuDefaults46)">Skin.SetBool(PVRShowPreview)</onload>
        <onload condition="!Skin.HasSetting(HomeMenuDefaults46)">Skin.SetBool(PVRGuideBackSideblade)</onload>
        <onload condition="!Skin.HasSetting(HomeMenuDefaults46)">Skin.SetBool(SkinHelper.EnablePVRThumbs)</onload>
        <onload condition="!Skin.HasSetting(HomeMenuDefaults46)">Skin.SetBool(pvrGuideOnFullscreenVideo)</onload>
        <onload condition="!Skin.HasSetting(HomeMenuDefaults46)">Skin.SetString(GuideRows, 9)</onload>
        <onload condition="!Skin.HasSetting(HomeMenuDefaults46)">Skin.SetBool(GuideShowInfo)</onload>
		
        
		
		<onload condition="!Skin.HasSetting(HomeMenuDefaults46)">Skin.SetBool(DisableNowPlayingClock)</onload>
        <onload condition="!Skin.HasSetting(HomeMenuDefaults46)">Skin.SetBool(ShowEpisodePlotInfoDialog)</onload>
		<onload condition="!Skin.HasSetting(HomeMenuDefaults46)">Skin.SetBool(DisableHeader)</onload>
		<onload condition="!Skin.HasSetting(HomeMenuDefaults46)">Skin.SetBool(SkinHelper.EnableMusicArt)</onload>
        <onload condition="!Skin.HasSetting(HomeMenuDefaults46)">Skin.SetBool(HideWatchedRecentlyAdded)</onload>
        <onload condition="!Skin.HasSetting(HomeMenuDefaults46)">Skin.SetBool(IsQuackFXSkin)</onload>
        
		
        <!--(QuackFX default theme)-->
        <onload condition="!Skin.String(HomeViewDetailsFocusColor)">Skin.SetString(HomeViewDetailsFocusColor,darkred)</onload>
        <onload condition="!Skin.String(HomeViewDetailsFocusColor.name)">Skin.SetString(HomeViewDetailsFocusColor.name,Dark Red)</onload>
        <onload condition="!Skin.String(HomeViewDetailsBorderFocusColor)">Skin.SetString(HomeViewDetailsBorderFocusColor,darkred)</onload>
        <onload condition="!Skin.String(HomeViewDetailsBorderFocusColor.name)">Skin.SetString(HomeViewDetailsBorderFocusColor.name,Dark Red)</onload>
        <onload condition="!Skin.String(HeaderTextColor)">Skin.SetString(HeaderTextColor,white)</onload>
        <onload condition="!Skin.String(HeaderTextColor.name)">Skin.SetString(HeaderTextColor.name,White)</onload>
        <onload condition="!Skin.String(HeaderTextShadowColor)">Skin.SetString(HeaderTextShadowColor,black)</onload>
        <onload condition="!Skin.String(HeaderTextShadowColor.name)">Skin.SetString(HeaderTextShadowColor.name,Black)</onload>
        <onload condition="!Skin.String(ViewDetailsTextShadowColor)">Skin.SetString(ViewDetailsTextShadowColor,black)</onload>
        <onload condition="!Skin.String(ViewDetailsTextShadowColor.name)">Skin.SetString(ViewDetailsTextShadowColor.name,Black)</onload>
        <onload condition="!Skin.String(ViewDetailsTextColor)">Skin.SetString(ViewDetailsTextColor,white)</onload>
        <onload condition="!Skin.String(ViewDetailsTextColor.name)">Skin.SetString(ViewDetailsTextColor.name,White)</onload>
        <onload condition="!Skin.String(ViewDetailsHighlightTextColor)">Skin.SetString(ViewDetailsHighlightTextColor,darkred)</onload>
        <onload condition="!Skin.String(ViewDetailsHighlightTextColor.name)">Skin.SetString(ViewDetailsHighlightTextColor.name,Dark Red)</onload>
        <onload condition="!Skin.String(ViewDetailsHighlightTextShadowColor)">Skin.SetString(ViewDetailsHighlightTextShadowColor,black)</onload>
        <onload condition="!Skin.String(ViewDetailsHighlightTextShadowColor.name)">Skin.SetString(ViewDetailsHighlightTextShadowColor.name,Black)</onload>
        <onload condition="!Skin.String(ViewDetailsListItemTextColor)">Skin.SetString(ViewDetailsListItemTextColor,white)</onload>
        <onload condition="!Skin.String(ViewDetailsListItemTextColor.name)">Skin.SetString(ViewDetailsListItemTextColor.name,White)</onload>
        <onload condition="!Skin.String(ViewDetailsListItemTextFocusColor)">Skin.SetString(ViewDetailsListItemTextFocusColor,black)</onload>
        <onload condition="!Skin.String(ViewDetailsListItemTextFocusColor.name)">Skin.SetString(ViewDetailsListItemTextFocusColor.name,Black)</onload>
        <onload condition="!Skin.String(ViewDetailsFocusColor)">Skin.SetString(ViewDetailsFocusColor,darkred)</onload>
        <onload condition="!Skin.String(ViewDetailsFocusColor.name)">Skin.SetString(ViewDetailsFocusColor.name,Dark Red)</onload>
        <onload condition="!Skin.String(ViewDetailsBorderFocusColor)">Skin.SetString(ViewDetailsBorderFocusColor,darkred)</onload>
        <onload condition="!Skin.String(ViewDetailsBorderFocusColor.name)">Skin.SetString(ViewDetailsBorderFocusColor.name,Dark Red)</onload>
        <onload condition="!Skin.String(ButtonFocusColor)">Skin.SetString(ButtonFocusColor,darkred)</onload>
        <onload condition="!Skin.String(ButtonFocusColor.name)">Skin.SetString(ButtonFocusColor.name,Dark Red)</onload>

        <onload condition="!Skin.String(GeneralPanelsColor)">Skin.SetString(GeneralPanelsColor,black75)</onload>
        <onload condition="!Skin.String(GeneralPanelsColor.name)">Skin.SetString(GeneralPanelsColor.name,Black 75%)</onload>
        <onload condition="!Skin.String(FooterTextColor)">Skin.SetString(FooterTextColor,white)</onload>
        <onload condition="!Skin.String(FooterTextColor.name)">Skin.SetString(FooterTextColor.name,White)</onload>
        <onload condition="!Skin.String(ButtonTextColor)">Skin.SetString(ButtonTextColor,white)</onload>
        <onload condition="!Skin.String(ButtonTextColor.name)">Skin.SetString(ButtonTextColor.name,White)</onload>
        <onload condition="!Skin.String(ButtonFocusTextColor)">Skin.SetString(ButtonFocusTextColor, black)</onload>
        <onload condition="!Skin.String(ButtonFocusTextColor.name)">Skin.SetString(ButtonFocusTextColor.name,Black)</onload>
        <onload condition="!Skin.String(GeneralTextColor)">Skin.SetString(GeneralTextColor,white)</onload>
        <onload condition="!Skin.String(GeneralTextColor.name)">Skin.SetString(GeneralTextColor.name,White)</onload>
        <onload condition="!Skin.String(GeneralHighlightTextColor)">Skin.SetString(GeneralHighlightTextColor,darkred)</onload>
        <onload condition="!Skin.String(GeneralHighlightTextColor.name)">Skin.SetString(GeneralHighlightTextColor.name,Dark Red)</onload>
  
        <onload condition="!Skin.String(NetflixPrimaryTextColor)">Skin.SetString(NetflixPrimaryTextColor,dimgray)</onload>
        <onload condition="!Skin.String(NetflixPrimaryTextColor.name)">Skin.SetString(NetflixPrimaryTextColor.name,dimgray)</onload>
        <onload condition="!Skin.String(NetflixSecondaryTextColor)">Skin.SetString(NetflixSecondaryTextColor,gray)</onload>
        <onload condition="!Skin.String(NetflixSecondaryTextColor.name)">Skin.SetString(NetflixSecondaryTextColor.name,gray)</onload>
        <onload condition="!Skin.String(MainMenuFocusButtonColor)">Skin.SetString(MainMenuFocusButtonColor,darkred)</onload>
        <onload condition="!Skin.String(MainMenuFocusButtonColor.name)">Skin.SetString(MainMenuFocusButtonColor.name,Dark Red)</onload>
        <onload condition="!Skin.String(MainMenuSecondaryFocusButtonColor)">Skin.SetString(MainMenuSecondaryFocusButtonColor,None)</onload>
        <onload condition="!Skin.String(MainMenuSecondaryFocusButtonColor.name)">Skin.SetString(MainMenuSecondaryFocusButtonColor.name,None)</onload>
        <onload condition="!Skin.String(NetflixDetailsFlagColor)">Skin.SetString(NetflixDetailsFlagColor,9a373737)</onload>
        <onload condition="!Skin.String(NetflixDetailsFlagColor.name)">Skin.SetString(NetflixDetailsFlagColor.name,LightGray)</onload>
        <onload condition="!Skin.String(RatingsLogoColor)">Skin.SetString(RatingsLogoColor,white)</onload>
        <onload condition="!Skin.String(RatingsLogoColor.name)">Skin.SetString(RatingsLogoColor.name,White)</onload>
        
        <onload condition="!Skin.String(BackgroundOverlayColor)">Skin.SetString(BackgroundOverlayColor,None)</onload>
        <onload condition="!Skin.String(BackgroundOverlayColor.name)">Skin.SetString(BackgroundOverlayColor.name,None)</onload>
        <onload condition="!Skin.String(BackgroundOverlayColor.base)">Skin.SetString(BackgroundOverlayColor.base,None)</onload>
        <onload condition="!Skin.String(BackgroundDiffuseColor)">Skin.SetString(BackgroundDiffuseColor,None)</onload>
        <onload condition="!Skin.String(BackgroundDiffuseColor.name)">Skin.SetString(BackgroundDiffuseColor.name,None)</onload>
        <onload condition="!Skin.String(FooterPanelColor)">Skin.SetString(FooterPanelColor,black75)</onload>
        <onload condition="!Skin.String(FooterPanelColor.name)">Skin.SetString(FooterPanelColor.name,Black 75%)</onload>
        <onload condition="!Skin.String(GeneralPanelsColor)">Skin.SetString(GeneralPanelsColor,blackgrey)</onload>
        <onload condition="!Skin.String(GeneralPanelsColor.name)">Skin.SetString(GeneralPanelsColor.name,Black/Grey)</onload>
        <onload condition="!Skin.String(ViewDetailsPanelColor)">Skin.SetString(ViewDetailsPanelColor,black75)</onload>
        <onload condition="!Skin.String(ViewDetailsPanelColor.name)">Skin.SetString(ViewDetailsPanelColor.name,Black 75%)</onload>
        <onload condition="!Skin.String(OSDPanelColor)">Skin.SetString(OSDPanelColor,black75)</onload>
        <onload condition="!Skin.String(OSDPanelColor.name)">Skin.SetString(OSDPanelColor.name,Black 75%)</onload>
        <onload condition="!Skin.String(ButtonColor)">Skin.SetString(ButtonColor,black)</onload>
        <onload condition="!Skin.String(ButtonColor.name)">Skin.SetString(ButtonColor.name,Black)</onload>
        <onload condition="!Skin.String(FooterTextShadowColor)">Skin.SetString(FooterTextShadowColor,None)</onload>
        <onload condition="!Skin.String(FooterTextShadowColor.name)">Skin.SetString(FooterTextShadowColor.name,None)</onload>
        <onload condition="!Skin.String(OSDPrimaryTextColor)">Skin.SetString(OSDPrimaryTextColor,white)</onload>
        <onload condition="!Skin.String(OSDPrimaryTextColor.name)">Skin.SetString(OSDPrimaryTextColor.name,White)</onload>
        <onload condition="!Skin.String(OSDPrimaryTextShadowColor)">Skin.SetString(OSDPrimaryTextShadowColor,None)</onload>
        <onload condition="!Skin.String(OSDPrimaryTextShadowColor.name)">Skin.SetString(OSDPrimaryTextShadowColor.name,None)</onload>
        <onload condition="!Skin.String(OSDSecondaryTextColor)">Skin.SetString(OSDSecondaryTextColor,darkred)</onload>
        <onload condition="!Skin.String(OSDSecondaryTextColor.name)">Skin.SetString(OSDSecondaryTextColor.name,Dark Red)</onload>
        <onload condition="!Skin.String(OSDSecondaryTextShadowColor)">Skin.SetString(OSDSecondaryTextShadowColor,None)</onload>
        <onload condition="!Skin.String(OSDSecondaryTextShadowColor.name)">Skin.SetString(OSDSecondaryTextShadowColor.name,None)</onload>
        <onload condition="!Skin.String(OSDProgressBarColor)">Skin.SetString(OSDProgressBarColor,darkred)</onload>
        <onload condition="!Skin.String(OSDProgressBarColor.name)">Skin.SetString(OSDProgressBarColor.name,Dark Red)</onload>
        <onload condition="!Skin.String(OSDProgressBarBackgroundColor)">Skin.SetString(OSDProgressBarBackgroundColor,None)</onload>
        <onload condition="!Skin.String(OSDProgressBarBackgroundColor.name)">Skin.SetString(OSDProgressBarBackgroundColor.name,None)</onload>

        <onload condition="!Skin.String(OSDProgressBarCacheColor)">Skin.SetString(OSDProgressBarCacheColor,white)</onload>
        <onload condition="!Skin.String(OSDProgressBarCacheColor.name)">Skin.SetString(OSDProgressBarCacheColor.name,White)</onload>
        <onload condition="!Skin.String(OSDProgressBarBorderColor)">Skin.SetString(OSDProgressBarBorderColor,white)</onload>
        <onload condition="!Skin.String(OSDProgressBarBorderColor.name)">Skin.SetString(OSDProgressBarBorderColor.name,White)</onload>
        <onload condition="!Skin.String(OSDButtonsFocusColor)">Skin.SetString(OSDButtonsFocusColor,darkred)</onload>
        <onload condition="!Skin.String(OSDButtonsFocusColor.name)">Skin.SetString(OSDButtonsFocusColor.name,Dark Red)</onload>
        <onload condition="!Skin.String(OSDButtonsColor)">Skin.SetString(OSDButtonsColor,aawhite)</onload>
        <onload condition="!Skin.String(OSDButtonsColor.name)">Skin.SetString(OSDButtonsColor.name,aaWhite)</onload>
        <onload condition="!Skin.String(OSDBufferingSpinnerColor)">Skin.SetString(OSDBufferingSpinnerColor,aawhite)</onload>
        <onload condition="!Skin.String(OSDBufferingSpinnerColor.name)">Skin.SetString(OSDBufferingSpinnerColor.name,aaWhite)</onload>
        <onload condition="!Skin.String(ScrollbarBackgroundColor)">Skin.SetString(ScrollbarBackgroundColor,blackaa)</onload>
        <onload condition="!Skin.String(ScrollbarBackgroundColor.name)">Skin.SetString(ScrollbarBackgroundColor.name,Blackaa)</onload>
        <onload condition="!Skin.String(ScrollbarUnfocusedColor)">Skin.SetString(ScrollbarUnfocusedColor,darkredaa)</onload>
        <onload condition="!Skin.String(ScrollbarUnfocusedColor.name)">Skin.SetString(ScrollbarUnfocusedColor.name,Dark Redaa)</onload>
        <onload condition="!Skin.String(ScrollbarFocusedColor)">Skin.SetString(ScrollbarFocusedColor,darkred)</onload>
        <onload condition="!Skin.String(ScrollbarFocusedColor.name)">Skin.SetString(ScrollbarFocusedColor.name,Dark Red)</onload>

        <onload condition="!Skin.String(WatchedIndicator.Watched.Color.name)">Skin.SetString(WatchedIndicator.Watched.Color.name,Dark Redcc)</onload>
        <onload condition="!Skin.String(WatchedIndicator.Watched.TextColor)">Skin.SetString(WatchedIndicator.Watched.TextColor,white)</onload>
        <onload condition="!Skin.String(WatchedIndicator.Watched.TextColor.name)">Skin.SetString(WatchedIndicator.Watched.TextColor.name,White)</onload>
        <onload condition="!Skin.String(WatchedIndicator.UnWatched.Color)">Skin.SetString(WatchedIndicator.UnWatched.Color,darkredcc)</onload>
        <onload condition="!Skin.String(WatchedIndicator.UnWatched.Color.name)">Skin.SetString(WatchedIndicator.UnWatched.Color.name,Dark Redcc)</onload>
        <onload condition="!Skin.String(WatchedIndicator.UnWatched.TextColor)">Skin.SetString(WatchedIndicator.UnWatched.TextColor,white)</onload>
        <onload condition="!Skin.String(WatchedIndicator.UnWatched.TextColor.name)">Skin.SetString(WatchedIndicator.UnWatched.TextColor.name,White)</onload>

        <onload condition="!Skin.String(WatchedIndicator.Progress.Color)">Skin.SetString(WatchedIndicator.Progress.Color,darkredcc)</onload>
        <onload condition="!Skin.String(WatchedIndicator.Progress.Color.name)">Skin.SetString(WatchedIndicator.Progress.Color.name,Dark Redcc)</onload>
        <onload condition="!Skin.String(WatchedIndicator.Progress.TextColor)">Skin.SetString(WatchedIndicator.Progress.TextColor,white)</onload>
        <onload condition="!Skin.String(WatchedIndicator.Progress.TextColor.name)">Skin.SetString(WatchedIndicator.Progress.TextColor.name,White)</onload>

        <onload condition="!Skin.String(WatchedIndicator.Sets.Color)">Skin.SetString(WatchedIndicator.Sets.Color,darkredcc)</onload>
        <onload condition="!Skin.String(WatchedIndicator.Sets.Color.name)">Skin.SetString(WatchedIndicator.Sets.Color.name,Dark Redcc)</onload>
        <onload condition="!Skin.String(WatchedIndicator.Sets.TextColor)">Skin.SetString(WatchedIndicator.Sets.TextColor,white)</onload>
        <onload condition="!Skin.String(WatchedIndicator.Sets.TextColor.name)">Skin.SetString(WatchedIndicator.Sets.TextColor.name,White)</onload>
        <onload condition="!Skin.String(WatchedIndicator.Episodes.Color)">Skin.SetString(WatchedIndicator.Episodes.Color,darkredcc)</onload>
        <onload condition="!Skin.String(WatchedIndicator.Episodes.Color.name)">Skin.SetString(WatchedIndicator.Episodes.Color.name,Dark Redcc)</onload>
        <onload condition="!Skin.String(WatchedIndicator.Episodes.TextColor)">Skin.SetString(WatchedIndicator.Episodes.TextColor,white)</onload>
        <onload condition="!Skin.String(WatchedIndicator.Episodes.TextColor.name)">Skin.SetString(WatchedIndicator.Episodes.TextColor.name,White)</onload>

        <onload condition="!Skin.String(WatchedIndicator.Playing.Color)">Skin.SetString(WatchedIndicator.Playing.Color,blackgrey)</onload>
        <onload condition="!Skin.String(WatchedIndicator.Playing.Color.name)">Skin.SetString(WatchedIndicator.Playing.Color.name,Black/Grey)</onload>
        <onload condition="!Skin.String(WatchedIndicator.Playing.TextColor)">Skin.SetString(WatchedIndicator.Playing.TextColor,white)</onload>
        <onload condition="!Skin.String(WatchedIndicator.Playing.TextColor.name)">Skin.SetString(WatchedIndicator.Playing.TextColor.name,White)</onload>

        <onload condition="!Skin.String(CaseOverlays.Color)">Skin.SetString(CaseOverlays.Color,reddd)</onload>
        <onload condition="!Skin.String(CaseOverlays.Color.name)">Skin.SetString(CaseOverlays.Color.name,Reddd)</onload>
        <onload condition="!Skin.String(CaseOverlays.TextColor)">Skin.SetString(CaseOverlays.TextColor,ddwhite)</onload>
        <onload condition="!Skin.String(CaseOverlays.TextColor.name)">Skin.SetString(CaseOverlays.TextColor.name,Whitedd)</onload>
        <onload condition="!Skin.String(SideBladePanelColor) + Skin.String(GeneralPanelsColor.base)">Skin.SetString(SideBladePanelColor,$INFO[Skin.String(GeneralPanelsColor.base)])</onload>
        <onload condition="!Skin.String(SideBladePanelColor.name) + Skin.String(GeneralPanelsColor.base)">Skin.SetString(SideBladePanelColor.name,$INFO[Skin.String(GeneralPanelsColor.name)])</onload>
        <onload condition="!Skin.String(SideBladePanelColor) + !Skin.String(GeneralPanelsColor.base)">Skin.SetString(SideBladePanelColor,black75)</onload>
        <onload condition="!Skin.String(SideBladePanelColor.name) + !Skin.String(GeneralPanelsColor.base)">Skin.SetString(SideBladePanelColor.name,Black 75%)</onload>

        <onload condition="!Skin.String(SideBladeTextColor)">Skin.SetString(SideBladeTextColor,$INFO[Skin.String(GeneralTextColor)])</onload>
        <onload condition="!Skin.String(SideBladeTextColor.name)">Skin.SetString(SideBladeTextColor.name,$INFO[Skin.String(GeneralTextColor.name)])</onload>
        <onload condition="!Skin.String(TagOverlaysPanelColor)">Skin.SetString(TagOverlaysPanelColor,dd000000blackdd)</onload>
        <onload condition="!Skin.String(TagOverlaysPanelColor.name)">Skin.SetString(TagOverlaysPanelColor.name,Blackdd)</onload>
        <onload condition="!Skin.String(TagOverlaysTextColor)">Skin.SetString(TagOverlaysTextColor,white)</onload>
        <onload condition="!Skin.String(TagOverlaysTextColor.name)">Skin.SetString(TagOverlaysTextColor.name,White)</onload>

        <onload condition="!Skin.String(LyricsOverlayColor)">Skin.SetString(LyricsOverlayColor,blackcc)</onload>
        <onload condition="!Skin.String(LyricsOverlayColor.name)">Skin.SetString(LyricsOverlayColor.name,Blackcc)</onload>
        <onload condition="!Skin.String(LyricsTextColor)">Skin.SetString(LyricsTextColor,aawhite)</onload>
        <onload condition="!Skin.String(LyricsTextColor.name)">Skin.SetString(LyricsTextColor.name,Whiteaa)</onload>
        <onload condition="!Skin.String(LyricsTextShadowColor)">Skin.SetString(LyricsTextShadowColor,none)</onload>
        <onload condition="!Skin.String(LyricsTextShadowColor.name)">Skin.SetString(LyricsTextShadowColor.name,None)</onload>
        <onload condition="!Skin.String(LyricsFocusTextColor)">Skin.SetString(LyricsFocusTextColor,white)</onload>
        <onload condition="!Skin.String(LyricsFocusTextColor.name)">Skin.SetString(LyricsFocusTextColor.name,White)</onload>
        <onload condition="!Skin.String(LyricsFocusTextShadowColor)">Skin.SetString(LyricsFocusTextShadowColor,none)</onload>
        <onload condition="!Skin.String(LyricsFocusTextShadowColor.name)">Skin.SetString(LyricsFocusTextShadowColor.name,None)</onload>

        <onload condition="!Skin.String(MainMenuPanelColor) + !Skin.String(MainMenuPanelColor.name) + !Skin.HasSetting(HideWidgetDetailsPanel)">Skin.SetString(MainMenuPanelColor.name,$INFO[Skin.String(ViewDetailsPanelColor.name)])</onload>
        <onload condition="!Skin.String(MainMenuPanelColor) + !Skin.HasSetting(HideWidgetDetailsPanel)">Skin.SetString(MainMenuPanelColor,$INFO[Skin.String(ViewDetailsPanelColor)])</onload>
        <onload condition="!Skin.String(MainMenuPanelColor) + !Skin.String(MainMenuPanelColor.name) + Skin.HasSetting(HideWidgetDetailsPanel)">Skin.SetString(MainMenuPanelColor.name,None)</onload>
        <onload condition="!Skin.String(MainMenuPanelColor) + Skin.HasSetting(HideWidgetDetailsPanel)">Skin.SetString(MainMenuPanelColor,none)</onload>

        <onload condition="!Skin.String(MainMenuTextColor) + !Skin.String(MainMenuTextColor.name)">Skin.SetString(MainMenuTextColor.name,$INFO[Skin.String(ViewDetailsTextColor.name)])</onload>
        <onload condition="!Skin.String(MainMenuTextColor)">Skin.SetString(MainMenuTextColor,$INFO[Skin.String(ViewDetailsTextColor)])</onload>

        <onload condition="!Skin.String(MainMenuFocusTextColor) + !Skin.String(MainMenuFocusTextColor.name)">Skin.SetString(MainMenuFocusTextColor.name,Black)</onload>
        <onload condition="!Skin.String(MainMenuFocusTextColor)">Skin.SetString(MainMenuFocusTextColor,black)</onload>

        <onload condition="!Skin.String(HeaderPanelColor) + !Skin.String(HeaderPanelColor.name)">Skin.SetString(HeaderPanelColor.name,None)</onload>
        <onload condition="!Skin.String(HeaderPanelColor)">Skin.SetString(HeaderPanelColor,None)</onload>

        <onload condition="!Skin.String(ActiveSpinControlColor) + !Skin.String(ActiveSpinControlColor.name)">Skin.SetString(ActiveSpinControlColor.name,neon green)</onload>
        <onload condition="!Skin.String(ActiveSpinControlColor)">Skin.SetString(ActiveSpinControlColor,ff39ff14)</onload>

        <onload condition="!Skin.String(PVRGuideItemColorUnfocus)">Skin.SetString(PVRGuideItemColorUnfocus,$INFO[Skin.String(ButtonColor)])</onload>
        <onload condition="!Skin.String(PVRGuideItemColorUnfocus.name)">Skin.SetString(PVRGuideItemColorUnfocus.name,$INFO[Skin.String(ButtonColor.name)])</onload>
        <onload condition="!Skin.String(PVRGuideItemColorFocus)">Skin.SetString(PVRGuideItemColorFocus,$INFO[Skin.String(ButtonFocusColor)])</onload>
        <onload condition="!Skin.String(PVRGuideItemColorFocus.name)">Skin.SetString(PVRGuideItemColorFocus.name,$INFO[Skin.String(ButtonFocusColor.name)])</onload>
        <onload condition="!Skin.String(PVRGuideItemTextColorUnfocus)">Skin.SetString(PVRGuideItemTextColorUnfocus,$INFO[Skin.String(ButtonTextColor)])</onload>
        <onload condition="!Skin.String(PVRGuideItemTextColorUnfocus.name)">Skin.SetString(PVRGuideItemTextColorUnfocus.name,$INFO[Skin.String(ButtonTextColor.name)])</onload>
        <onload condition="!Skin.String(PVRGuideItemTextColorFocus)">Skin.SetString(PVRGuideItemTextColorFocus,$INFO[Skin.String(ButtonFocusTextColor)])</onload>
        <onload condition="!Skin.String(PVRGuideItemTextColorFocus.name)">Skin.SetString(PVRGuideItemTextColorFocus.name,$INFO[Skin.String(ButtonFocusTextColor.name)])</onload>

        <onload condition="!Skin.String(defaultcolorpalette.label)">Skin.SetString(defaultcolorpalette.label,basic)</onload>
        <onload condition="!Skin.String(defaultcolorpalette)">Skin.SetString(defaultcolorpalette,basic)</onload>

        <onload>Skin.SetString(CompareTxtDisable, disable)</onload>
        <onload>Skin.SetString(CompareTxtTop, top)</onload>
        <onload>Skin.SetString(CompareTxtBottom, bottom)</onload>
        <onload>Skin.SetString(CompareTxtLarge, large)</onload>
        <onload>Skin.SetString(CompareTxtDefault, default)</onload>

        <!-- finish default settings -->
        <onload condition="!Skin.HasSetting(HomeMenuDefaults46)">Skin.SetBool(HomeMenuDefaults46)</onload>
    </include>

</includes>