<?xml version="1.0" encoding="utf-8"?>
<!--QuackFX-->
<window type="dialog">
    <defaultcontrol always="true">2</defaultcontrol>
    <allowoverlay>no</allowoverlay>
	
    <controls>
         <!--Global Background-->
        <include>GlobalBackground</include>
 		<!-- Now playing -->
		<include condition="!Skin.HasTheme(classic)">NowPlayingModern</include>
		
        <!--Header-->
        <include>Header</include>
         <!--Footer-->
        <include condition="!skin.hassetting(nofooterbar)">Footer</include>
		<!--QuackFX Version-->
        <include>QuackFXVersion</include>
		
		<control type="group">
		<include>animation_window_open_close</include>
		<bottom>125</bottom>
		<height>75%</height>
		
        <!--Panel-->
		<control type="image">
			<posx>50</posx>
			<width>1820</width>
			<texture border="15">diffuse/bgpanel.png</texture>
			<colordiffuse>$INFO[Skin.String(GeneralPanelsColor)]</colordiffuse>
		</control>
		
		<control type="image">
			<posx>50</posx>
			<width>560</width>
			<texture border="15">diffuse/bgpanel.png</texture>
			<colordiffuse>$INFO[Skin.String(GeneralPanelsColor)]</colordiffuse>
		</control>
		

            <control type="image">
                <description>List separator</description>
                <posx>660</posx>
                <posy>41</posy>
                <width>1100</width>
                <height>77</height>
                <texture border="90,3,90,3">common/profil/separator.png</texture>
            </control>
			
            <control type="radiobutton" id="4">
                <posx>80</posx>
                <posy>41</posy>
                <width>520</width>
                <label>20096</label>
                <onup>2</onup>
				<onright>2</onright>
				<align>left</align>
                <ondown>444</ondown>
            </control>
			<control type="radiobutton" id="444">
                <posx>80</posx>
                <posy>105</posy>
                <width>520</width>
                <label>31147</label>
                <onup>4</onup>
                <ondown>31693</ondown>
				<onright>2</onright>
				<align>left</align>
				<onclick condition="!Skin.String(LoginBackground)">Skin.SetImage(LoginBackground)</onclick>
				<onclick condition="Skin.String(LoginBackground)">Skin.Reset(LoginBackground)</onclick>
				<selected>Skin.String(LoginBackground)</selected>
				<visible>System.HasLoginScreen </visible>
            </control>
            <control type="radiobutton" id="31693">
                <posx>80</posx>
                <posy>170</posy>
                <width>520</width>
                <label>31693</label>
                <onup>444</onup>
                <ondown>4</ondown>
				<onright>2</onright>
				<align>left</align>
				<onclick>Skin.ToggleSetting(LoginScreen_DisableContextMenu)</onclick>
				<selected>Skin.HasSetting(LoginScreen_DisableContextMenu)</selected>
				<visible>System.HasLoginScreen </visible>
            </control>
            <control type="list" id="2">
                <description>Control Area</description>
                <posx>660</posx>
                <posy>41</posy>
                <width>1100</width>
                <height>80%</height>
                <onleft>noop</onleft>
                <onright>40</onright>
                <onup>4</onup>
				<onleft>4</onleft>
                <ondown>444</ondown>
                <pagecontrol>-</pagecontrol>
                <orientation>vertical</orientation>
                <itemlayout height="76">
                    <control type="image">
                        <description>List separator</description>
                        <posx>0</posx>
                        <posy>0</posy>
                        <width>1210</width>
                        <height>77</height>
                        <texture border="90,3,90,3">common/profil/separator.png</texture>
                    </control>
                    <control type="image">
                        <posx>35</posx>
                        <posy>10</posy>
                        <width>56</width>
                        <height>56</height>
                        <texture background="true" fallback="common/profil/avatar.png">$INFO[ListItem.Icon]</texture>
                        <visible>!String.IsEmpty(ListItem.Icon)</visible>
                    </control>
                    <control type="label">
                        <posx>35</posx>
                        <posy>0</posy>
                        <width>700</width>
                        <height>74</height>
                        <align>left</align>
                        <aligny>center</aligny>
                        <info>ListItem.Label</info>
                        <textcolor>96FFFFFF</textcolor>
                        <font>Light28</font>
                        <animation effect="slide" start="0" end="80" time="0" condition="!String.IsEmpty(ListItem.Icon)">Conditional</animation>
                    </control>
                    <control type="label">
                        <posx>1175</posx>
                        <posy>0</posy>
                        <width>300</width>
                        <height>74</height>
                        <align>right</align>
                        <aligny>center</aligny>
                        <info>ListItem.Label2</info>
                        <textcolor>96FFFFFF</textcolor>
                        <font>Light28</font>
                    </control>
                </itemlayout>
                <focusedlayout height="76">
                    <control type="group">
                        <visible>Control.HasFocus(2)</visible>
                        <control type="image">
                            <height>77</height>
                            <width>1210</width>
                            <texture diffuse="diffuse/panel.png" border="5" colordiffuse="$INFO[Skin.String(ButtonFocusColor)]">colors/color_white.png</texture>
                        </control>
                        <control type="image">
                            <posx>35</posx>
                            <posy>10</posy>
                            <width>56</width>
                            <height>56</height>
                            <texture background="true">$INFO[ListItem.Icon]</texture>
                            <visible>!String.IsEmpty(ListItem.Icon)</visible>
                        </control>
                        <control type="label">
                            <posx>35</posx>
                            <posy>0</posy>
                            <width>700</width>
                            <height>74</height>
                            <align>left</align>
                            <aligny>center</aligny>
                            <info>ListItem.Label</info>
                            <textcolor>black</textcolor>
                            <font>Light28</font>
                            <animation effect="slide" start="0" end="80" time="0" condition="!String.IsEmpty(ListItem.Icon)">Conditional</animation>
                        </control>
                        <control type="label">
                            <posx>1175</posx>
                            <posy>0</posy>
                            <width>300</width>
                            <height>74</height>
                            <align>right</align>
                            <aligny>center</aligny>
                            <info>ListItem.Label2</info>
                            <textcolor>$INFO[Skin.String(GeneralTextColor)]</textcolor>
                            <font>Light28</font>
                        </control>
                    </control>
                    <control type="group">
                        <visible>!Control.HasFocus(2)</visible>
                        <control type="image">
                            <description>List separator</description>
                            <posx>0</posx>
                            <posy>0</posy>
                            <width>1210</width>
                            <height>77</height>
                            <texture border="90,3,90,3">common/profil/separator.png</texture>
                        </control>
                        <control type="image">
                            <posx>35</posx>
                            <posy>10</posy>
                            <width>56</width>
                            <height>56</height>
                            <texture background="true" fallback="common/profil/avatar.png">$INFO[ListItem.Icon]</texture>
                            <visible>!String.IsEmpty(ListItem.Icon)</visible>
                        </control>
                        <control type="label">
                            <posx>35</posx>
                            <posy>0</posy>
                            <width>700</width>
                            <height>74</height>
                            <align>left</align>
                            <aligny>center</aligny>
                            <info>ListItem.Label</info>
                            <textcolor>96FFFFFF</textcolor>
                            <font>Light28</font>
                            <animation effect="slide" start="0" end="80" time="0" condition="!String.IsEmpty(ListItem.Icon)">Conditional</animation>
                        </control>
                        <control type="label">
                            <posx>1175</posx>
                            <posy>0</posy>
                            <width>300</width>
                            <height>74</height>
                            <align>right</align>
                            <aligny>center</aligny>
                            <info>ListItem.Label2</info>
                            <textcolor>96FFFFFF</textcolor>
                            <font>Light28</font>
                        </control>
                    </control>
                </focusedlayout>
            </control>
        </control>
    </controls>
</window>