<?xml version="1.0" encoding="UTF-8"?>
<!-- QuackFX -->
<window type="dialog" id="1125">
	<defaultcontrol always="true">9000</defaultcontrol>
	<!-- <onunload>AlarmClock(reloadskin,ReloadSkin(),00:00,silent,false)</onunload> -->
	<controls>
		<include>Global_Overlay</include>
		<control type="group">
			<include content="Dialog_Standard_Group">
				<param name="width" value="1800"/>
				<param name="height" value="716"/>
			</include>
			<control type="label">
				<description>Header Label</description>
				<label>[CAPITALIZE]$LOCALIZE[31448][/CAPITALIZE]</label>
				<include>Dialog_Standard_Header</include>
			</control>
			<!-- Image -->
			<control type="group">
				<left>20</left>
				<width>1060</width>
				<top>100</top>
				<height>600</height>
				<control type="image">
					<aspectratio scalediffuse="false">keep</aspectratio>
					<texture background="true" fallback="special://skin/fanart.jpg" diffuse="diffuse/1117.png">$INFO[Window.Property(Image_Preview)]</texture>
				</control>
				<control type="image">
					<aspectratio scalediffuse="false">center</aspectratio>
					<visible>[Control.HasFocus(9001) + !String.Contains(Control.GetLabel(9001),*)] | [Control.HasFocus(9002) + !String.Contains(Control.GetLabel(9002),*)] | [Control.HasFocus(9003) + !String.Contains(Control.GetLabel(9003),*)] | [Control.HasFocus(9004) + !String.Contains(Control.GetLabel(9004),*)] | [Control.HasFocus(9005) + !String.Contains(Control.GetLabel(9005),*)] | [Control.HasFocus(9006) + !String.Contains(Control.GetLabel(9006),*)] | [Control.HasFocus(9007) + !String.Contains(Control.GetLabel(9007),*)] | [Control.HasFocus(9008) + !String.Contains(Control.GetLabel(9008),*)] | [Control.HasFocus(9009) + !String.Contains(Control.GetLabel(9009),*)] | [Control.HasFocus(9010) + !String.Contains(Control.GetLabel(9010),*)]</visible>
				</control>
			</control>
			<control type="grouplist" id="9000">
				<description>Control Area</description>
				<right>20</right>
				<width>680</width>
				<top>100</top>
				<height>600</height>
				<itemgap>10</itemgap>
				<orientation>vertical</orientation>
				<pagecontrol>60</pagecontrol>
				<usecontrolcoords>true</usecontrolcoords>
				<control type="radiobutton" id="9005" description="Enable Vertical Label">
					<include>Dialog_Standard_ListButton</include>
					<radioposx>630</radioposx>
					<label>$LOCALIZE[31479]</label>
					<selected>Skin.HasSetting(DisableMenuVertLabelOnly)</selected>
					<onclick condition="Skin.HasSetting(DisableMenuVertFull)">Skin.ToggleSetting(DisableMenuVertLabelOnly)</onclick>
					<onclick condition="Skin.HasSetting(DisableMenuHor)">Skin.ToggleSetting(DisableMenuVertLabelOnly)</onclick>
					<onclick condition="!Skin.HasSetting(DisableMenuVertIcon)">Skin.ToggleSetting(DisableMenuVertLabelOnly)</onclick>
					<onclick condition="Skin.HasSetting(DisableMenuVertLabel)">Skin.ToggleSetting(DisableMenuVertLabelOnly)</onclick>
					<onclick condition="Skin.HasSetting(DisableNetflixHomeSidemenu)">Skin.ToggleSetting(DisableNetflixHomeSidemenu)</onclick>
					<onclick condition="Skin.HasSetting(DisableMenuVertLabel)">Skin.ToggleSetting(DisableMenuVertLabel)</onclick>
					<onclick condition="!Skin.HasSetting(DisableMenuVertIcon)">Skin.ToggleSetting(DisableMenuVertIcon)</onclick>
					<onclick condition="Skin.HasSetting(DisableMenuVertFull)">Skin.ToggleSetting(DisableMenuVertFull)</onclick>
					<onclick condition="Skin.HasSetting(DisableMenuHor)">Skin.ToggleSetting(DisableMenuHor)</onclick>
					<onclick condition="Skin.HasSetting(IconOnlyMode)">Skin.ToggleSetting(IconOnlyMode)</onclick>
					<onclick condition="!Skin.HasSetting(DisableNetflixHomeSidemenuHide)">Skin.ToggleSetting(DisableNetflixHomeSidemenuHide)</onclick>
					<onfocus>SetProperty(Image_Preview,special://skin/extras/backgrounds/viewmodes/menu-vertical-label-only.jpg)</onfocus>
					<onclick condition="String.IsEmpty(Window(Home).Property(RunWizard))">ReloadSkin()</onclick>
					<onclick condition="!String.IsEmpty(Window(Home).Property(RunWizard))">Close</onclick>
					<onclick condition="!String.IsEmpty(Window(Home).Property(RunWizard))">ReplaceWindow(1140)</onclick>
				</control>
				<control type="radiobutton" id="9001" description="Enable Vertical Icon Only">
					<include>Dialog_Standard_ListButton</include>
					<radioposx>630</radioposx>
					<label>$LOCALIZE[31449]</label>
					<selected>!Skin.HasSetting(DisableMenuVertIcon)</selected>
					<onclick condition="Skin.HasSetting(DisableMenuVertFull)">Skin.ToggleSetting(DisableMenuVertIcon)</onclick>
					<onclick condition="Skin.HasSetting(DisableMenuVertLabel)">Skin.ToggleSetting(DisableMenuVertIcon)</onclick>
					<onclick condition="Skin.HasSetting(DisableMenuHor)">Skin.ToggleSetting(DisableMenuVertIcon)</onclick>
					<onclick condition="Skin.HasSetting(DisableMenuVertLabelOnly)">Skin.ToggleSetting(DisableMenuVertIcon)</onclick>
					<onclick condition="Skin.HasSetting(DisableNetflixHomeSidemenu)">Skin.ToggleSetting(DisableNetflixHomeSidemenu)</onclick>
					<onclick condition="Skin.HasSetting(DisableMenuVertLabelOnly)">Skin.ToggleSetting(DisableMenuVertLabelOnly)</onclick>
					<onclick condition="Skin.HasSetting(DisableMenuVertLabel)">Skin.ToggleSetting(DisableMenuVertLabel)</onclick>
					<onclick condition="Skin.HasSetting(DisableMenuVertFull)">Skin.ToggleSetting(DisableMenuVertFull)</onclick>
					<onclick condition="Skin.HasSetting(DisableMenuHor)">Skin.ToggleSetting(DisableMenuHor)</onclick>
					<onclick condition="Skin.HasSetting(IconOnlyMode)">Skin.ToggleSetting(IconOnlyMode)</onclick>
					<onfocus>SetProperty(Image_Preview,special://skin/extras/backgrounds/viewmodes/menu-vertical-icon.jpg)</onfocus>
					<onclick condition="String.IsEmpty(Window(Home).Property(RunWizard))">ReloadSkin()</onclick>
					<onclick condition="!String.IsEmpty(Window(Home).Property(RunWizard))">Close</onclick>
					<onclick condition="!String.IsEmpty(Window(Home).Property(RunWizard))">ReplaceWindow(1140)</onclick>
				</control>
				<control type="radiobutton" id="90042" description="Enable Vertical Icon wLabel">
					<include>Dialog_Standard_ListButton</include>
					<radioposx>630</radioposx>
					<label> - Disable menu background color</label>
					<visible>!Skin.HasSetting(DisableMenuVertIcon)</visible>
					<selected>Skin.HasSetting(DisableMenuVertLabelBG)</selected>
					<onclick>Skin.ToggleSetting(DisableMenuVertLabelBG)</onclick>
					<onfocus>SetProperty(Image_Preview,special://skin/extras/backgrounds/viewmodes/menu-vertical-icon.jpg)</onfocus>
				</control>
				<control type="radiobutton" id="9002" description="Enable Vertical Full">
					<include>Dialog_Standard_ListButton</include>
					<radioposx>630</radioposx>
					<label>$LOCALIZE[31450]</label>
					<selected>Skin.HasSetting(DisableMenuVertFull)</selected>
					<onclick condition="!Skin.HasSetting(DisableMenuVertIcon)">Skin.ToggleSetting(DisableMenuVertFull)</onclick>
					<onclick condition="Skin.HasSetting(DisableMenuHor)">Skin.ToggleSetting(DisableMenuVertFull)</onclick>
					<onclick condition="Skin.HasSetting(DisableMenuVertLabel)">Skin.ToggleSetting(DisableMenuVertFull)</onclick>
					<onclick condition="Skin.HasSetting(DisableMenuVertLabelOnly)">Skin.ToggleSetting(DisableMenuVertFull)</onclick>
					<onclick condition="Skin.HasSetting(DisableNetflixHomeSidemenu)">Skin.ToggleSetting(DisableNetflixHomeSidemenu)</onclick>
					<onclick condition="Skin.HasSetting(DisableMenuVertLabelOnly)">Skin.ToggleSetting(DisableMenuVertLabelOnly)</onclick>
					<onclick condition="!Skin.HasSetting(DisableMenuVertIcon)">Skin.ToggleSetting(DisableMenuVertIcon)</onclick>
					<onclick condition="Skin.HasSetting(DisableMenuHor)">Skin.ToggleSetting(DisableMenuHor)</onclick>
					<onclick condition="Skin.HasSetting(DisableMenuVertLabel)">Skin.ToggleSetting(DisableMenuVertLabel)</onclick>
					<onclick condition="!Skin.HasSetting(IconOnlyMode)">Skin.ToggleSetting(IconOnlyMode)</onclick>
					<onfocus>SetProperty(Image_Preview,special://skin/extras/backgrounds/viewmodes/menu-vertical-full.jpg)</onfocus>
					<onclick condition="String.IsEmpty(Window(Home).Property(RunWizard))">ReloadSkin()</onclick>
					<onclick condition="!String.IsEmpty(Window(Home).Property(RunWizard))">Close</onclick>
					<onclick condition="!String.IsEmpty(Window(Home).Property(RunWizard))">ReplaceWindow(1140)</onclick>
				</control>
				<control type="radiobutton" id="9003" description="Enable Horizontal Top">
					<include>Dialog_Standard_ListButton</include>
					<radioposx>630</radioposx>
					<label>$LOCALIZE[31451]</label>
					<selected>Skin.HasSetting(DisableMenuHor)</selected>
					<onclick condition="!Skin.HasSetting(DisableMenuVertIcon)">Skin.ToggleSetting(DisableMenuHor)</onclick>
					<onclick condition="Skin.HasSetting(DisableMenuVertFull)">Skin.ToggleSetting(DisableMenuHor)</onclick>
					<onclick condition="Skin.HasSetting(DisableMenuVertLabel)">Skin.ToggleSetting(DisableMenuHor)</onclick>
					<onclick condition="Skin.HasSetting(DisableMenuVertLabelOnly)">Skin.ToggleSetting(DisableMenuHor)</onclick>
					<onclick condition="!Skin.HasSetting(DisableNetflixHomeSidemenu)">Skin.ToggleSetting(DisableNetflixHomeSidemenu)</onclick>
					<onclick condition="Skin.HasSetting(DisableMenuVertLabelOnly)">Skin.ToggleSetting(DisableMenuVertLabelOnly)</onclick>
					<onclick condition="!Skin.HasSetting(DisableMenuVertIcon)">Skin.ToggleSetting(DisableMenuVertIcon)</onclick>
					<onclick condition="Skin.HasSetting(DisableMenuVertFull)">Skin.ToggleSetting(DisableMenuVertFull)</onclick>
					<onclick condition="Skin.HasSetting(DisableMenuVertLabel)">Skin.ToggleSetting(DisableMenuVertLabel)</onclick>
					<onclick condition="!Skin.HasSetting(IconOnlyMode)">Skin.ToggleSetting(IconOnlyMode)</onclick>
					<onclick condition="!Skin.HasSetting(DisableNetflixHomeSidemenuHide)">Skin.ToggleSetting(DisableNetflixHomeSidemenuHide)</onclick>
					<onclick condition="String.IsEmpty(Window(Home).Property(RunWizard))">ReloadSkin()</onclick>
					<onclick condition="!String.IsEmpty(Window(Home).Property(RunWizard))">Close</onclick>
					<onclick condition="!String.IsEmpty(Window(Home).Property(RunWizard))">ReplaceWindow(1140)</onclick>
					<onfocus>SetProperty(Image_Preview,special://skin/extras/backgrounds/viewmodes/menu-horizontal-top.jpg)</onfocus>
				</control>
				<control type="radiobutton" id="9004" description="Enable Vertical Icon wLabel">
					<include>Dialog_Standard_ListButton</include>
					<radioposx>630</radioposx>
					<label>$LOCALIZE[31471]</label>
					<selected>Skin.HasSetting(DisableMenuVertLabel)</selected>
					<onclick condition="Skin.HasSetting(DisableMenuVertFull)">Skin.ToggleSetting(DisableMenuVertLabel)</onclick>
					<onclick condition="Skin.HasSetting(DisableMenuHor)">Skin.ToggleSetting(DisableMenuVertLabel)</onclick>
					<onclick condition="!Skin.HasSetting(DisableMenuVertIcon)">Skin.ToggleSetting(DisableMenuVertLabel)</onclick>
					<onclick condition="Skin.HasSetting(DisableMenuVertLabelOnly)">Skin.ToggleSetting(DisableMenuVertLabel)</onclick>
					<onclick condition="Skin.HasSetting(DisableNetflixHomeSidemenu)">Skin.ToggleSetting(DisableNetflixHomeSidemenu)</onclick>
					<onclick condition="Skin.HasSetting(DisableMenuVertLabelOnly)">Skin.ToggleSetting(DisableMenuVertLabelOnly)</onclick>
					<onclick condition="!Skin.HasSetting(DisableMenuVertIcon)">Skin.ToggleSetting(DisableMenuVertIcon)</onclick>
					<onclick condition="Skin.HasSetting(DisableMenuVertFull)">Skin.ToggleSetting(DisableMenuVertFull)</onclick>
					<onclick condition="Skin.HasSetting(DisableMenuHor)">Skin.ToggleSetting(DisableMenuHor)</onclick>
					<onclick condition="Skin.HasSetting(IconOnlyMode)">Skin.ToggleSetting(IconOnlyMode)</onclick>
					<onfocus>SetProperty(Image_Preview,special://skin/extras/backgrounds/viewmodes/menu-vertical-label.jpg)</onfocus>
					<onclick condition="String.IsEmpty(Window(Home).Property(RunWizard))">ReloadSkin()</onclick>
					<onclick condition="!String.IsEmpty(Window(Home).Property(RunWizard))">Close</onclick>
					<onclick condition="!String.IsEmpty(Window(Home).Property(RunWizard))">ReplaceWindow(1140)</onclick>
				</control>
				<control type="radiobutton" id="90041" description="Enable Vertical Icon wLabel">
					<include>Dialog_Standard_ListButton</include>
					<radioposx>630</radioposx>
					<label> - Disable menu background color</label>
					<visible>Skin.HasSetting(DisableMenuVertLabel)</visible>
					<selected>Skin.HasSetting(DisableMenuVertLabelBG)</selected>
					<onclick>Skin.ToggleSetting(DisableMenuVertLabelBG)</onclick>
					<onfocus>SetProperty(Image_Preview,special://skin/extras/backgrounds/viewmodes/menu-vertical-label.jpg)</onfocus>
				</control>
			</control>
		</control>
	</controls>
</window>
