<?xml version="1.0" encoding="UTF-8"?>
<!-- QuackFX -->
<window type="dialog" id="1161">
	<defaultcontrol always="true">8000</defaultcontrol>
	<controls>
		<control type="image">
			<width>100%</width>
			<height>100%</height>
			<texture colordiffuse="CC000000" background="true">common/white.png</texture>
		</control>
		<control type="group">
			<include content="Dialog_Standard_Group">
				<param name="width" value="820"/>
				<param name="height" value="470"/>
			</include>
			<control type="label">
				<description>Header Label</description>
				<label>[CAPITALIZE]Spotlight Movie Lists[/CAPITALIZE]</label>
				<textcolor>grey</textcolor>
				<shadowcolor>dimgrey</shadowcolor>
				<font>font_heading_small</font>
				<include>Dialog_Standard_Header</include>
			</control>
			<control type="grouplist" id="8000">
				<description>Control Area</description>
				<right>20</right>
				<width>780</width>
				<top>100</top>
				<height>500</height>
				<itemgap>10</itemgap>
				<orientation>vertical</orientation>
				<pagecontrol>60</pagecontrol>
				<usecontrolcoords>true</usecontrolcoords>
				<control type="button" id="8002" description="List 1">
					<include>Dialog_Standard_ListButton</include>
					<label>Movie List 1</label>
					<label2>$INFO[Skin.String(spotlightmovies1.label)]</label2>
					<onclick condition="String.IsEmpty(Skin.String(spotlightmovies1.label))">RunScript(script.skinshortcuts,type=widgets&amp;showNone=true&amp;skinWidgetName=spotlightmovies1.label&amp;skinWidgetTarget=spotlightmovies1.target&amp;skinWidgetPath=spotlightmovies1.path)</onclick>
					<onclick condition="!String.IsEmpty(Skin.String(spotlightmovies1.label))">Skin.Reset(spotlightmovies1.label)</onclick>
					<onclick condition="!String.IsEmpty(Skin.String(spotlightmovies1.path))">Skin.Reset(spotlightmovies1.path)</onclick>
				</control>
				<control type="button" id="8003" description="List 2">
					<include>Dialog_Standard_ListButton</include>
					<label>Movie List 2</label>
					<label2>$INFO[Skin.String(spotlightmovies2.label)]</label2>
					<onclick condition="String.IsEmpty(Skin.String(spotlightmovies2.label))">RunScript(script.skinshortcuts,type=widgets&amp;showNone=true&amp;skinWidgetName=spotlightmovies2.label&amp;skinWidgetTarget=spotlightmovies2.target&amp;skinWidgetPath=spotlightmovies2.path)</onclick>
					<onclick condition="!String.IsEmpty(Skin.String(spotlightmovies2.label))">Skin.Reset(spotlightmovies2.label)</onclick>
					<onclick condition="!String.IsEmpty(Skin.String(spotlightmovies2.path))">Skin.Reset(spotlightmovies2.path)</onclick>
				</control>
				<control type="button" id="8004" description="List 3">
					<include>Dialog_Standard_ListButton</include>
					<label>Movie List 3</label>
					<label2>$INFO[Skin.String(spotlightmovies3.label)]</label2>
					<onclick condition="String.IsEmpty(Skin.String(spotlightmovies3.label))">RunScript(script.skinshortcuts,type=widgets&amp;showNone=true&amp;skinWidgetName=spotlightmovies3.label&amp;skinWidgetTarget=spotlightmovies3.target&amp;skinWidgetPath=spotlightmovies3.path)</onclick>
					<onclick condition="!String.IsEmpty(Skin.String(spotlightmovies3.label))">Skin.Reset(spotlightmovies3.label)</onclick>
					<onclick condition="!String.IsEmpty(Skin.String(spotlightmovies3.path))">Skin.Reset(spotlightmovies3.path)</onclick>
				</control>
				<control type="button" id="8005" description="List 4">
					<include>Dialog_Standard_ListButton</include>
					<label>Movie List 4</label>
					<label2>$INFO[Skin.String(spotlightmovies4.label)]</label2>
					<onclick condition="String.IsEmpty(Skin.String(spotlightmovies4.label))">RunScript(script.skinshortcuts,type=widgets&amp;showNone=true&amp;skinWidgetName=spotlightmovies4.label&amp;skinWidgetTarget=spotlightmovies4.target&amp;skinWidgetPath=spotlightmovies4.path)</onclick>
					<onclick condition="!String.IsEmpty(Skin.String(spotlightmovies4.label))">Skin.Reset(spotlightmovies4.label)</onclick>
					<onclick condition="!String.IsEmpty(Skin.String(spotlightmovies4.path))">Skin.Reset(spotlightmovies4.path)</onclick>
				</control>
			</control>
		</control>
	</controls>
</window>
