<?xml version="1.0" encoding="UTF-8"?>
<!-- QuackFX -->
<window type="dialog" id="1132">
	<defaultcontrol always="true">9000</defaultcontrol>
	<onunload>ClearProperty(TVSpotlightStyle,home)</onunload>
	<onunload>ClearProperty(MovieSpotlightStyle,home)</onunload>
	<!-- <onunload>AlarmClock(reloadskin,ReloadSkin(),00:00,silent,false)</onunload> -->
	<controls>
		<include>Global_Overlay</include>
		<control type="group">
			<include content="Dialog_Standard_Group">
				<param name="width" value="1800"/>
				<param name="height" value="716"/>
			</include>
			<control type="label">
				<description>Header Label</description>
				<label>[CAPITALIZE]Spotlight Style[/CAPITALIZE]</label>
				<include>Dialog_Standard_Header</include>
			</control>
			<!-- Image -->
			<control type="group">
				<left>20</left>
				<width>1060</width>
				<top>100</top>
				<height>600</height>
				<control type="image">
					<aspectratio scalediffuse="false">keep</aspectratio>
					<texture background="true" fallback="special://skin/fanart.jpg" diffuse="diffuse/1117.png">$INFO[Window.Property(Image_Preview)]</texture>
				</control>
				<control type="image">
					<aspectratio scalediffuse="false">center</aspectratio>
					<visible>[Control.HasFocus(9001) + !String.Contains(Control.GetLabel(9001),*)] | [Control.HasFocus(9002) + !String.Contains(Control.GetLabel(9002),*)] | [Control.HasFocus(9003) + !String.Contains(Control.GetLabel(9003),*)] | [Control.HasFocus(9004) + !String.Contains(Control.GetLabel(9004),*)] | [Control.HasFocus(9005) + !String.Contains(Control.GetLabel(9005),*)] | [Control.HasFocus(9006) + !String.Contains(Control.GetLabel(9006),*)] | [Control.HasFocus(9007) + !String.Contains(Control.GetLabel(9007),*)] | [Control.HasFocus(9008) + !String.Contains(Control.GetLabel(9008),*)] | [Control.HasFocus(9009) + !String.Contains(Control.GetLabel(9009),*)] | [Control.HasFocus(9010) + !String.Contains(Control.GetLabel(9010),*)]</visible>
				</control>
			</control>
			<control type="grouplist" id="9000">
				<description>Control Area</description>
				<right>20</right>
				<width>680</width>
				<top>100</top>
				<height>600</height>
				<itemgap>10</itemgap>
				<orientation>vertical</orientation>
				<pagecontrol>60</pagecontrol>
				<visible>!String.IsEmpty(Window(Home).Property(MovieSpotlightStyle))</visible>
				<usecontrolcoords>true</usecontrolcoords>
				<control type="radiobutton" id="9001" description="Enable Fullscreen Spotlight">
					<include>Dialog_Standard_ListButton</include>
					<radioposx>630</radioposx>
					<label>Enable Fullscreen Spotlight</label>
					<selected>Skin.HasSetting(EnableFullSpotlight)</selected>
					<onclick condition="Skin.HasSetting(EnableMultiWidgetSpotlight)">Skin.ToggleSetting(EnableMultiWidgetSpotlight)</onclick>
					<onclick condition="!Skin.HasSetting(EnableWidgetSpotlight)">Skin.ToggleSetting(EnableWidgetSpotlight)</onclick>
					<onclick condition="!Skin.HasSetting(EnableFullSpotlight)">Skin.ToggleSetting(EnableFullSpotlight)</onclick>
					<onfocus>SetProperty(Image_Preview,special://skin/extras/backgrounds/viewmodes/spotlight_full.jpg)</onfocus>
					<onclick>ReloadSkin()</onclick>
				</control>
				<control type="radiobutton" id="9011" description="Disable Spotlight Trailer auto-play">
					<visible>Skin.HasSetting(EnableFullSpotlight)</visible>
					<radioposx>630</radioposx>
					<include>Dialog_Standard_ListButton</include>
					<label> - Disable Spotlight Trailer auto-play</label>
					<selected>Skin.HasSetting(DisableSpotlightAutoplay)</selected>
					<onclick>Skin.ToggleSetting(DisableSpotlightAutoplay)</onclick>
				</control>
				<control type="radiobutton" id="9002" description="Enable Widget Spotlight">
					<include>Dialog_Standard_ListButton</include>
					<radioposx>630</radioposx>
					<label>Enable Widget Spotlight</label>
					<selected>!Skin.HasSetting(EnableWidgetSpotlight)</selected>
					<onclick condition="Skin.HasSetting(EnableMultiWidgetSpotlight)">Skin.ToggleSetting(EnableMultiWidgetSpotlight)</onclick>
					<onclick condition="Skin.HasSetting(EnableFullSpotlight)">Skin.ToggleSetting(EnableFullSpotlight)</onclick>
					<onclick condition="Skin.HasSetting(EnableWidgetSpotlight)">Skin.ToggleSetting(EnableWidgetSpotlight)</onclick>
					<onfocus>SetProperty(Image_Preview,special://skin/extras/backgrounds/viewmodes/spotlight_widget.jpg)</onfocus>
					<onclick>ReloadSkin()</onclick>
				</control>
				<control type="radiobutton" id="9003" description="Enable Widget Spotlight">
					<include>Dialog_Standard_ListButton</include>
					<radioposx>630</radioposx>
					<label>Enable Multi Widget Spotlight</label>
					<selected>Skin.HasSetting(EnableMultiWidgetSpotlight)</selected>
					<onclick condition="Skin.HasSetting(EnableFullSpotlight)">Skin.ToggleSetting(EnableFullSpotlight)</onclick>
					<onclick condition="!Skin.HasSetting(EnableWidgetSpotlight)">Skin.ToggleSetting(EnableWidgetSpotlight)</onclick>
					<onclick condition="!Skin.HasSetting(EnableMultiWidgetSpotlight)">Skin.ToggleSetting(EnableMultiWidgetSpotlight)</onclick>
					<onfocus>SetProperty(Image_Preview,special://skin/extras/backgrounds/viewmodes/spotlight_multiwidget.jpg)</onfocus>
					<onclick>ReloadSkin()</onclick>
				</control>
			</control>
			<control type="grouplist" id="9000">
				<description>Control Area</description>
				<right>20</right>
				<width>680</width>
				<top>100</top>
				<height>600</height>
				<itemgap>10</itemgap>
				<orientation>vertical</orientation>
				<pagecontrol>60</pagecontrol>
				<visible>!String.IsEmpty(Window(Home).Property(TVSpotlightStyle))</visible>
				<usecontrolcoords>true</usecontrolcoords>
				<control type="radiobutton" id="9001" description="Enable Fullscreen Spotlight">
					<include>Dialog_Standard_ListButton</include>
					<radioposx>630</radioposx>
					<label>Enable Fullscreen Spotlight</label>
					<selected>Skin.HasSetting(EnableTVFullSpotlight)</selected>
					<onclick condition="Skin.HasSetting(EnableTVMultiWidgetSpotlight)">Skin.ToggleSetting(EnableTVMultiWidgetSpotlight)</onclick>
					<onclick condition="!Skin.HasSetting(EnableTVWidgetSpotlight)">Skin.ToggleSetting(EnableTVWidgetSpotlight)</onclick>
					<onclick condition="!Skin.HasSetting(EnableTVFullSpotlight)">Skin.ToggleSetting(EnableTVFullSpotlight)</onclick>
					<onfocus>SetProperty(Image_Preview,special://skin/extras/backgrounds/viewmodes/spotlight_full.jpg)</onfocus>
					<onclick>ReloadSkin()</onclick>
				</control>
				<control type="radiobutton" id="9011" description="Disable Spotlight Trailer auto-play">
					<visible>Skin.HasSetting(EnableTVFullSpotlight)</visible>
					<radioposx>630</radioposx>
					<include>Dialog_Standard_ListButton</include>
					<label> - Disable Spotlight Trailer auto-play</label>
					<selected>Skin.HasSetting(DisableSpotlightAutoplay)</selected>
					<onclick>Skin.ToggleSetting(DisableSpotlightAutoplay)</onclick>
				</control>
				<control type="radiobutton" id="9002" description="Enable Widget Spotlight">
					<include>Dialog_Standard_ListButton</include>
					<radioposx>630</radioposx>
					<label>Enable Widget Spotlight</label>
					<selected>!Skin.HasSetting(EnableTVWidgetSpotlight)</selected>
					<onclick condition="Skin.HasSetting(EnableTVMultiWidgetSpotlight)">Skin.ToggleSetting(EnableTVMultiWidgetSpotlight)</onclick>
					<onclick condition="Skin.HasSetting(EnableTVFullSpotlight)">Skin.ToggleSetting(EnableTVFullSpotlight)</onclick>
					<onclick condition="Skin.HasSetting(EnableTVWidgetSpotlight)">Skin.ToggleSetting(EnableTVWidgetSpotlight)</onclick>
					<onfocus>SetProperty(Image_Preview,special://skin/extras/backgrounds/viewmodes/spotlight_widget.jpg)</onfocus>
					<onclick>ReloadSkin()</onclick>
				</control>
				<control type="radiobutton" id="9003" description="Enable Widget Spotlight">
					<include>Dialog_Standard_ListButton</include>
					<radioposx>630</radioposx>
					<label>Enable Multi Widget Spotlight</label>
					<selected>Skin.HasSetting(EnableTVMultiWidgetSpotlight)</selected>
					<onclick condition="Skin.HasSetting(EnableTVFullSpotlight)">Skin.ToggleSetting(EnableTVFullSpotlight)</onclick>
					<onclick condition="!Skin.HasSetting(EnableTVWidgetSpotlight)">Skin.ToggleSetting(EnableTVWidgetSpotlight)</onclick>
					<onclick condition="!Skin.HasSetting(EnableTVMultiWidgetSpotlight)">Skin.ToggleSetting(EnableTVMultiWidgetSpotlight)</onclick>
					<onfocus>SetProperty(Image_Preview,special://skin/extras/backgrounds/viewmodes/spotlight_multiwidget.jpg)</onfocus>
					<onclick>ReloadSkin()</onclick>
				</control>
			</control>
		</control>
	</controls>
</window>
