<?xml version="1.0" encoding="UTF-8"?>
<!-- QuackFX -->
<window type="dialog" id="1117">
	<defaultcontrol always="true">9000</defaultcontrol>
	<!-- <onunload>AlarmClock(reloadskin,ReloadSkin(),00:00,silent,false)</onunload> -->
	<controls>
		<include>Global_Overlay</include>
		<control type="group">
			<include content="Dialog_Standard_Group">
				<param name="width" value="1800"/>
				<param name="height" value="716"/>
			</include>
			<control type="label">
				<description>Header Label</description>
				<label>[CAPITALIZE]$LOCALIZE[31039][/CAPITALIZE]</label>
				<include>Dialog_Standard_Header</include>
			</control>
			<!-- Image -->
			<control type="group">
				<left>20</left>
				<width>1060</width>
				<top>100</top>
				<height>600</height>
				<control type="image">
					<aspectratio scalediffuse="false">keep</aspectratio>
					<texture background="true" fallback="special://skin/fanart.jpg" diffuse="diffuse/1117.png">$INFO[Window.Property(Image_Preview)]</texture>
				</control>
				<control type="image">
					<aspectratio scalediffuse="false">center</aspectratio>
					<texture background="true" diffuse="diffuse/1117.png" colordiffuse="main_fg_30">common/forbidden.png</texture>
					<visible>[Control.HasFocus(9001) + !String.Contains(Control.GetLabel(9001),*)] | [Control.HasFocus(9002) + !String.Contains(Control.GetLabel(9002),*)] | [Control.HasFocus(9003) + !String.Contains(Control.GetLabel(9003),*)] | [Control.HasFocus(9004) + !String.Contains(Control.GetLabel(9004),*)] | [Control.HasFocus(9005) + !String.Contains(Control.GetLabel(9005),*)] | [Control.HasFocus(9006) + !String.Contains(Control.GetLabel(9006),*)] | [Control.HasFocus(9007) + !String.Contains(Control.GetLabel(9007),*)] | [Control.HasFocus(9008) + !String.Contains(Control.GetLabel(9008),*)] | [Control.HasFocus(9009) + !String.Contains(Control.GetLabel(9009),*)] | [Control.HasFocus(9010) + !String.Contains(Control.GetLabel(9010),*)]</visible>
				</control>
			</control>
			<control type="grouplist" id="9000">
				<description>Control Area</description>
				<right>20</right>
				<width>680</width>
				<top>100</top>
				<height>600</height>
				<itemgap>10</itemgap>
				<orientation>vertical</orientation>
				<pagecontrol>60</pagecontrol>
				<usecontrolcoords>true</usecontrolcoords>
				<control type="radiobutton" id="9001" description="Media Info">
					<label>$LOCALIZE[31298]</label>
					<radioposx>630</radioposx>
					<include>Dialog_Standard_ListButton</include>
					<onclick>Skin.ToggleSetting(DisableViewMode.MediaInfo)</onclick>
					<selected>!Skin.HasSetting(DisableViewMode.MediaInfo)</selected>
					<onfocus>SetProperty(Image_Preview,special://skin/extras/backgrounds/viewmodes/mediainfo.jpg)</onfocus>
				</control>
				<control type="radiobutton" id="9002" description="Info List">
					<label>$LOCALIZE[31164]</label>
					<radioposx>630</radioposx>
					<include>Dialog_Standard_ListButton</include>
					<onclick>Skin.ToggleSetting(DisableViewMode.InfoList)</onclick>
					<selected>!Skin.HasSetting(DisableViewMode.InfoList)</selected>
					<onfocus>SetProperty(Image_Preview,special://skin/extras/backgrounds/viewmodes/infolist.jpg)</onfocus>
				</control>
				<control type="radiobutton" id="9003" description="Poster Showcase">
					<label>$LOCALIZE[31040]</label>
					<radioposx>630</radioposx>
					<include>Dialog_Standard_ListButton</include>
					<onclick>Skin.ToggleSetting(DisableViewMode.PosterShowcase)</onclick>
					<selected>!Skin.HasSetting(DisableViewMode.PosterShowcase)</selected>
					<onfocus>SetProperty(Image_Preview,special://skin/extras/backgrounds/viewmodes/postershowcase.jpg)</onfocus>
				</control>
				<control type="radiobutton" id="9004" description="Landscape Showcase">
					<label>$LOCALIZE[31361]</label>
					<radioposx>630</radioposx>
					<include>Dialog_Standard_ListButton</include>
					<onclick>Skin.ToggleSetting(DisableViewMode.LandscapeShowcase)</onclick>
					<selected>!Skin.HasSetting(DisableViewMode.LandscapeShowcase)</selected>
					<onfocus>SetProperty(Image_Preview,special://skin/extras/backgrounds/viewmodes/landscapeshowcase.jpg)</onfocus>
				</control>
				<control type="radiobutton" id="9005" description="Square Showcase">
					<label>$LOCALIZE[31362]</label>
					<radioposx>630</radioposx>
					<include>Dialog_Standard_ListButton</include>
					<onclick>Skin.ToggleSetting(DisableViewMode.SquareShowcase)</onclick>
					<selected>!Skin.HasSetting(DisableViewMode.SquareShowcase)</selected>
					<onfocus>SetProperty(Image_Preview,special://skin/extras/backgrounds/viewmodes/squareshowcase.jpg)</onfocus>
				</control>
				<control type="radiobutton" id="9006" description="Poster Wall">
					<label>$LOCALIZE[31358]</label>
					<radioposx>630</radioposx>
					<include>Dialog_Standard_ListButton</include>
					<onclick>Skin.ToggleSetting(DisableViewMode.PosterWall)</onclick>
					<selected>!Skin.HasSetting(DisableViewMode.PosterWall)</selected>
					<onfocus>SetProperty(Image_Preview,special://skin/extras/backgrounds/viewmodes/posterwall.jpg)</onfocus>
				</control>
				<control type="radiobutton" id="9007" description="Landscape Wall">
					<label>$LOCALIZE[31359]</label>
					<radioposx>630</radioposx>
					<include>Dialog_Standard_ListButton</include>
					<onclick>Skin.ToggleSetting(DisableViewMode.LandscapeWall)</onclick>
					<selected>!Skin.HasSetting(DisableViewMode.LandscapeWall)</selected>
					<onfocus>SetProperty(Image_Preview,special://skin/extras/backgrounds/viewmodes/landscapewall.jpg)</onfocus>
				</control>
				<control type="radiobutton" id="9008" description="Banner Wall">
					<label>$LOCALIZE[31370]</label>
					<radioposx>630</radioposx>
					<include>Dialog_Standard_ListButton</include>
					<onclick>Skin.ToggleSetting(DisableViewMode.BannerWall)</onclick>
					<selected>!Skin.HasSetting(DisableViewMode.BannerWall)</selected>
					<onfocus>SetProperty(Image_Preview,special://skin/extras/backgrounds/viewmodes/bannerwall.jpg)</onfocus>
				</control>
				<control type="radiobutton" id="9009" description="Big Posters">
					<label>$LOCALIZE[31363]</label>
					<radioposx>630</radioposx>
					<include>Dialog_Standard_ListButton</include>
					<onclick>Skin.ToggleSetting(DisableViewMode.BigPosters)</onclick>
					<selected>!Skin.HasSetting(DisableViewMode.BigPosters)</selected>
					<onfocus>SetProperty(Image_Preview,special://skin/extras/backgrounds/viewmodes/bigposter.jpg)</onfocus>
				</control>
				<control type="radiobutton" id="9010" description="Lovefilm">
					<label>$LOCALIZE[31231]</label>
					<radioposx>630</radioposx>
					<include>Dialog_Standard_ListButton</include>
					<onclick>Skin.ToggleSetting(DisableViewMode.Lovefilm)</onclick>
					<selected>!Skin.HasSetting(DisableViewMode.Lovefilm)</selected>
					<onfocus>SetProperty(Image_Preview,special://skin/extras/backgrounds/viewmodes/lovefilm.jpg)</onfocus>
				</control>
				<control type="radiobutton" id="9011" description="EpisodeList">
					<label>$LOCALIZE[31385]</label>
					<radioposx>630</radioposx>
					<include>Dialog_Standard_ListButton</include>
					<onclick>Skin.ToggleSetting(DisableViewMode.EpisodeList)</onclick>
					<selected>!Skin.HasSetting(DisableViewMode.EpisodeList)</selected>
					<onfocus>SetProperty(Image_Preview,special://skin/extras/backgrounds/viewmodes/episodelist.jpg)</onfocus>
				</control>
			</control>
		</control>
	</controls>
</window>
