<?xml version="1.0" encoding="UTF-8"?>
<!-- QuackFX -->
<window type="dialog" id="1118">
	<defaultcontrol always="true">9000</defaultcontrol>
	<controls>
		<include>Global_Overlay</include>
		<control type="group">
			<include content="Dialog_Standard_Group">
				<param name="width" value="820"/>
				<param name="height" value="1000"/>
			</include>
			<control type="label">
				<description>Header Label</description>
				<label>[CAPITALIZE]$LOCALIZE[31312][/CAPITALIZE]</label>
				<include>Dialog_Standard_Header</include>
			</control>
			<control type="grouplist" id="9000">
				<description>Control Area</description>
				<right>20</right>
				<width>780</width>
				<top>100</top>
				<height>900</height>
				<itemgap>10</itemgap>
				<orientation>vertical</orientation>
				<pagecontrol>60</pagecontrol>
				<usecontrolcoords>true</usecontrolcoords>
				<control type="radiobutton" id="9001">
					<label>Oscars</label>
					<radioposx>730</radioposx>
					<include>Dialog_Standard_ListButton</include>
					<onclick>Skin.ToggleSetting(Ratings.Oscars)</onclick>
					<selected>!Skin.HasSetting(Ratings.Oscars)</selected>
				</control>
				<control type="radiobutton" id="9002">
					<label>Metacritic</label>
					<radioposx>730</radioposx>
					<include>Dialog_Standard_ListButton</include>
					<onclick>Skin.ToggleSetting(Ratings.Metacritic)</onclick>
					<selected>!Skin.HasSetting(Ratings.Metacritic)</selected>
				</control>
				<control type="radiobutton" id="9003">
					<label>RottenTomatoes</label>
					<radioposx>730</radioposx>
					<include>Dialog_Standard_ListButton</include>
					<onclick>Skin.ToggleSetting(Ratings.RottenTomatoes)</onclick>
					<selected>!Skin.HasSetting(Ratings.RottenTomatoes)</selected>
				</control>
				<control type="radiobutton" id="9004">
					<label>TheMovieDB</label>
					<radioposx>730</radioposx>
					<include>Dialog_Standard_ListButton</include>
					<onclick>Skin.ToggleSetting(Ratings.TheMovieDB)</onclick>
					<selected>!Skin.HasSetting(Ratings.TheMovieDB)</selected>
				</control>
				<control type="radiobutton" id="9005">
					<label>TVDB</label>
					<radioposx>730</radioposx>
					<include>Dialog_Standard_ListButton</include>
					<onclick>Skin.ToggleSetting(Ratings.TVDB)</onclick>
					<selected>!Skin.HasSetting(Ratings.TVDB)</selected>
				</control>
				<control type="radiobutton" id="9006">
					<label>IMDB</label>
					<radioposx>730</radioposx>
					<include>Dialog_Standard_ListButton</include>
					<onclick>Skin.ToggleSetting(Ratings.IMDB)</onclick>
					<selected>!Skin.HasSetting(Ratings.IMDB)</selected>
				</control>
				<control type="radiobutton" id="90061">
					<label>IMDB250</label>
					<radioposx>730</radioposx>
					<include>Dialog_Standard_ListButton</include>
					<onclick>Skin.ToggleSetting(Ratings.IMDB250)</onclick>
					<selected>!Skin.HasSetting(Ratings.IMDB250)</selected>
				</control>
				<control type="radiobutton" id="9007">
					<label>$LOCALIZE[205]</label>
					<radioposx>730</radioposx>
					<include>Dialog_Standard_ListButton</include>
					<onclick>Skin.ToggleSetting(Ratings.IMDBVotes)</onclick>
					<selected>Skin.HasSetting(Ratings.IMDBVotes)</selected>
				</control>
				<control type="radiobutton" id="90072">
					<label>Star</label>
					<radioposx>730</radioposx>
					<include>Dialog_Standard_ListButton</include>
					<onclick>Skin.ToggleSetting(Ratings.Star)</onclick>
					<selected>!Skin.HasSetting(Ratings.Star)</selected>
				</control>
				<control type="radiobutton" id="90071">
					<label>Trakt Rating</label>
					<radioposx>730</radioposx>
					<include>Dialog_Standard_ListButton</include>
					<onclick>Skin.ToggleSetting(Ratings.Trakt)</onclick>
					<selected>!Skin.HasSetting(Ratings.Trakt)</selected>
				</control>
				<control type="radiobutton" id="90073">
					<label>Trakt Votes</label>
					<radioposx>730</radioposx>
					<include>Dialog_Standard_ListButton</include>
					<onclick>Skin.ToggleSetting(Ratings.TraktVotes)</onclick>
					<selected>!Skin.HasSetting(Ratings.TraktVotes</selected>
				</control>
				<control type="radiobutton" id="9009">
					<label>$LOCALIZE[33067]</label>
					<radioposx>730</radioposx>
					<include>Dialog_Standard_ListButton</include>
					<enable>!Skin.HasSetting(DisableLiked)</enable>
					<selected>!Skin.HasSetting(DisableStarRating)</selected>
					<onclick>Skin.ToggleSetting(DisableStarRating)</onclick>
					<onclick condition="Skin.HasSetting(DisableLiked)">Skin.ToggleSetting(DisableLiked)</onclick>
				</control>
				<control type="radiobutton" id="9010">
					<label>Liked Percent</label>
					<radioposx>730</radioposx>
					<include>Dialog_Standard_ListButton</include>
					<selected>Skin.HasSetting(DisableLiked)</selected>
					<enable>Skin.HasSetting(DisableStarRating)</enable>
					<onclick>Skin.ToggleSetting(DisableLiked)</onclick>
					<onclick condition="Skin.HasSetting(DisableStarRating)Skin.HasSetting(DisableStarRating)">Skin.ToggleSetting(DisableStarRating)</onclick>
				</control>
			</control>
		</control>
	</controls>
</window>
