<?xml version="1.0" encoding="UTF-8"?>
<window type="window" id="2115">
	<defaultcontrol>505</defaultcontrol>
	<onunload>ClearProperty(SkinHelper.WidgetContainer,Home)</onunload>
	<controls>
		<include condition="!Skin.HasSetting(EnableQuackFXMy1)" content="menuhub_window">
			<param name="skinshortcut" value="x1105"/>
		</include>
		<include condition="Skin.HasSetting(EnableQuackFXMy1)" content="menuhub_quackfx">
			<param name="skinshortcut" value="x1105"/>
		</include>
	</controls>
</window>
