<?xml version="1.0" encoding="UTF-8"?>
<window type="window" id="4010">
	<onunload>ClearProperty(SkinHelper.WidgetContainer,Home)</onunload>
	<defaultcontrol>505</defaultcontrol>
	<controls>
		<include>Animation_Right</include>
		<include>object_menuhub_includes</include>
		<include condition="Skin.HasSetting(DisableSubMenuVert)">Home_MovieHubMenu_Layout</include>
		<control type="label">
			<left>110</left>
			<top>40</top>
			<label>Genres</label>
			<height>40</height>
			<width>350</width>
			<align>left</align>
			<aligny>top</aligny>
			<textcolor>white</textcolor>
			<font>font_heading_small</font>
			<visible>Control.HasFocus(505) | Control.HasFocus(401)</visible>
		</control>
		<control type="list" id="505">
			<animation effect="slide" start="-400,0" end="0,0" time="400">Visible</animation>
			<visible allowhiddenfocus="true">!Control.HasFocus(401)</visible>
			<include>Animation_Right</include>
			<animation effect="slide" end="-500,0" time="500" delay="100" condition="ControlGroup(5055).HasFocus">Conditional</animation>
			<onright>5055</onright>
			<height>900</height>
			<top>140</top>
			<left>80</left>
			<onleft condition="Skin.HasSetting(DisableSubMenuVert)">SetFocus(401)</onleft>
			<onback>Skin.Reset(TVHubMenuFocus)</onback>
			<onback>Skin.Reset(CatMove)</onback>
			<onback>ActivateWindow(Home)</onback>
			<viewtype label="$LOCALIZE[31469]">icon</viewtype>
			<scrolltime tween="sine" easing="out">500</scrolltime>
			<itemgap>10</itemgap>
			<itemlayout width="400" height="75">
				<control type="group">
					<control type="label">
						<left>30</left>
						<label>$INFO[ListItem.Label]</label>
						<align>left</align>
						<font>font_small</font>
						<textcolor>dimgrey</textcolor>
					</control>
				</control>
			</itemlayout>
			<focusedlayout width="400" height="85">
				<control type="group">
					<control type="group">
						<height>70</height>
						<width>400</width>
						<left>10</left>
					</control>
					<control type="label">
						<left>30</left>
						<label>$INFO[ListItem.Label]</label>
						<align>left</align>
						<font>font_large_bold</font>
						<textcolor>white</textcolor>
					</control>
				</control>
			</focusedlayout>
			<content>
				<include>skinshortcuts-group-x1108</include>
			</content>
		</control>
		<control type="grouplist" id="5055">
			<include>Animation_Right</include>
			<animation effect="slide" end="-480,0" time="500" delay="100" condition="ControlGroup(5055).HasFocus">Conditional</animation>
			<left>480</left>
			<posy>620</posy>
			<width>100%</width>
			<onleft>505</onleft>
			<onback>505</onback>
			<orientation>vertical</orientation>
			<include>skinshortcuts-template-x1108</include>
		</control>
	</controls>
</window>
