<?xml version="1.0" encoding="UTF-8"?>
<!-- QuackFX -->
<window type="dialog" id="1160">
	<defaultcontrol always="true">8000</defaultcontrol>
	<controls>
		<control type="image">
			<width>100%</width>
			<height>100%</height>
			<texture colordiffuse="CC000000" background="true">common/white.png</texture>
		</control>
		<control type="group">
			<include content="Dialog_Standard_Group">
				<param name="width" value="820"/>
				<param name="height" value="570"/>
			</include>
			<control type="label">
				<description>Header Label</description>
				<label>[CAPITALIZE]Spotlight TV Lists[/CAPITALIZE]</label>
				<textcolor>grey</textcolor>
				<shadowcolor>dimgrey</shadowcolor>
				<font>font_heading_small</font>
				<include>Dialog_Standard_Header</include>
			</control>
			<control type="grouplist" id="8000">
				<description>Control Area</description>
				<right>20</right>
				<width>780</width>
				<top>100</top>
				<height>500</height>
				<itemgap>10</itemgap>
				<orientation>vertical</orientation>
				<pagecontrol>60</pagecontrol>
				<usecontrolcoords>true</usecontrolcoords>
				<control type="button" id="8002" description="List 1">
					<include>Dialog_Standard_ListButton</include>
					<label>TV List 1</label>
					<label2>$INFO[Skin.String(spotlighttv1.label)]</label2>
					<onclick condition="String.IsEmpty(Skin.String(spotlighttv1.label))">RunScript(script.skinshortcuts,type=widgets&amp;showNone=true&amp;skinWidgetName=spotlighttv1.label&amp;skinWidgetTarget=spotlighttv1.target&amp;skinWidgetPath=spotlighttv1.path)</onclick>
					<onclick condition="!String.IsEmpty(Skin.String(spotlighttv1.label))">Skin.Reset(spotlighttv1.label)</onclick>
					<onclick condition="!String.IsEmpty(Skin.String(spotlighttv1.path))">Skin.Reset(spotlighttv1.path)</onclick>
				</control>
				<control type="button" id="8003" description="List 2">
					<include>Dialog_Standard_ListButton</include>
					<label>TV List 2</label>
					<label2>$INFO[Skin.String(spotlighttv2.label)]</label2>
					<onclick condition="String.IsEmpty(Skin.String(spotlighttv2.label))">RunScript(script.skinshortcuts,type=widgets&amp;showNone=true&amp;skinWidgetName=spotlighttv2.label&amp;skinWidgetTarget=spotlighttv2.target&amp;skinWidgetPath=spotlighttv2.path)</onclick>
					<onclick condition="!String.IsEmpty(Skin.String(spotlighttv2.label))">Skin.Reset(spotlighttv2.label)</onclick>
					<onclick condition="!String.IsEmpty(Skin.String(spotlighttv2.path))">Skin.Reset(spotlighttv2.path)</onclick>
				</control>
				<control type="button" id="8004" description="List 3">
					<include>Dialog_Standard_ListButton</include>
					<label>TV List 3</label>
					<label2>$INFO[Skin.String(spotlighttv3.label)]</label2>
					<onclick condition="String.IsEmpty(Skin.String(spotlighttv3.label))">RunScript(script.skinshortcuts,type=widgets&amp;showNone=true&amp;skinWidgetName=spotlighttv3.label&amp;skinWidgetTarget=spotlighttv3.target&amp;skinWidgetPath=spotlighttv3.path)</onclick>
					<onclick condition="!String.IsEmpty(Skin.String(spotlighttv3.label))">Skin.Reset(spotlighttv3.label)</onclick>
					<onclick condition="!String.IsEmpty(Skin.String(spotlighttv3.path))">Skin.Reset(spotlighttv3.path)</onclick>
				</control>
				<control type="button" id="8005" description="List 4">
					<include>Dialog_Standard_ListButton</include>
					<label>TV List 4</label>
					<label2>$INFO[Skin.String(spotlighttv4.label)]</label2>
					<onclick condition="String.IsEmpty(Skin.String(spotlighttv4.label))">RunScript(script.skinshortcuts,type=widgets&amp;showNone=true&amp;skinWidgetName=spotlighttv4.label&amp;skinWidgetTarget=spotlighttv4.target&amp;skinWidgetPath=spotlighttv4.path)</onclick>
					<onclick condition="!String.IsEmpty(Skin.String(spotlighttv4.label))">Skin.Reset(spotlighttv4.label)</onclick>
					<onclick condition="!String.IsEmpty(Skin.String(spotlighttv4.path))">Skin.Reset(spotlighttv4.path)</onclick>
				</control>
			</control>
		</control>
	</controls>
</window>
