<?xml version="1.0" encoding="UTF-8"?>
<!-- QuackFX -->
<window type="dialog" id="1116">
	<onload>SetProperty(Fanart,$INFO[Window(Home).Property(LatestMovie.1.Fanart)])</onload>
	<defaultcontrol always="true">9000</defaultcontrol>
	<controls>
		<include>Global_Overlay</include>
		<control type="multiimage" id="7975">
			<left>-2160</left>
			<width>1</width>
			<height>1</height>
			<timeperimage>10000</timeperimage>
			<randomize>true</randomize>
			<fadetime>600</fadetime>
			<imagepath background="true" fallback="special://skin/fanart.jpg">$INFO[Window.Property(Fanart)]</imagepath>
		</control>
		<control type="group">
			<include content="Dialog_Standard_Group">
				<param name="width" value="1800"/>
				<param name="height" value="716"/>
			</include>
			<control type="label">
				<description>Header Label</description>
				<label>$LOCALIZE[31329]</label>
				<include>Dialog_Standard_Header</include>
			</control>
			<!-- Filter Image -->
			<control type="group">
				<visible>!String.IsEqual(Window(home).Property(Daemon_FIVE_ImageUpdating),0)</visible>
				<left>20</left>
				<width>1060</width>
				<top>100</top>
				<height>596</height>
				<control type="image">
					<texture background="true">$INFO[Window(home).Property(ImageFilterFIVE)]</texture>
				</control>
			</control>
			<!-- Filter Image Updating -->
			<control type="group">
				<visible>String.IsEqual(Window(home).Property(Daemon_FIVE_ImageUpdating),0)</visible>
				<left>20</left>
				<width>1060</width>
				<top>100</top>
				<height>596</height>
				<control type="image">
					<texture background="true" colordiffuse="ff333333" fallback="special://skin/fanart.jpg">$INFO[Window.Property(Fanart)]</texture>
				</control>
				<include>Defs_BusySpinner</include>
			</control>
			<control type="grouplist" id="9000">
				<description>Control Area</description>
				<right>20</right>
				<width>680</width>
				<top>100</top>
				<height>596</height>
				<itemgap>10</itemgap>
				<orientation>vertical</orientation>
				<pagecontrol>60</pagecontrol>
				<usecontrolcoords>true</usecontrolcoords>
				<control type="button" id="9001">
					<label>$LOCALIZE[31309]</label>
					<label2>$INFO[Skin.String(colorbox_effect)]</label2>
					<onclick condition="!String.IsEqual(Skin.String(colorbox_blend),100)">Skin.SetString(colorbox_blend,100)</onclick>
					<onclick condition="String.IsEmpty(Skin.String(colorbox_effect))">Skin.SetString(colorbox_effect,blur)</onclick>
					<onclick condition="String.IsEqual(Skin.String(colorbox_effect),blur)">Skin.SetString(colorbox_quality,1)</onclick>
					<onclick condition="String.IsEqual(Skin.String(colorbox_effect),blur)">Skin.SetString(colorbox_effect,pixelate)</onclick>
					<onclick condition="String.IsEqual(Skin.String(colorbox_effect),pixelate)">Skin.SetString(colorbox_quality,1)</onclick>
					<onclick condition="String.IsEqual(Skin.String(colorbox_effect),pixelate)">Skin.SetString(colorbox_effect,desaturate)</onclick>
					<onclick condition="String.IsEqual(Skin.String(colorbox_effect),desaturate)">Skin.SetString(colorbox_quality,8)</onclick>
					<onclick condition="String.IsEqual(Skin.String(colorbox_effect),desaturate)">Skin.SetString(colorbox_effect,pixeledges)</onclick>
					<onclick condition="String.IsEqual(Skin.String(colorbox_effect),pixeledges)">Skin.SetString(colorbox_quality,1)</onclick>
					<onclick condition="String.IsEqual(Skin.String(colorbox_effect),pixeledges)">Skin.SetString(colorbox_effect,twotone)</onclick>
					<onclick condition="String.IsEqual(Skin.String(colorbox_effect),twotone)">Skin.SetString(colorbox_quality,8)</onclick>
					<onclick condition="String.IsEqual(Skin.String(colorbox_effect),twotone)">Skin.SetString(colorbox_effect,halftone)</onclick>
					<onclick condition="String.IsEqual(Skin.String(colorbox_effect),halftone)">Skin.SetString(colorbox_quality,8)</onclick>
					<onclick condition="String.IsEqual(Skin.String(colorbox_effect),halftone)">Skin.SetString(colorbox_effect,dither)</onclick>
					<onclick condition="String.IsEqual(Skin.String(colorbox_effect),dither)">Skin.SetString(colorbox_quality,1)</onclick>
					<onclick condition="String.IsEqual(Skin.String(colorbox_effect),dither)">Skin.SetString(colorbox_effect,posterize)</onclick>
					<onclick condition="String.IsEqual(Skin.String(colorbox_effect),posterize)">Skin.SetString(colorbox_quality,8)</onclick>
					<onclick condition="String.IsEqual(Skin.String(colorbox_effect),posterize)">Skin.SetString(colorbox_effect,distort)</onclick>
					<onclick condition="String.IsEqual(Skin.String(colorbox_effect),distort)">Skin.SetString(colorbox_quality,1)</onclick>
					<onclick condition="String.IsEqual(Skin.String(colorbox_effect),distort)">Skin.SetString(colorbox_effect,dataglitch)</onclick>
					<onclick condition="String.IsEqual(Skin.String(colorbox_effect),dataglitch)">Skin.SetString(colorbox_quality,8)</onclick>
					<onclick condition="String.IsEqual(Skin.String(colorbox_effect),dataglitch)">Skin.SetString(colorbox_effect,blur)</onclick>
					<onclick>Skin.SetString(colorbox_blend,100)</onclick>
					<onclick>Skin.SetString(colorbox_blursize,5)</onclick>
					<onclick>Skin.SetString(colorbox_bitsize,1)</onclick>
					<onclick>Skin.SetString(colorbox_pixelsize,12)</onclick>
					<onclick>SetProperty(FIVE_daemon_set,$INFO[Skin.String(colorbox_effect)],home)</onclick>
					<include>Defs_UpdateColorbox_Onclick</include>
					<include>Dialog_Standard_ListButton</include>
				</control>
				<control type="button" id="9003">
					<label>$LOCALIZE[31326]</label>
					<label2>$INFO[Skin.String(colorbox_blursize)]</label2>
					<onclick>Skin.SetNumeric(colorbox_blursize)</onclick>
					<include>Defs_UpdateColorbox_Onclick</include>
					<include>Dialog_Standard_ListButton</include>
					<visible>String.IsEqual(Skin.String(colorbox_effect),blur)</visible>
				</control>
				<control type="button" id="9004">
					<label>$LOCALIZE[31325]</label>
					<label2>$INFO[Skin.String(colorbox_pixelsize)]</label2>
					<onclick>Skin.SetNumeric(colorbox_pixelsize)</onclick>
					<include>Defs_UpdateColorbox_Onclick</include>
					<include>Dialog_Standard_ListButton</include>
					<visible>String.IsEqual(Skin.String(colorbox_effect),pixelate)</visible>
				</control>
				<control type="button" id="9005">
					<label>$LOCALIZE[31324]</label>
					<label2>$INFO[Skin.String(colorbox_bitsize)]</label2>
					<onclick condition="Integer.IsGreater(Skin.String(colorbox_bitsize),3)">Skin.SetString(colorbox_bitsize,1)</onclick>
					<onclick condition="Integer.IsEqual(Skin.String(colorbox_bitsize),1)">Skin.SetString(colorbox_bitsize,2)</onclick>
					<onclick condition="Integer.IsEqual(Skin.String(colorbox_bitsize),2)">Skin.SetString(colorbox_bitsize,3)</onclick>
					<onclick condition="Integer.IsEqual(Skin.String(colorbox_bitsize),3)">Skin.SetString(colorbox_bitsize,4)</onclick>
					<include>Defs_UpdateColorbox_Onclick</include>
					<include>Dialog_Standard_ListButton</include>
					<visible>String.IsEqual(Skin.String(colorbox_effect),posterize)</visible>
				</control>
				<control type="button" id="9097">
					<label>$LOCALIZE[31327] (1 = $LOCALIZE[31328])</label>
					<label2>$INFO[Skin.String(colorbox_quality)]</label2>
					<onclick condition="Integer.IsGreater(Skin.String(colorbox_quality),7)">Skin.SetString(colorbox_quality,1)</onclick>
					<onclick condition="Integer.IsEqual(Skin.String(colorbox_quality),1)">Skin.SetString(colorbox_quality,2)</onclick>
					<onclick condition="Integer.IsEqual(Skin.String(colorbox_quality),2)">Skin.SetString(colorbox_quality,3)</onclick>
					<onclick condition="Integer.IsEqual(Skin.String(colorbox_quality),3)">Skin.SetString(colorbox_quality,4)</onclick>
					<onclick condition="Integer.IsEqual(Skin.String(colorbox_quality),4)">Skin.SetString(colorbox_quality,5)</onclick>
					<onclick condition="Integer.IsEqual(Skin.String(colorbox_quality),5)">Skin.SetString(colorbox_quality,6)</onclick>
					<onclick condition="Integer.IsEqual(Skin.String(colorbox_quality),6)">Skin.SetString(colorbox_quality,7)</onclick>
					<onclick condition="Integer.IsEqual(Skin.String(colorbox_quality),7)">Skin.SetString(colorbox_quality,8)</onclick>
					<include>Defs_UpdateColorbox_Onclick</include>
					<include>Dialog_Standard_ListButton</include>
				</control>
				<control type="button" id="9098">
					<label>$LOCALIZE[31323] (0-100%)</label>
					<label2>$INFO[Skin.String(colorbox_blend)]</label2>
					<onclick>Skin.SetNumeric(colorbox_blend)</onclick>
					<include>Defs_UpdateColorbox_Onclick</include>
					<include>Dialog_Standard_ListButton</include>
				</control>
				<control type="group" id="9099">
					<height>66</height>
					<width>100%</width>
					<control type="button" id="9199">
						<onup>9098</onup>
						<ondown>9001</ondown>
						<onright>9299</onright>
						<width>335</width>
						<label>$LOCALIZE[31321]</label>
						<onclick condition="String.IsEqual(Skin.String(colorbox_effect),twotone) | String.IsEqual(Skin.String(colorbox_effect),posterize) | String.IsEqual(Skin.String(colorbox_effect),desaturate) | String.IsEqual(Skin.String(colorbox_effect),dataglitch) | String.IsEqual(Skin.String(colorbox_effect),pixelate)">Skin.SetString(colorbox_quality,1)</onclick>
						<onclick condition="![String.IsEqual(Skin.String(colorbox_effect),twotone) | String.IsEqual(Skin.String(colorbox_effect),posterize) | String.IsEqual(Skin.String(colorbox_effect),desaturate) | String.IsEqual(Skin.String(colorbox_effect),dataglitch) | String.IsEqual(Skin.String(colorbox_effect),pixelate)]">Skin.SetString(colorbox_quality,8)</onclick>
						<onclick>Skin.SetString(colorbox_blend,100)</onclick>
						<onclick>Skin.SetString(colorbox_blursize,5)</onclick>
						<onclick>Skin.SetString(colorbox_bitsize,1)</onclick>
						<onclick>Skin.SetString(colorbox_pixelsize,12)</onclick>
						<include>Defs_UpdateColorbox_Onclick</include>
						<include>Dialog_Standard_ListButton</include>
					</control>
					<control type="button" id="9299">
						<onup>9098</onup>
						<ondown>9001</ondown>
						<onleft>9199</onleft>
						<right>0</right>
						<width>335</width>
						<label>$LOCALIZE[31332]</label>
						<onclick condition="String.IsEqual(Window.Property(Fanart),Window(Home).Property(LatestMovie.1.Fanart))">SetProperty(Fanart,$INFO[Window(Home).Property(LatestMovie.2.Fanart)])</onclick>
						<onclick condition="String.IsEqual(Window.Property(Fanart),Window(Home).Property(LatestMovie.2.Fanart))">SetProperty(Fanart,$INFO[Window(Home).Property(LatestMovie.3.Fanart)])</onclick>
						<onclick condition="String.IsEqual(Window.Property(Fanart),Window(Home).Property(LatestMovie.3.Fanart))">SetProperty(Fanart,$INFO[Window(Home).Property(LatestMovie.4.Fanart)])</onclick>
						<onclick condition="String.IsEqual(Window.Property(Fanart),Window(Home).Property(LatestMovie.4.Fanart))">SetProperty(Fanart,$INFO[Window(Home).Property(LatestMovie.1.Fanart)])</onclick>
						<include>Dialog_Standard_ListButton</include>
					</control>
				</control>
			</control>
			<control type="grouplist">
				<description>Control Area</description>
				<right>20</right>
				<width>680</width>
				<top>100</top>
				<height>581</height>
				<itemgap>10</itemgap>
				<orientation>vertical</orientation>
				<pagecontrol>60</pagecontrol>
				<onleft>8000</onleft>
				<onright>8000</onright>
				<onup>8000</onup>
				<ondown>8000</ondown>
				<align>bottom</align>
				<usecontrolcoords>true</usecontrolcoords>
				<control type="textbox">
					<left>15</left>
					<right>15</right>
					<height>auto</height>
					<textcolor>dialog_fg_70</textcolor>
					<font>font_tiny</font>
					<label>[B]$LOCALIZE[31320][/B][CR]$LOCALIZE[31322]</label>
				</control>
			</control>
		</control>
	</controls>
</window>