<?xml version="1.0" encoding="UTF-8"?>
<!-- QuackFX -->
<includes>
	<default type="label">
		<aligny>center</aligny>
		<font>font_small</font>
		<textcolor>dialog_fg_70</textcolor>
		<focusedcolor>dialog_fg_70</focusedcolor>
		<selectedcolor>Highlight2</selectedcolor>
		<disabledcolor>dialog_fg_30</disabledcolor>
	</default>
	<default type="edit">
		<align>center</align>
		<aligny>center</aligny>
		<font>font_small</font>
		<textoffsetx>30</textoffsetx>
		<textcolor>dialog_fg_70</textcolor>
		<focusedcolor>Selected</focusedcolor>
		<selectedcolor>Highlight2</selectedcolor>
		<disabledcolor>dialog_fg_12</disabledcolor>
		<texturefocus colordiffuse="dialog_bg_30">common/white.png</texturefocus>
		<texturenofocus/>
		<pulseonselect>false</pulseonselect>
	</default>
	<default type="fadelabel">
		<align>left</align>
		<aligny>center</aligny>
		<font>font_small</font>
		<textcolor>dialog_fg_70</textcolor>
		<focusedcolor>Selected</focusedcolor>
		<selectedcolor>Highlight2</selectedcolor>
		<disabledcolor>dialog_fg_12</disabledcolor>
		<scrollout>false</scrollout>
		<pauseatend>2000</pauseatend>
	</default>
	<default type="image">
    </default>
	<default type="button">
		<align>center</align>
		<aligny>center</aligny>
		<font>font_small</font>
		<textoffsetx>30</textoffsetx>
		<textcolor>dialog_fg_70</textcolor>
		<focusedcolor>Selected</focusedcolor>
		<disabledcolor>dialog_fg_30</disabledcolor>
		<selectedcolor>Highlight2</selectedcolor>
		<texturefocus colordiffuse="dialog_bg_12">common/white.png</texturefocus>
		<texturenofocus/>
		<pulseonselect>false</pulseonselect>
	</default>
	<default type="togglebutton">
		<align>center</align>
		<aligny>center</aligny>
		<font>font_small</font>
		<textoffsetx>30</textoffsetx>
		<textcolor>dialog_fg_70</textcolor>
		<focusedcolor>Selected</focusedcolor>
		<selectedcolor>Highlight2</selectedcolor>
		<disabledcolor>dialog_fg_30</disabledcolor>
		<texturefocus colordiffuse="dialog_bg_12">common/white.png</texturefocus>
		<texturenofocus/>
		<alttexturefocus colordiffuse="dialog_bg_12">common/white.png</alttexturefocus>
		<alttexturenofocus/>
		<pulseonselect>false</pulseonselect>
	</default>
	<default type="radiobutton">
		<align>center</align>
		<aligny>center</aligny>
		<font>font_small</font>
		<radioposx>1250</radioposx>
		<radiowidth>32</radiowidth>
		<radioheight>32</radioheight>
		<textoffsetx>30</textoffsetx>
		<textcolor>dialog_fg_70</textcolor>
		<focusedcolor>Selected</focusedcolor>
		<disabledcolor>dialog_fg_12</disabledcolor>
		<selectedcolor>Highlight2</selectedcolor>
		<texturefocus colordiffuse="dialog_bg_12">common/white.png</texturefocus>
		<texturenofocus/>
		<textureradiofocus colordiffuse="dialog_fg_70">buttons/radio-on.png</textureradiofocus>
		<textureradionofocus colordiffuse="dialog_fg_30">buttons/radio-off.png</textureradionofocus>
		<textureradioondisabled colordiffuse="dialog_fg_12">buttons/radio-on.png</textureradioondisabled>
		<textureradiooffdisabled colordiffuse="dialog_fg_12">buttons/radio-off.png</textureradiooffdisabled>
		<textoffsetx>30</textoffsetx>
		<pulseonselect>false</pulseonselect>
	</default>
	<default type="spincontrolex">
		<font>font_small</font>
		<spinwidth>32</spinwidth>
		<spinheight>32</spinheight>
		<textcolor>dialog_fg_70</textcolor>
		<focusedcolor>Selected</focusedcolor>
		<disabledcolor>dialog_fg_12</disabledcolor>
		<selectedcolor>Highlight2</selectedcolor>
		<texturefocus colordiffuse="dialog_bg_12">common/white.png</texturefocus>
		<texturenofocus/>
		<textureup flipy="true" colordiffuse="dialog_fg_30">buttons/spin-down.png</textureup>
		<texturedown colordiffuse="dialog_fg_30">buttons/spin-down.png</texturedown>
		<textureupfocus flipy="true" colordiffuse="Selected">buttons/spin-down.png</textureupfocus>
		<texturedownfocus colordiffuse="Selected">buttons/spin-down.png</texturedownfocus>
		<textureupdisabled flipy="true" colordiffuse="dialog_fg_12">buttons/spin-down.png</textureupdisabled>
		<texturedowndisabled colordiffuse="dialog_fg_12">buttons/spin-down.png</texturedowndisabled>
		<textoffsetx>30</textoffsetx>
		<align>left</align>
		<aligny>center</aligny>
		<reverse>yes</reverse>
		<pulseonselect>false</pulseonselect>
	</default>
	<default type="spincontrol">
		<font>font_small</font>
		<spinwidth>32</spinwidth>
		<spinheight>32</spinheight>
		<textcolor>dialog_fg_70</textcolor>
		<focusedcolor>Selected</focusedcolor>
		<disabledcolor>dialog_fg_12</disabledcolor>
		<selectedcolor>Highlight2</selectedcolor>
		<texturefocus colordiffuse="dialog_bg_12">common/white.png</texturefocus>
		<texturenofocus/>
		<textureup flipy="true" colordiffuse="dialog_fg_30">buttons/spin-down.png</textureup>
		<texturedown colordiffuse="dialog_fg_30">buttons/spin-down.png</texturedown>
		<textureupfocus flipy="true" colordiffuse="Selected">buttons/spin-down.png</textureupfocus>
		<texturedownfocus colordiffuse="Selected">buttons/spin-down.png</texturedownfocus>
		<textureupdisabled flipy="true" colordiffuse="dialog_fg_12">buttons/spin-down.png</textureupdisabled>
		<texturedowndisabled colordiffuse="dialog_fg_12">buttons/spin-down.png</texturedowndisabled>
		<textoffsetx>30</textoffsetx>
		<align>left</align>
		<aligny>center</aligny>
		<reverse>yes</reverse>
		<pulseonselect>false</pulseonselect>
	</default>
	<default type="progress">
		<texturebg colordiffuse="2f5f5f5f" border="4">diffuse/progress-bg.png</texturebg>
		<lefttexture colordiffuse="$VAR[ColorHighlight]" border="4">diffuse/progress-left.png</lefttexture>
		<midtexture colordiffuse="$VAR[ColorHighlight]" border="4">diffuse/progress-end.png</midtexture>
		<righttexture colordiffuse="$VAR[ColorHighlight]" border="4">diffuse/progress-right.png</righttexture>
		<overlaytexture/>
	</default>
	<default type="slider">
		<width>360</width>
		<height>23</height>
		<orientation>horizontal</orientation>
		<texturefocus/>
		<texturenofocus/>
		<pulseonselect>false</pulseonselect>
		<texturesliderbar colordiffuse="dialog_fg_70">other_textures/OSD/slider_bg_2.png</texturesliderbar>
		<textureslidernib border="2">other_textures/OSD/SliderNibNF.png</textureslidernib>
		<textureslidernibfocus border="2">other_textures/OSD/SliderNibFO.png</textureslidernibfocus>
	</default>
	<default type="sliderex">
		<orientation>horizontal</orientation>
		<selectedcolor>Highlight2</selectedcolor>
		<sliderwidth>230</sliderwidth>
		<sliderheight>23</sliderheight>
		<pulseonselect>false</pulseonselect>
		<texturesliderbar colordiffuse="dialog_fg_70">other_textures/OSD/slider_bg.png</texturesliderbar>
		<textureslidernib border="2">other_textures/OSD/SliderNibNF.png</textureslidernib>
		<textureslidernibfocus border="2">other_textures/OSD/SliderNibFO.png</textureslidernibfocus>
		<font>font_small</font>
		<aligny>center</aligny>
		<textcolor>dialog_fg_70</textcolor>
		<focusedcolor>Selected</focusedcolor>
		<disabledcolor>dialog_fg_12</disabledcolor>
		<textoffsetx>30</textoffsetx>
		<textoffsety>0</textoffsety>
	</default>
	<default type="scrollbar">
		<width>8</width>
		<texturesliderbackground colordiffuse="dialog_bg_12">common/white.png</texturesliderbackground>
		<texturesliderbar colordiffuse="dialog_bg_30">common/white.png</texturesliderbar>
		<texturesliderbarfocus colordiffuse="$VAR[ColorHighlight]">common/white.png</texturesliderbarfocus>
		<textureslidernib/>
		<textureslidernibfocus/>
		<showonepage>false</showonepage>
		<orientation>vertical</orientation>
	</default>
	<default type="textbox">
		<font>font_small</font>
		<textcolor>dialog_fg_70</textcolor>
		<shadowcolor/>
		<selectedcolor>Highlight2</selectedcolor>
		<pagecontrol>61</pagecontrol>
		<autoscroll delay="6000" time="3000" repeat="10000"/>
	</default>
	<expression name="Exp_Info_Visible">[Window.IsVisible(DialogVideoInfo.xml) | Window.IsVisible(DialogMusicInfo.xml) | Window.IsVisible(DialogAddonInfo.xml)]</expression>
	<expression name="Exp_IsPluginAdvancedLauncher">String.StartsWith(Container.FolderPath,plugin://plugin.program.advanced.launcher/) | String.StartsWith(Container.FolderPath,plugin://plugin.program.advanced.emulator.launcher/) | String.StartsWith(Container.FolderPath,plugin://plugin.program.advanced.MAME.launcher/)</expression>
	<expression name="Exp_HideFurniture">[Control.HasFocus(9601) | [Player.HasVideo + !String.IsEmpty(Window(Home).Property(TrailerPlaying))] | [System.IdleTime(4) + Skin.HasSetting(AutoPlotOverlay) + [Window.IsVisible(MyVideoNav.xml) | Window.IsVisible(MyMusicNav.xml) | Window.IsVisible(Home)] + ![Window.IsVisible(DialogVideoInfo.xml) | Window.IsVisible(DialogMusicInfo.xml) | Window.IsVisible(DialogAddonInfo.xml)]]]</expression>
	<expression name="Exp_PlotOverlay">[Control.HasFocus(9601) | [System.IdleTime(4) + Skin.HasSetting(AutoPlotOverlay) + [Window.IsVisible(MyVideoNav.xml) | Window.IsVisible(MyMusicNav.xml) | Window.IsVisible(Home)] + ![Window.IsVisible(DialogVideoInfo.xml) | Window.IsVisible(DialogMusicInfo.xml) | Window.IsVisible(DialogAddonInfo.xml)]]]</expression>
</includes>
