<?xml version="1.0" encoding="UTF-8"?>
<window>
	<defaultcontrol always="true">10</defaultcontrol>
	<controls>
		<include>Global_Overlay</include>
		<control type="group">
			<centerleft>50%</centerleft>
			<width>1800</width>
			<top>83</top>
			<height>915</height>
			<include>Animation_FadeIn_Slide</include>
			<control type="image">
				<left>-30</left>
				<top>-30</top>
				<width>1860</width>
				<height>975</height>
				<texture border="16" colordiffuse="dialog_bg_100">common/rounded-shadow8.png</texture>
			</control>
			<control type="label">
				<description>Header Label</description>
				<left>15</left>
				<top>-15</top>
				<align>center</align>
				<font>font_medium_bold</font>
				<width>1770</width>
				<label>35058</label>
			</control>
			<control type="grouplist" id="3">
				<left>20</left>
				<width>380</width>
				<top>20</top>
				<height>668</height>
				<onright>5</onright>
				<onleft>8000</onleft>
				<ondown>8000</ondown>
				<itemgap>20</itemgap>
			</control>
			<control type="gamecontroller" id="31">
				<centerleft>50%</centerleft>
				<top>120</top>
				<width>740</width>
				<height>450</height>
			</control>
			<control type="grouplist" id="5">
				<width>380</width>
				<right>20</right>
				<top>20</top>
				<height>668</height>
				<onleft>3</onleft>
				<onright>8000</onright>
				<ondown>8000</ondown>
				<itemgap>20</itemgap>
			</control>
			<control type="grouplist" id="8000">
				<left>0</left>
				<right>0</right>
				<align>center</align>
				<height>66</height>
				<bottom>20</bottom>
				<itemgap>20</itemgap>
				<orientation>horizontal</orientation>
				<onup>5</onup>
				<onleft>3</onleft>
				<onright>5</onright>
				<control type="button" id="17">
					<align>center</align>
					<width>380</width>
					<label>10043</label>
					<texturefocus colordiffuse="$VAR[ColorHighlight]" border="5">common/box.png</texturefocus>
					<texturenofocus colordiffuse="dialog_fg_12" border="5">common/box.png</texturenofocus>
					<include>Dialog_Standard_Right_Buttons</include>
				</control>
				<control type="button" id="18">
					<align>center</align>
					<width>380</width>
					<label>186</label>
					<texturefocus colordiffuse="$VAR[ColorHighlight]" border="5">common/box.png</texturefocus>
					<texturenofocus colordiffuse="dialog_fg_12" border="5">common/box.png</texturenofocus>
					<include>Dialog_Standard_Right_Buttons</include>
				</control>
				<control type="button" id="19">
					<align>center</align>
					<width>380</width>
					<label>10035</label>
					<texturefocus colordiffuse="$VAR[ColorHighlight]" border="5">common/box.png</texturefocus>
					<texturenofocus colordiffuse="dialog_fg_12" border="5">common/box.png</texturenofocus>
					<include>Dialog_Standard_Right_Buttons</include>
				</control>
				<control type="button" id="20">
					<align>center</align>
					<width>380</width>
					<label>21452</label>
					<texturefocus colordiffuse="$VAR[ColorHighlight]" border="5">common/box.png</texturefocus>
					<texturenofocus colordiffuse="dialog_fg_12" border="5">common/box.png</texturenofocus>
					<include>Dialog_Standard_Right_Buttons</include>
				</control>
			</control>
		</control>
		<control type="button" id="7">
			<align>center</align>
			<width>380</width>
			<texturefocus colordiffuse="$VAR[ColorHighlight]" border="5">common/box.png</texturefocus>
			<texturenofocus colordiffuse="dialog_fg_12" border="5">common/box.png</texturenofocus>
			<include>Dialog_Standard_Right_Buttons</include>
		</control>
		<control type="button" id="10">
			<align>center</align>
			<width>380</width>
			<texturefocus colordiffuse="$VAR[ColorHighlight]" border="5">common/box.png</texturefocus>
			<texturenofocus colordiffuse="dialog_fg_12" border="5">common/box.png</texturenofocus>
			<include>Dialog_Standard_Right_Buttons</include>
		</control>
	</controls>
</window>
