<?xml version="1.0" encoding="UTF-8"?>
<!-- QuackFX -->
<window id="115">
	<defaultcontrol always="true">901</defaultcontrol>
	<zorder>0</zorder>
	<visible>!Player.HasGame + [VideoPlayer.IsFullscreen | Window.IsVisible(MusicVisualisation.xml)] + [Window.IsVisible(videoosd) | Window.IsVisible(musicosd) | Player.Caching | Player.ShowInfo | Player.Seeking | Player.DisplayAfterSeek | Player.Paused | Player.Forwarding | Player.Rewinding | !String.IsEmpty(Player.SeekNumeric) | Window.IsActive(DialogFullScreenInfo.xml) | Window.IsVisible(DialogPlayerProcessInfo.xml) | !String.IsEmpty(Window(Home).Property(OSDInfo)) | [!Skin.HasSetting(DisableMusicVideoAutoInfo) + Window.IsVisible(VideoFullScreen.xml) + VideoPlayer.Content(musicvideos)]]</visible>
	<animation effect="fade" start="0" end="100" time="300">WindowOpen</animation>
	<animation effect="fade" end="0" start="100" time="300">WindowClose</animation>
	<animation effect="fade" start="0" end="100" time="300">VisibleChange</animation>
	<controls>
		<control type="group">
			<visible>!Integer.IsEqual(Player.CacheLevel,100)</visible>
			<visible>!Player.Seeking + !Player.DisplayAfterSeek</visible>
			<visible>Player.Caching</visible>
			<include>Global_Overlay</include>
			<control type="group">
				<height>170</height>
				<width>720</width>
				<centerleft>50%</centerleft>
				<centertop>50%</centertop>
				<control type="image">
					<description>Busy animation</description>
					<centerleft>50%</centerleft>
					<top>0</top>
					<width>100</width>
					<height>100</height>
					<texture>dialog/loading-back-dl.png</texture>
					<aspectratio>keep</aspectratio>
				</control>
				<control type="image">
					<centerleft>50%</centerleft>
					<top>0</top>
					<width>100</width>
					<height>100</height>
					<texture colordiffuse="$VAR[ColorHighlight2]">$INFO[Player.CacheLevel,progress/circle/p,.png]</texture>
					<aspectratio align="center">keep</aspectratio>
				</control>
				<control type="image">
					<centerleft>50%</centerleft>
					<top>0</top>
					<width>100</width>
					<height>100</height>
					<texture colordiffuse="$VAR[ColorHighlight]">$INFO[Player.CacheLevel,progress/circle/p,.png]</texture>
					<aspectratio align="center">keep</aspectratio>
					<include content="Defs_Progress_Colorfade">
						<param name="id" value="6655"/>
					</include>
				</control>
				<control type="label" id="6655">
					<description>Busy label</description>
					<centerleft>50%</centerleft>
					<bottom>0</bottom>
					<width>720</width>
					<height>100</height>
					<aligny>center</aligny>
					<align>center</align>
					<label>$LOCALIZE[439] $INFO[Player.CacheLevel,, %]</label>
					<textcolor>ffededed</textcolor>
				</control>
			</control>
		</control>
		<include condition="!Skin.HasSetting(DisableMiniOSDChannels) + VideoPlayer.Content(livetv)">FullScreenInfoBarLiveTV</include>
		<include condition="[Skin.HasSetting(DisableMiniOSDChannels) | [!Skin.HasSetting(DisableMiniOSDChannels) + !VideoPlayer.Content(livetv)]] + Window.IsVisible(VideoFullScreen.xml)">OSD_Video_Seekbar</include>
		<include condition="Window.IsVisible(VideoFullScreen.xml)" content="OSD_Music_Info">
			<param name="player" value="VideoPlayer"/>
			<param name="rating" value="VideoPlayer.Rating"/>
			<param name="artwork" value="VideoPlayer.Cover"/>
		</include>
	</controls>
</window>
