<?xml version="1.0" encoding="UTF-8"?>
<window>
	<defaultcontrol always="true">9000</defaultcontrol>
	<controls>
		<control type="group">
			<include>Animation_FadeIn</include>
			<include>Animation_FadeOut</include>
			<top>0</top>
			<width>1920</width>
			<height>420</height>
			<control type="button" id="9000">
				<visible allowhiddenfocus="true">false</visible>
				<onclick>Close</onclick>
				<onleft>Close</onleft>
				<onright>Close</onright>
				<onup>Close</onup>
				<ondown>Close</ondown>
			</control>
			<!-- Background -->
			<control type="image">
				<texture colordiffuse="panel_bg">common/white.png</texture>
			</control>
			<control type="grouplist">
				<left>view_pad</left>
				<top>view_pad</top>
				<visible>VideoPlayer.Content(livetv)</visible>
				<control type="label">
					<width>1200</width>
					<height>50</height>
					<aligny>bottom</aligny>
					<label>$INFO[PVR.ActStreamServiceName,[COLOR Selected]$LOCALIZE[19099]:[/COLOR] ]</label>
					<font>font_statusbar</font>
					<textcolor>panel_fg_70</textcolor>
				</control>
				<control type="label">
					<width>1200</width>
					<height>50</height>
					<aligny>bottom</aligny>
					<label>$INFO[PVR.ActStreamProviderName,[COLOR Selected]$LOCALIZE[19101]:[/COLOR] ]</label>
					<font>font_statusbar</font>
					<textcolor>panel_fg_70</textcolor>
				</control>
				<control type="label">
					<width>1200</width>
					<height>50</height>
					<aligny>bottom</aligny>
					<label>$INFO[PVR.ActStreamClient,[COLOR Selected]$LOCALIZE[19012]:[/COLOR] ]</label>
					<font>font_statusbar</font>
					<textcolor>panel_fg_70</textcolor>
				</control>
				<control type="label">
					<width>1200</width>
					<height>50</height>
					<aligny>bottom</aligny>
					<label>$INFO[PVR.ActStreamDevice,[COLOR Selected]$LOCALIZE[19006]:[/COLOR] ]</label>
					<font>font_statusbar</font>
					<textcolor>panel_fg_70</textcolor>
				</control>
				<control type="label">
					<width>1200</width>
					<height>50</height>
					<aligny>bottom</aligny>
					<label>$INFO[PVR.ActStreamStatus,[COLOR Selected]$LOCALIZE[19007]:[/COLOR] ]</label>
					<font>font_statusbar</font>
					<textcolor>panel_fg_70</textcolor>
				</control>
				<control type="label">
					<width>1200</width>
					<height>50</height>
					<aligny>bottom</aligny>
					<label>$INFO[PVR.ActStreamEncryptionName,[COLOR Selected]$LOCALIZE[19015]:[/COLOR] ]</label>
					<font>font_statusbar</font>
					<textcolor>panel_fg_70</textcolor>
				</control>
			</control>
			<control type="grouplist">
				<left>1250</left>
				<top>view_pad</top>
				<visible>VideoPlayer.Content(livetv)</visible>
				<usecontrolcoords>true</usecontrolcoords>
				<control type="label">
					<width>600</width>
					<height>50</height>
					<aligny>bottom</aligny>
					<label>$INFO[PVR.ActStreamBer,[COLOR Selected]$LOCALIZE[19010]:[/COLOR] ]</label>
					<font>font_statusbar</font>
					<textcolor>panel_fg_70</textcolor>
				</control>
				<control type="label">
					<width>600</width>
					<height>50</height>
					<aligny>bottom</aligny>
					<label>$INFO[PVR.ActStreamUnc,[COLOR Selected]$LOCALIZE[19011]:[/COLOR] ]</label>
					<font>font_statusbar</font>
					<textcolor>panel_fg_70</textcolor>
				</control>
				<control type="label">
					<width>600</width>
					<height>50</height>
					<aligny>bottom</aligny>
					<label>$INFO[PVR.ActStreamMux,[COLOR Selected]$LOCALIZE[19100]:[/COLOR] ]</label>
					<font>font_statusbar</font>
					<textcolor>panel_fg_70</textcolor>
				</control>
				<control type="label">
					<width>600</width>
					<height>40</height>
					<aligny>bottom</aligny>
					<label>$INFO[PVR.ActStreamSignal,[COLOR Selected]$LOCALIZE[19008]:[/COLOR] ]</label>
					<font>font_statusbar</font>
					<textcolor>panel_fg_70</textcolor>
				</control>
				<control type="progress">
					<top>0</top>
					<width>600</width>
					<height>10</height>
					<info>PVR.ActStreamProgrSignal</info>
				</control>
				<control type="label">
					<top>24</top>
					<width>1600</width>
					<height>40</height>
					<aligny>bottom</aligny>
					<label>$INFO[PVR.ActStreamSNR,[COLOR Selected]$LOCALIZE[19009]:[/COLOR] ]</label>
					<font>font_statusbar</font>
					<textcolor>panel_fg_70</textcolor>
				</control>
				<control type="progress">
					<top>0</top>
					<width>600</width>
					<height>10</height>
					<info>PVR.ActStreamProgrSNR</info>
				</control>
			</control>
			<control type="grouplist">
				<left>view_pad</left>
				<top>view_pad</top>
				<visible>!VideoPlayer.Content(livetv)</visible>
				<control type="label">
					<width>1600</width>
					<height>50</height>
					<aligny>bottom</aligny>
					<label>$INFO[Player.Process(videodecoder),[COLOR Selected]$LOCALIZE[31279]:[/COLOR] ]$VAR[Label_VideoHWDecoder, (,)]</label>
					<font>font_statusbar</font>
					<textcolor>panel_fg_70</textcolor>
					<visible>Player.HasVideo</visible>
				</control>
				<control type="label">
					<width>1600</width>
					<height>50</height>
					<aligny>bottom</aligny>
					<label>$INFO[Player.Process(pixformat),[COLOR Selected]$LOCALIZE[31280]:[/COLOR] ]</label>
					<font>font_statusbar</font>
					<textcolor>panel_fg_70</textcolor>
					<visible>Player.HasVideo</visible>
				</control>
				<control type="label">
					<width>1600</width>
					<height>50</height>
					<aligny>bottom</aligny>
					<label>$INFO[Player.Process(deintmethod),[COLOR Selected]$LOCALIZE[16038]:[/COLOR] ]</label>
					<font>font_statusbar</font>
					<textcolor>panel_fg_70</textcolor>
					<visible>Player.HasVideo</visible>
				</control>
				<control type="label">
					<width>1600</width>
					<height>50</height>
					<aligny>bottom</aligny>
					<label>$INFO[Player.Process(videowidth),[COLOR Selected]$LOCALIZE[38031]:[/COLOR] ,x]$INFO[Player.Process(videoheight),, px]$INFO[Player.Process(videodar),$COMMA , AR]$INFO[Player.Process(videofps),$COMMA , FPS]</label>
					<font>font_statusbar</font>
					<textcolor>panel_fg_70</textcolor>
					<visible>Player.HasVideo</visible>
				</control>
				<control type="label">
					<width>1600</width>
					<height>50</height>
					<aligny>bottom</aligny>
					<label>[COLOR Selected]$LOCALIZE[460]:[/COLOR] $INFO[Player.Process(audiochannels),,$COMMA ]$INFO[Player.Process(audiodecoder)]$INFO[Player.Process(audiobitspersample),$COMMA , bits]$INFO[Player.Process(audiosamplerate),$COMMA , Hz]</label>
					<font>font_statusbar</font>
					<textcolor>panel_fg_70</textcolor>
				</control>
				<control type="label">
					<width>1600</width>
					<height>50</height>
					<aligny>bottom</aligny>
					<label>$INFO[System.CpuUsage,[COLOR Selected]$LOCALIZE[13271][/COLOR] ,       ]$INFO[System.Memory(used.percent),[COLOR Selected]RAM:[/COLOR] ,]</label>
					<font>font_statusbar</font>
					<textcolor>panel_fg_70</textcolor>
				</control>
			</control>
		</control>
	</controls>
</window>