<?xml version="1.0" encoding="UTF-8"?>
<!-- QuackFX -->
<window id="129">
	<defaultcontrol always="true">10</defaultcontrol>
	<controls>
		<include>Global_Overlay</include>
		<control type="group">
			<include>Dialog_Standard_Group</include>
			<control type="label" id="2">
				<include>Dialog_Standard_Header</include>
				<label>1026</label>
			</control>
			<control type="list" id="10">
				<onup>9001</onup>
				<onleft>9000</onleft>
				<onright>9000</onright>
				<ondown>12</ondown>
				<top>120</top>
				<height>483</height>
				<include>Dialog_Standard_List_Left</include>
				<itemlayout height="69" width="1080">
					<control type="label">
						<left>30</left>
						<right>30</right>
						<font>font_small_bold</font>
						<textcolor>dialog_fg_70</textcolor>
						<height>66</height>
						<aligny>center</aligny>
						<info>ListItem.Label</info>
					</control>
					<control type="label">
						<left>30</left>
						<right>30</right>
						<textcolor>dialog_fg_70</textcolor>
						<align>right</align>
						<height>66</height>
						<aligny>center</aligny>
						<info>ListItem.Label2</info>
					</control>
				</itemlayout>
				<focusedlayout height="69" width="1080">
					<control type="image">
						<left>0</left>
						<right>0</right>
						<height>66</height>
						<texture border="5" colordiffuse="$VAR[ColorHighlight]">common/white.png</texture>
						<animation effect="fade" start="100" end="50" condition="!Control.HasFocus(10)">Conditional</animation>
					</control>
					<control type="label">
						<left>30</left>
						<right>30</right>
						<height>66</height>
						<font>font_small_bold</font>
						<aligny>center</aligny>
						<textcolor>Selected</textcolor>
						<info>ListItem.Label</info>
					</control>
					<control type="label">
						<left>30</left>
						<right>30</right>
						<align>right</align>
						<height>66</height>
						<aligny>center</aligny>
						<textcolor>Selected</textcolor>
						<info>ListItem.Label2</info>
					</control>
				</focusedlayout>
			</control>
			<control type="grouplist" id="9000">
				<onleft>10</onleft>
				<onright>10</onright>
				<ondown>12</ondown>
				<onup>9001</onup>
				<include>Dialog_Standard_Right_Grouplist</include>
				<control type="button" id="11">
					<description>Browse</description>
					<label>1024</label>
					<include>Dialog_Standard_Right_Buttons</include>
				</control>
				<control type="button" id="13">
					<description>Add</description>
					<label>15019</label>
					<include>Dialog_Standard_Right_Buttons</include>
				</control>
				<control type="button" id="14">
					<description>remove</description>
					<label>1210</label>
					<include>Dialog_Standard_Right_Buttons</include>
				</control>
			</control>
			<control type="label" id="0">
				<description>Name Label</description>
				<left>38</left>
				<top>610</top>
				<width>990</width>
				<label>1022</label>
				<height>66</height>
			</control>
			<control type="edit" id="12">
				<description>Name</description>
				<left>38</left>
				<top>672</top>
				<label/>
				<width>1004</width>
				<align>left</align>
				<textoffsetx>30</textoffsetx>
				<onup>10</onup>
				<onleft>12</onleft>
				<onright>18</onright>
				<ondown>9001</ondown>
				<texturenofocus colordiffuse="dialog_fg_12" border="5">common/box.png</texturenofocus>
				<include>Dialog_Standard_Right_Buttons</include>
			</control>
			<control type="group" id="9001">
				<control type="button" id="18">
					<description>Ok</description>
					<centerleft>30%</centerleft>
					<top>780</top>
					<width>330</width>
					<label>186</label>
					<onup>12</onup>
					<ondown>10</ondown>
					<onleft>19</onleft>
					<onright>19</onright>
					<texturefocus colordiffuse="$VAR[ColorHighlight]" border="5">common/box.png</texturefocus>
					<texturenofocus colordiffuse="dialog_fg_12" border="5">common/box.png</texturenofocus>
					<include>Dialog_Standard_Right_Buttons</include>
				</control>
				<control type="button" id="19">
					<description>Cancel</description>
					<centerright>30%</centerright>
					<top>780</top>
					<width>330</width>
					<label>222</label>
					<onup>12</onup>
					<ondown>10</ondown>
					<onleft>18</onleft>
					<onright>18</onright>
					<texturefocus colordiffuse="$VAR[ColorHighlight]" border="5">common/box.png</texturefocus>
					<texturenofocus colordiffuse="dialog_fg_12" border="5">common/box.png</texturenofocus>
					<include>Dialog_Standard_Right_Buttons</include>
				</control>
			</control>
			<!-- Separator -->
			<control type="image">
				<left>699</left>
				<top>120</top>
				<height>483</height>
				<width>1</width>
				<texture colordiffuse="dialog_fg_12">common/white.png</texture>
			</control>
		</control>
	</controls>
</window>
