<?xml version="1.0" encoding="UTF-8"?>
<!-- QuackFX -->
<window type="dialog" id="134">
	<defaultcontrol always="true">450</defaultcontrol>
	<controls>
		<include>Global_Overlay</include>
		<control type="group">
			<width>1540</width>
			<height>890</height>
			<include>Dialog_Standard_Group</include>
			<!-- Header -->
			<control type="label" id="1">
				<include>Dialog_Standard_Header</include>
				<label>1036</label>
			</control>
			<control type="panel" id="450">
				<top>90</top>
				<left>20</left>
				<right>20</right>
				<bottom>20</bottom>
				<orientation>vertical</orientation>
				<itemlayout height="390" width="300">
					<control type="group">
						<left>10</left>
						<right>10</right>
						<top>10</top>
						<control type="group">
							<bottom>100</bottom>
							<control type="image">
								<bordersize>10</bordersize>
								<texture colordiffuse="dialog_fg_12" border="10">common/box.png</texture>
							</control>
							<control type="image">
								<bordersize>10</bordersize>
								<aspectratio scalediffuse="false">keep</aspectratio>
								<texture fallback="DefaultAddon.png" diffuse="diffuse/square.png">$INFO[ListItem.Icon]</texture>
							</control>
						</control>
						<control type="textbox">
							<left>20</left>
							<right>20</right>
							<bottom>25</bottom>
							<height>68</height>
							<align>center</align>
							<font>font_tiny</font>
							<label>$INFO[ListItem.Label]$INFO[ListItem.Label2, ,]</label>
						</control>
					</control>
				</itemlayout>
				<focusedlayout height="390" width="300">
					<control type="group">
						<left>10</left>
						<right>10</right>
						<top>10</top>
						<include>Animation_FocusBounce_Small</include>
						<control type="group">
							<bottom>100</bottom>
							<control type="image">
								<bordersize>10</bordersize>
								<texture colordiffuse="dialog_fg_12" border="10">common/box.png</texture>
							</control>
							<control type="image">
								<bordersize>10</bordersize>
								<aspectratio scalediffuse="false">keep</aspectratio>
								<texture fallback="DefaultAddon.png" diffuse="diffuse/square.png">$INFO[ListItem.Icon]</texture>
							</control>
							<include>View_Selectbox</include>
						</control>
						<control type="textbox">
							<left>20</left>
							<right>20</right>
							<bottom>25</bottom>
							<height>68</height>
							<align>center</align>
							<font>font_tiny</font>
							<label>$INFO[ListItem.Label]$INFO[ListItem.Label2, ,]</label>
						</control>
					</control>
				</focusedlayout>
			</control>
		</control>
	</controls>
</window>
