<?xml version="1.0" encoding="UTF-8"?>
<window id="605">
	<defaultcontrol always="true">20</defaultcontrol>
	<onunload>ClearProperty(Focus)</onunload>
	<controls>
		<include>Global_Overlay</include>
		<control type="group">
			<include content="Dialog_Standard_Group">
				<param name="width" value="1720"/>
				<param name="height" value="880"/>
			</include>
			<control type="label">
				<include>Dialog_Standard_Header</include>
				<label>$LOCALIZE[19199] • $LOCALIZE[19023]</label>
			</control>
			<control type="group" id="8000">
				<posx>30</posx>
				<top>100</top>
				<width>1230</width>
				<control type="list" id="20">
					<posx>0</posx>
					<posy>0</posy>
					<width>600</width>
					<height>756</height>
					<onup>20</onup>
					<ondown>20</ondown>
					<onleft>8003</onleft>
					<onright>8002</onright>
					<pagecontrol>60</pagecontrol>
					<scrolltime>0</scrolltime>
					<visible>!Window.IsActive(contextmenu)</visible>
					<itemlayout height="84" width="600">
						<control type="group">
							<bottom>10</bottom>
							<control type="image">
								<texture colordiffuse="dialog_fg_12" border="12">common/box.png</texture>
							</control>
							<control type="image">
								<left>10</left>
								<top>10</top>
								<bottom>10</bottom>
								<aspectratio align="left">keep</aspectratio>
								<texture background="true">$INFO[ListItem.Icon]</texture>
							</control>
							<control type="label">
								<left>80</left>
								<right>30</right>
								<label>$INFO[ListItem.Property(Number),(,) ]$INFO[ListItem.Property(Name)]</label>
							</control>
						</control>
					</itemlayout>
					<focusedlayout height="84" width="600">
						<control type="group">
							<visible>!Control.HasFocus(20)</visible>
							<bottom>10</bottom>
							<control type="image">
								<texture colordiffuse="dialog_fg_70" border="12">common/box.png</texture>
							</control>
							<control type="image">
								<left>10</left>
								<top>10</top>
								<bottom>10</bottom>
								<aspectratio align="left">keep</aspectratio>
								<texture background="true">$INFO[ListItem.Icon]</texture>
							</control>
							<control type="label">
								<left>80</left>
								<right>30</right>
								<textcolor>Selected</textcolor>
								<label>$INFO[ListItem.Property(Number),(,) ]$INFO[ListItem.Property(Name)]</label>
							</control>
						</control>
						<control type="group">
							<bottom>10</bottom>
							<visible>Control.HasFocus(20)</visible>
							<control type="image">
								<texture colordiffuse="$VAR[ColorHighlight]" border="12">common/box.png</texture>
							</control>
							<control type="image">
								<left>10</left>
								<top>10</top>
								<bottom>10</bottom>
								<aspectratio align="left">keep</aspectratio>
								<texture background="true">$INFO[ListItem.Icon]</texture>
							</control>
							<control type="label">
								<left>80</left>
								<right>30</right>
								<textcolor>Selected</textcolor>
								<label>$INFO[ListItem.Property(Number),(,) ]$INFO[ListItem.Property(Name)]</label>
							</control>
						</control>
					</focusedlayout>
				</control>
				<control type="grouplist" id="8002">
					<right>0</right>
					<posy>0</posy>
					<width>600</width>
					<height>756</height>
					<onleft>20</onleft>
					<onright>8003</onright>
					<orientation>vertical</orientation>
					<itemgap>10</itemgap>
					<usecontrolcoords>true</usecontrolcoords>
					<control type="radiobutton" id="7">
						<description>Channel activated</description>
						<width>600</width>
						<height>74</height>
						<align>left</align>
						<include>Dialog_Standard_OkCancel</include>
						<label>19074</label>
						<radioposx>550</radioposx>
					</control>
					<control type="edit" id="8">
						<description>Channel name</description>
						<width>600</width>
						<height>74</height>
						<align>left</align>
						<include>Dialog_Standard_OkCancel</include>
						<label>19201</label>
					</control>
					<control type="button" id="9">
						<description>Channel logo Button</description>
						<width>600</width>
						<height>74</height>
						<align>left</align>
						<include>Dialog_Standard_OkCancel</include>
						<label>19202</label>
					</control>
					<control type="radiobutton" id="12">
						<description>EPG activated</description>
						<width>600</width>
						<height>74</height>
						<align>left</align>
						<include>Dialog_Standard_OkCancel</include>
						<label>19206</label>
						<radioposx>550</radioposx>
					</control>
					<control type="spincontrolex" id="13">
						<description>EPG source</description>
						<width>600</width>
						<height>74</height>
						<align>left</align>
						<include>Dialog_Standard_OkCancel</include>
						<label>19200</label>
					</control>
					<control type="radiobutton" id="14">
						<description>Parental locked</description>
						<width>600</width>
						<height>74</height>
						<align>left</align>
						<include>Dialog_Standard_OkCancel</include>
						<radioposx>550</radioposx>
						<label>19267</label>
					</control>
					<control type="button" id="30">
						<posy>84</posy>
						<description>Group Manager Button</description>
						<width>600</width>
						<height>74</height>
						<align>left</align>
						<include>Dialog_Standard_OkCancel</include>
						<label>19205</label>
					</control>
					<control type="button" id="34">
						<description>TV/Radio Button</description>
						<width>600</width>
						<height>74</height>
						<align>left</align>
						<include>Dialog_Standard_OkCancel</include>
						<label>$LOCALIZE[19021] / $LOCALIZE[19020]</label>
					</control>
					<control type="button" id="31">
						<description>Create channel Button</description>
						<width>600</width>
						<height>74</height>
						<align>left</align>
						<include>Dialog_Standard_OkCancel</include>
						<label>19204</label>
					</control>
				</control>
			</control>
			<control type="grouplist" id="8003">
				<right>30</right>
				<top>100</top>
				<width>400</width>
				<itemgap>10</itemgap>
				<orientation>vertical</orientation>
				<onleft>8002</onleft>
				<onright>20</onright>
				<control type="button" id="4">
					<description>OK</description>
					<label>186</label>
					<height>74</height>
					<width>400</width>
					<include>Dialog_Standard_OkCancel</include>
				</control>
				<control type="button" id="5">
					<description>Apply</description>
					<label>$LOCALIZE[118]</label>
					<height>74</height>
					<width>400</width>
					<include>Dialog_Standard_OkCancel</include>
				</control>
				<control type="button" id="6">
					<description>Cancel</description>
					<label>$LOCALIZE[117]</label>
					<height>74</height>
					<width>400</width>
					<include>Dialog_Standard_OkCancel</include>
				</control>
			</control>
		</control>
	</controls>
</window>
