<?xml version="1.0" encoding="UTF-8"?>
<window type="window">
	<defaultcontrol always="true">570</defaultcontrol>
	<views>570</views>
	<controls>
		<include>Global_Background</include>
		<include>Topbar</include>
		<include>Global_Overlay</include>
		<control type="group">
			<include>Dialog_Standard_Group</include>
			<animation type="Conditional" reversible="false" condition="!Container(570).IsUpdating">
				<effect type="fade" start="0" end="100" time="300" delay="150"/>
				<effect type="slide" start="0,-200" end="0" center="auto" tween="cubic" easing="out" time="450" delay="150"/>
			</animation>
			<animation effect="fade" start="100" end="0" time="0" reversible="false" condition="Container(570).IsUpdating">Conditional</animation>
			<animation type="Visible" reversible="false">
				<effect type="fade" start="0" end="100" time="300" delay="150"/>
				<effect type="slide" start="0,-200" end="0" center="auto" tween="cubic" easing="out" time="450" delay="150"/>
			</animation>
			<animation effect="fade" start="100" end="0" time="0" reversible="false">Hidden</animation>
			<control type="label">
				<include>Dialog_Standard_Header</include>
				<label>$LOCALIZE[14111]</label>
			</control>
			<control type="panel" id="570">
				<include>Dialog_Standard_List_Left</include>
				<onleft>9001</onleft>
				<onright>9001</onright>
				<onup>570</onup>
				<ondown>570</ondown>
				<itemlayout height="138" width="700">
					<control type="image">
						<include>Dialog_Standard_List_Left_Icon</include>
					</control>
					<control type="label">
						<animation effect="slide" end="0,18" condition="String.IsEmpty(ListItem.Label2)">Conditional</animation>
						<include>Dialog_Standard_List_Left_Label</include>
					</control>
					<control type="label">
						<label>$INFO[ListItem.Label2]</label>
						<include>Dialog_Standard_List_Left_Label2</include>
					</control>
				</itemlayout>
				<focusedlayout height="138" width="700">
					<control type="image">
						<width>100%</width>
						<height>135</height>
						<texture border="5" colordiffuse="$VAR[ColorHighlight]">common/white.png</texture>
					</control>
					<control type="image">
						<include>Dialog_Standard_List_Left_Icon</include>
					</control>
					<control type="label">
						<textcolor>Selected</textcolor>
						<selectedcolor>Selected</selectedcolor>
						<animation effect="slide" end="0,18" condition="String.IsEmpty(ListItem.Label2)">Conditional</animation>
						<include>Dialog_Standard_List_Left_Label</include>
					</control>
					<control type="label">
						<textcolor>Selected</textcolor>
						<selectedcolor>Selected</selectedcolor>
						<label>$INFO[ListItem.Label2]</label>
						<include>Dialog_Standard_List_Left_Label2</include>
					</control>
				</focusedlayout>
			</control>
			<!-- Buttons -->
			<control type="grouplist" id="9001">
				<include>Dialog_Standard_Right_Grouplist</include>
				<onleft>570</onleft>
				<onright>570</onright>
				<control type="button" id="9002">
					<label>$LOCALIZE[31019]</label>
					<onclick>Close</onclick>
					<include>Dialog_Standard_Right_Buttons</include>
				</control>
				<control type="togglebutton" id="4">
					<include>Dialog_Standard_Right_Buttons</include>
					<label>$LOCALIZE[31374]: $LOCALIZE[584]</label>
					<altlabel>$LOCALIZE[31374]: $LOCALIZE[585]</altlabel>
				</control>
				<control type="button" id="20">
					<label>$LOCALIZE[192]</label>
					<include>Dialog_Standard_Right_Buttons</include>
				</control>
				<control type="button" id="21">
					<include>Dialog_Standard_Right_Buttons</include>
				</control>
				<control type="radiobutton" id="22">
					<align>left</align>
					<include>Dialog_Standard_Right_Buttons</include>
					<radioposx>255</radioposx>
				</control>
			</control>
			<!-- Separator -->
			<control type="image">
				<left>699</left>
				<top>120</top>
				<height>687</height>
				<width>1</width>
				<texture colordiffuse="dialog_fg_12">common/white.png</texture>
			</control>
		</control>
	</controls>
</window>