<?xml version="1.0" encoding="UTF-8"?>
<!-- QuackFX -->
<window id="0">
	<defaultcontrol always="true">4000</defaultcontrol>
	<onload>ClearProperty(hubonback,home)</onload>
	<onload condition="!Skin.HasSetting(FirstRunSetup)">ActivateWindow(5111)</onload>
	<onload>RunScript(plugin.video.themoviedb.helper,reset_path)</onload>
	<onload condition="Skin.HasSetting(EnableWetherRadar)">RunScript(special://skin/extras/weather.py)</onload>
	<onload>RunScript(script.skinshortcuts,type=buildxml&amp;mainmenuID=300&amp;levels=1&amp;group=mainmenu|powermenu|x1101|x1102|x1103|x1104|x1105|x1106|x1107|x1108|x1109|x1110|x1111|x1112|x1113|hubtvnetworks|searchmenus|quackfxhubtv|quackfxhubmovies|netflixhubtv|netflixhubmovies|pvrspot|tvhubmenu|moviehubmenu)</onload>
	<onload condition="!Skin.HasSetting(SkinHelper.EnablePVRThumbs)">Skin.SetBool(SkinHelper.EnablePVRThumbs)</onload>
	<onload condition="!Skin.HasSetting(SkinHelper.EnableMusicArt)">Skin.SetBool(SkinHelper.EnableMusicArt)</onload>
	<onload condition="Skin.HasSetting(SkinHelper.EnableAnimatedPosters)">Skin.SetBool(SkinHelper.EnableAnimatedPosters)</onload>
	<onload condition="!Skin.HasSetting(SkinHelper.EnableAnimatedPosters)">Skin.Reset(SkinHelper.EnableAnimatedPosters)</onload>
	<onload condition="!Skin.HasSetting(EnableSearchDefaultKB)">Skin.ToggleSetting(EnableSearchDefaultKB)</onload>
	<onload>ClearProperty(HomeFocus,Home)</onload>
	<onload>AlarmClock(SkinSplashStarted,SetProperty(SkinSplashStarted,1,home),00:01,silent,false)</onload>
	<onload>ClearProperty(WidgetLoading,Home)</onload>
	<onload>ClearProperty(spotback)</onload>
	<onload>ClearProperty(widgetslide,home)</onload>
	<onload condition="!Skin.HasSetting(LockHubWidgets)">Skin.ToggleSetting(LockHubWidgets)</onload>
	<onload condition="Skin.HasSetting(MouseMode)">Skin.ToggleSetting(MouseMode)</onload>
	<onload condition="!String.IsEmpty(Skin.String(TMDB_Search))">ActivateWindow(1136)</onload>
	<onload condition="!Skin.HasSetting(DisableInfoRatings)">Skin.ToggleSetting(DisableInfoRatings)</onload>
	<onload>Skin.SetString(AddonContainer,false)</onload>
	<onunload>SetProperty(SpotReturnHome,true,Home)</onunload>
	<onunload>ClearProperty(spothubscroll)</onunload>
	<onunload>ClearProperty(SkinHelper.WidgetContainer)</onunload>
	<onunload>ClearProperty(TMDBHelper.WidgetContainer)</onunload>
	<onunload condition="Integer.IsGreater(Container(12341).NumItems,0)">Skin.SetString(similar_movies_traktid,$INFO[Container(12341).ListItem(0).Property(trakt_id)])</onunload>
	<onunload condition="Integer.IsGreater(Container(12341).NumItems,0)">Skin.SetString(similar_movies2_traktid,$INFO[Container(12341).ListItem(2).Property(trakt_id)])</onunload>
	<onunload condition="Integer.IsGreater(Container(12341).NumItems,0)">Skin.SetString(similar_movies_label,$INFO[Container(12341).ListItem(0).Label])</onunload>
	<onunload condition="Integer.IsGreater(Container(12341).NumItems,0)">Skin.SetString(similar_movies2_label,$INFO[Container(12341).ListItem(2).Label])</onunload>
	<onunload condition="Integer.IsGreater(Container(12342).NumItems,0)">Skin.SetString(similar_tv_traktid,$INFO[Container(12342).ListItem(0).Property(tvshow.trakt_id)])</onunload>
	<onunload condition="Integer.IsGreater(Container(12342).NumItems,0)">Skin.SetString(similar_tv2_traktid,$INFO[Container(12342).ListItem(4).Property(tvshow.trakt_id)])</onunload>
	<onunload condition="Integer.IsGreater(Container(12342).NumItems,0)">Skin.SetString(similar_tv_label,$INFO[Container(12342).ListItem(0).TvShowTitle])</onunload>
	<onunload condition="Integer.IsGreater(Container(12342).NumItems,0)">Skin.SetString(similar_tv2_label,$INFO[Container(12342).ListItem(4).TvShowTitle])</onunload>
	<onunload>SetProperty(MainMenuPosition,$INFO[Container(300).Position],home)</onunload>
	<onunload>ClearProperty(MainMenuHubFocus,home)</onunload>
	<controls>
		<control type="list" id="9988">
			<description>hidden container for playlist background</description>
			<posx>-20</posx>
			<posy>-20</posy>
			<width>1</width>
			<height>1</height>
			<visible>true</visible>
			<onup>50</onup>
			<ondown>50</ondown>
			<onleft>50</onleft>
			<onright>50</onright>
			<autoscroll time="10000">true</autoscroll>
			<itemlayout width="1" height="1"/>
			<focusedlayout height="1" width="1"/>
			<content>$INFO[Container(300).ListItem.Property(backgroundPlaylist)]</content>
		</control>
		<!--Multi Image fadelabel and Global Background -->
		<include condition="Skin.HasSetting(SkinHelper.EnableExtraFanart)">fanart_multi</include>
		<!--    <include condition="Skin.HasSetting(SkinHelper.EnableExtraFanart)">fanart_multi_1505</include> -->
		<include condition="!Skin.HasSetting(DisableQuackFXHomeLayout) | [Skin.HasSetting(DisableQuackFXHomeLayout) + Skin.HasSetting(DisableNetflixSubmenuBG)]">Global_Background</include>
		<control type="group">
			<animation effect="slide" end="40,0" time="500" condition="!Skin.HasSetting(DisableMenuHor) + Skin.HasSetting(DisableMenuVertLabel) + [Control.HasFocus(30222) | Control.HasFocus(1505) | Control.HasFocus(1506) | ControlGroup(505).HasFocus | ControlGroup(900).HasFocus | ControlGroup(505).HasFocus | [Control.HasFocus(13003) + [Integer.IsEqual(Container(13003).Position,0) + !Container(13003).HasPrevious]] | [Control.HasFocus(23003) + [Integer.IsEqual(Container(23003).Position,0) + !Container(23003).HasPrevious]] | [Control.HasFocus(33003) + [Integer.IsEqual(Container(33003).Position,0) + !Container(33003).HasPrevious]] | [Control.HasFocus(43003) + [Integer.IsEqual(Container(43003).Position,0) + !Container(43003).HasPrevious]] | [Control.HasFocus(53003) + [Integer.IsEqual(Container(53003).Position,0) + !Container(53003).HasPrevious]] | [Control.HasFocus(63003) + [Integer.IsEqual(Container(63003).Position,0) + !Container(63003).HasPrevious]]]">Conditional</animation>
			<animation effect="slide" end="280,0" time="500" delay="0" condition="Skin.HasSetting(DisableMenuVertLabel) + [Control.HasFocus(300) | Control.HasFocus(400) | Control.HasFocus(401)]" reversible="true">Conditional</animation>
			<animation effect="slide" end="250,0" time="500" delay="0" condition="Skin.HasSetting(DisableMenuVertLabelOnly) + String.IsEmpty(Window(Home).Property(MainMenuHubFocus)) + [Control.HasFocus(300) | Control.HasFocus(400) | Control.HasFocus(401)]" reversible="true">Conditional</animation>
			<animation effect="slide" start="0,0" end="-250,0" time="500" delay="0" condition="Skin.HasSetting(DisableMenuVertLabelOnly) + !String.IsEmpty(Window(Home).Property(MainMenuHubFocus)) +  ControlGroup(330).HasFocus">Conditional</animation>
			<animation effect="slide" end="250,0" time="0" delay="0" condition="Skin.HasSetting(DisableMenuVertLabelOnly) + !String.IsEmpty(Window(Home).Property(MainMenuHubFocus)) + [Control.HasFocus(300) | Control.HasFocus(400) | Control.HasFocus(401)]" reversible="false">Conditional</animation>
			<include>Widgets</include>
			<include>Object_PlotOverlay</include>
			<include condition="Skin.HasSetting(DisableQuackFXHomeLayout) + !Skin.HasSetting(SubmenuWidgetPanel) + !Skin.HasSetting(DisableNetflixCatWidget) + !Skin.HasSetting(LargeSubmenuLabel)">submenu_widget_fixed</include>
			<include condition="Skin.HasSetting(DisableQuackFXHomeLayout) + !Skin.HasSetting(SubmenuWidgetPanel) + !Skin.HasSetting(DisableNetflixCatWidget) + Skin.HasSetting(LargeSubmenuLabel)">submenu_widget_thumb</include>
		</control>
		<include condition="Skin.HasSetting(DisableMenuVertLabel)">Home_MainMenu_Layout_wLabel</include>
		<include condition="Skin.HasSetting(DisableMenuVertLabelOnly)">Home_MainMenu_Layout_wLabel_only</include>
		<include condition="Skin.HasSetting(DisableMenuVertFull) | !Skin.HasSetting(DisableMenuVertIcon)">Home</include>
		<include condition="Skin.HasSetting(DisableMenuHor)">Topbar</include>
		<control type="group">
			<include>Home_TVHubMenu_Layout</include>
			<include>Home_MovieHubMenu_Layout</include>
		</control>
		<control type="image">
			<width>120</width>
			<height>120</height>
			<bottom>-40</bottom>
			<centerleft>47%</centerleft>
			<texture flipx="false" background="true" colordiffuse="grey">down-arrow.png</texture>
			<visible>String.IsEqual(Container(300).ListItem.Property(widgethubscroll),true) + Control.HasFocus(30222) + !Integer.IsGreater(Container(330).NumItems,1)</visible>
			<animation effect="fade" delay="400" time="200" start="0" end="100">Visible</animation>
		</control>
		<include content="Object_UpDownInfoArrows">
			<param name="id" value="330"/>
			<param name="hasprevious" value="false"/>
			<param name="hasnext" value="!Skin.HasSetting(DisableQuackFXHomeLayout) + Control.HasFocus(30222)"/>
			<param name="bottom" value="-10"/>
		</include>
		<control type="group">
			<top>-10</top>
			<right>-60</right>
			<include>Logo</include>
			<visible>!Window.IsVisible(DialogNotification.xml) + !Window.IsVisible(DialogButtonMenu.xml) + !Window.IsVisible(DialogBusy.xml) + Skin.HasSetting(EnableHomeHeader)</visible>
		</control>
		<include condition="Skin.HasSetting(EnableSuggestedWidget)">similar_movies_list</include>
		<include condition="Skin.HasSetting(EnableSuggestedWidget)">similar_tv_list</include>
		<include>fadelabel_spotlight_list_tv</include>
		<include>fadelabel_spotlight_list_movies</include>
		<control type="button" id="4000">
			<visible allowhiddenfocus="true">false</visible>
			<width>1</width>
			<height>1</height>
			<onleft>300</onleft>
			<onright>300</onright>
			<onup>300</onup>
			<ondown>3000</ondown>
			<onfocus condition="!String.IsEmpty(Window(Home).Property(MainMenuHubFocus))">Control.SetFocus(300,$INFO[Window(Home).Property(MainMenuHubFocus)],absolute)</onfocus>
			<onfocus condition="String.IsEmpty(Window(Home).Property(MainMenuHubFocus)) + !String.IsEmpty(Skin.String(MenuPos))">SetFocus(300,$INFO[Skin.String(MenuPos)])</onfocus>
			<onfocus condition="String.IsEmpty(Window(Home).Property(MainMenuHubFocus)) + !Integer.IsGreater(Container(330).NumItems,0) + String.IsEmpty(Skin.String(MenuPos))">SetFocus(300)</onfocus>
			<onfocus condition="String.IsEmpty(Window(Home).Property(MainMenuHubFocus)) + Integer.IsGreater(Container(330).NumItems,0) + !String.IsEqual(Container(300).ListItem.Property(widget),Settings) + !String.IsEqual(Container(300).ListItem.Property(widget),Weather) + !String.IsEqual(Container(300).ListItem.Property(widgetType),Settings Widget) + !String.IsEqual(Container(300).ListItem.Property(widgetType),Weather Widget)">SetFocus(3000)</onfocus>
			<onfocus condition="String.IsEmpty(Window(Home).Property(MainMenuHubFocus)) + String.IsEqual(Container(300).ListItem.Property(widget),Settings) | String.IsEqual(Container(300).ListItem.Property(widgetType),Settings Widget) | String.IsEqual(Container(300).ListItem.Property(widgetType),Settings Widget) | String.IsEqual(Container(300).ListItem.Property(widgetType),Weather Widget)">SetFocus(300)</onfocus>
		</control>
		<control type="group">
			<visible>!Skin.HasSetting(DisableSplash)</visible>
			<control type="image" description="Background">
				<include>Dimensions_Fullscreen</include>
				<texture background="true" colordiffuse="ff000000">common/white.png</texture>
				<visible>String.IsEmpty(Window(Home).Property(SkinSplashStarted)) | Integer.IsEqual(Container(300).NumItems,0) | Container(300).IsUpdating</visible>
				<animation effect="fade" start="100" end="0" delay="600" time="600" tween="quadratic">Hidden</animation>
				<visible>String.IsEmpty(Skin.String(StartupPlaylist))</visible>
			</control>
			<control type="image" description="Background">
				<include>Dimensions_Fullscreen</include>
				<texture background="true" fallback="special://skin/fanart.jpg">$INFO[Skin.String(StartupSplash)]</texture>
				<visible>String.IsEmpty(Window(Home).Property(SkinSplashStarted)) | Integer.IsEqual(Container(300).NumItems,0) | Container(300).IsUpdating</visible>
				<animation effect="fade" start="100" end="0" time="600" tween="quadratic">Hidden</animation>
				<visible>String.IsEmpty(Skin.String(StartupPlaylist))</visible>
			</control>
			<control type="group">
				<top>800</top>
				<visible>String.IsEmpty(Skin.String(StartupPlaylist))</visible>
				<visible>String.IsEmpty(Window(Home).Property(SkinSplashStarted)) | Integer.IsEqual(Container(300).NumItems,0) | Container(300).IsUpdating</visible>
				<animation effect="fade" start="100" end="0" time="600" tween="quadratic">Hidden</animation>
				<include content="Defs_BusySpinner">
					<param name="label" value="$LOCALIZE[31348]..."/>
				</include>
			</control>
		</control>
	</controls>
</window>
