<?xml version="1.0" encoding="UTF-8"?>
<includes>
	<include name="Object_Home_Media_Hub">
		<control type="group">
			<control type="grouplist" id="323231">
				<itemgap>0</itemgap>
				<include>Object_Home_Media_Hub_mainmenu</include>
			</control>
		</control>
	</include>
	<include name="widget_tvlists">
		<control type="panel" id="570">
			<scrolltime tween="linear">400</scrolltime>
			<left>140</left>
			<width>1980</width>
			<height>980</height>
			<onup condition="!Integer.IsGreater(Container(520).NumItems,0)">52</onup>
			<onup condition="Integer.IsGreater(Container(520).NumItems,0)">SetFocus(520)</onup>
			<orientation>vertical</orientation>
			<itemlayout width="558.22" height="314.6">
				<include>Defs_PosterBack</include>
				<control type="image">
					<bordersize>10</bordersize>
					<texture colordiffuse="PixelLines" border="20">common/outline.png</texture>
				</control>
				<control type="group">
					<left>10</left>
					<right>0</right>
					<bottom>10</bottom>
					<top>10</top>
					<control type="image">
						<width>100%</width>
						<height>100%</height>
						<aspectratio aligny="center">scale</aspectratio>
						<fadetime>1500</fadetime>
						<texture colordiffuse="PosterFront_70" background="true">$INFO[ListItem.Property(background)]</texture>
					</control>
					<control type="image">
						<width>100%</width>
						<height>100%</height>
						<aspectratio aligny="center">scale</aspectratio>
						<texture colordiffuse="99000000" background="true">diffuse/landscape.png</texture>
					</control>
					<control type="image">
						<top>10</top>
						<bottom>100</bottom>
						<width>250</width>
						<centerleft>50%</centerleft>
						<aspectratio aligny="center">keep</aspectratio>
						<texture colordiffuse="PosterFront_70" background="true">$INFO[ListItem.Icon]</texture>
					</control>
					<control type="group">
						<height>120</height>
						<bottom>30</bottom>
						<left>10</left>
						<right>10</right>
						<control type="textbox">
							<width>300</width>
							<bottom>-20</bottom>
							<centerleft>50%</centerleft>
							<height>100</height>
							<font>font_small_bold</font>
							<align>center</align>
							<autoscroll>false</autoscroll>
							<textcolor>PosterFront_70</textcolor>
							<label>$INFO[ListItem.Label]</label>
							<wrapmultiline>true</wrapmultiline>
						</control>
					</control>
				</control>
			</itemlayout>
			<focusedlayout width="558.22" height="314.6">
				<control type="group">
					<include>Defs_PosterBack</include>
					<control type="image">
						<bordersize>10</bordersize>
						<texture colordiffuse="PixelLines" border="20">common/outline.png</texture>
					</control>
					<include>Animation_FocusBounce_Small</include>
					<control type="group">
						<left>10</left>
						<right>0</right>
						<bottom>10</bottom>
						<top>10</top>
						<control type="image">
							<width>100%</width>
							<height>100%</height>
							<aspectratio aligny="center">scale</aspectratio>
							<fadetime>1500</fadetime>
							<texture colordiffuse="PosterFront_70" background="true">$INFO[Container(9967).ListItem.Property(background)]</texture>
						</control>
						<control type="image">
							<width>100%</width>
							<height>100%</height>
							<aspectratio aligny="center">scale</aspectratio>
							<texture colordiffuse="99000000" background="true">diffuse/landscape.png</texture>
						</control>
						<control type="image">
							<top>10</top>
							<bottom>100</bottom>
							<width>250</width>
							<centerleft>50%</centerleft>
							<aspectratio aligny="center">keep</aspectratio>
							<texture colordiffuse="PosterFront" background="true">$INFO[ListItem.Icon]</texture>
						</control>
						<control type="group">
							<height>120</height>
							<bottom>30</bottom>
							<left>10</left>
							<right>10</right>
							<control type="textbox">
								<width>300</width>
								<bottom>-20</bottom>
								<centerleft>50%</centerleft>
								<height>100</height>
								<font>font_small_bold</font>
								<align>center</align>
								<autoscroll>false</autoscroll>
								<textcolor>PosterFront_70</textcolor>
								<label>$INFO[ListItem.Label]</label>
								<wrapmultiline>true</wrapmultiline>
							</control>
						</control>
					</control>
					<!-- Highlight -->
					<control type="group">
						<include>View_Selectbox</include>
					</control>
				</control>
			</focusedlayout>
			<content>
				<include>skinshortcuts-group-x1103</include>
			</content>
		</control>
	</include>
	<include name="widget_movielists">
		<control type="panel" id="560">
			<animation effect="slide" end="0,80" condition="[Control.HasFocus(51) | Control.HasFocus(5105) | Control.HasFocus(5104)] + !Skin.HasSetting(LockHubWidgets)">Conditional</animation>
			<left>140</left>
			<onup condition="!Integer.IsGreater(Container(510).NumItems,0)">51</onup>
			<onup condition="Integer.IsGreater(Container(510).NumItems,0)">SetFocus(510)</onup>
			<width>1980</width>
			<height>980</height>
			<orientation>vertical</orientation>
			<itemlayout width="558.22" height="314.6">
				<include>Defs_PosterBack</include>
				<control type="image">
					<bordersize>10</bordersize>
					<texture colordiffuse="PixelLines" border="20">common/outline.png</texture>
				</control>
				<control type="group">
					<left>10</left>
					<right>0</right>
					<bottom>10</bottom>
					<top>10</top>
					<control type="image">
						<width>100%</width>
						<height>100%</height>
						<aspectratio aligny="center">scale</aspectratio>
						<texture colordiffuse="PosterFront_70" background="true">$INFO[ListItem.Property(background)]</texture>
					</control>
					<control type="image">
						<width>100%</width>
						<height>100%</height>
						<aspectratio aligny="center">scale</aspectratio>
						<texture colordiffuse="99000000" background="true">diffuse/landscape.png</texture>
					</control>
					<control type="image">
						<top>10</top>
						<bottom>100</bottom>
						<width>250</width>
						<centerleft>50%</centerleft>
						<aspectratio aligny="center">keep</aspectratio>
						<texture colordiffuse="PosterFront_70" background="true">$INFO[ListItem.Icon]</texture>
					</control>
					<control type="group">
						<height>120</height>
						<bottom>10</bottom>
						<left>10</left>
						<right>10</right>
						<control type="textbox">
							<width>300</width>
							<bottom>-20</bottom>
							<centerleft>50%</centerleft>
							<height>100</height>
							<font>font_small_bold</font>
							<align>center</align>
							<autoscroll>false</autoscroll>
							<textcolor>PosterFront_70</textcolor>
							<label>$INFO[ListItem.Label]</label>
							<wrapmultiline>true</wrapmultiline>
						</control>
					</control>
				</control>
			</itemlayout>
			<focusedlayout width="558.22" height="314.6">
				<control type="group">
					<include>Defs_PosterBack</include>
					<control type="image">
						<bordersize>10</bordersize>
						<texture colordiffuse="PixelLines" border="20">common/outline.png</texture>
					</control>
					<include>Animation_FocusBounce_Small</include>
					<control type="group">
						<left>10</left>
						<right>0</right>
						<bottom>10</bottom>
						<top>10</top>
						<control type="image">
							<width>100%</width>
							<height>100%</height>
							<aspectratio aligny="center">scale</aspectratio>
							<texture colordiffuse="PosterFront_70" background="true">$INFO[Container(9967).ListItem.Property(background)]</texture>
						</control>
						<control type="image">
							<width>100%</width>
							<height>100%</height>
							<aspectratio aligny="center">scale</aspectratio>
							<texture colordiffuse="99000000" background="true">diffuse/landscape.png</texture>
						</control>
						<control type="image">
							<top>10</top>
							<bottom>100</bottom>
							<width>250</width>
							<centerleft>50%</centerleft>
							<aspectratio aligny="center">keep</aspectratio>
							<texture colordiffuse="PosterFront" background="true">$INFO[ListItem.Icon]</texture>
						</control>
						<control type="group">
							<height>120</height>
							<bottom>10</bottom>
							<left>10</left>
							<right>10</right>
							<control type="textbox">
								<width>300</width>
								<bottom>-20</bottom>
								<centerleft>50%</centerleft>
								<height>100</height>
								<font>font_small_bold</font>
								<align>center</align>
								<autoscroll>false</autoscroll>
								<textcolor>PosterFront_70</textcolor>
								<label>$INFO[ListItem.Label]</label>
								<wrapmultiline>true</wrapmultiline>
							</control>
						</control>
					</control>
					<!-- Highlight -->
					<control type="group">
						<include>View_Selectbox</include>
					</control>
				</control>
			</focusedlayout>
			<content>
				<include>skinshortcuts-group-x1101</include>
			</content>
		</control>
	</include>
	<include name="widget_510">
		<param name="submenu" default="false"/>
		<param name="aspect" default=""/>
		<param name="skinsetting" default=""/>
		<param name="widgetaspect" default=""/>
		<param name="sortby" default=""/>
		<param name="sortorder" default=""/>
		<param name="top" default="0"/>
		<param name="height" default="460"/>
		<definition>
			<control type="group">
				<control type="label" id="$PARAM[id]3">
					<top>-40</top>
					<width>100%</width>
					<height>40</height>
					<align>left</align>
					<font>Reg28</font>
					<textoffsetx>65</textoffsetx>
					<textcolor>white</textcolor>
					<label>$INFO[Skin.String($PARAM[skinsetting].label)]</label>
					<texturenofocus/>
					<visible>Skin.String($PARAM[skinsetting].label)</visible>
				</control>
				<control type="button" id="$PARAM[id]4">
					<ondown condition="Control.HasFocus(5104)">560</ondown>
					<ondown condition="Control.HasFocus(5204)">570</ondown>
					<onup condition="Control.HasFocus(5104)">51</onup>
					<onup condition="Control.HasFocus(5204)">52</onup>
					<top>400</top>
					<width min="200" max="900">auto</width>
					<height>40</height>
					<centerleft>60%</centerleft>
					<align>left</align>
					<font>Reg32</font>
					<textoffsetx>65</textoffsetx>
					<label>[B]Click to set Widget Content[/B]</label>
					<textcolor>white</textcolor>
					<texturefocus colordiffuse="white">netflix/border_netflix.png</texturefocus>
					<onclick>ActivateWindow(1060)</onclick>
					<texturenofocus/>
					<visible>!Skin.String($PARAM[skinsetting].label)</visible>
				</control>
				<control type="multiimage" id="$PARAM[id]6">
					<animation effect="slide" end="0,80" condition="[Control.HasFocus(51) | Control.HasFocus(52) | Control.HasFocus(5205) | Control.HasFocus(5204) | Control.HasFocus(5105) | Control.HasFocus(5104)] + !Skin.HasSetting(LockHubWidgets)">Conditional</animation>
					<top>50</top>
					<left>65</left>
					<width>100%</width>
					<height>80</height>
					<aspectratio align="left">keep</aspectratio>
					<imagepath>busy_spinner/</imagepath>
					<timeperimage>100</timeperimage>
					<colordiffuse>dimgrey</colordiffuse>
					<fadetime>0</fadetime>
					<visible>Skin.String($PARAM[skinsetting].label) + Container($PARAM[id]).IsUpdating + !Integer.IsGreater(Container($PARAM[id]).NumItems,0)</visible>
				</control>
				<control type="fixedlist" id="$PARAM[id]">
					<animation effect="slide" end="0,100" condition="[Control.HasFocus(51) | Control.HasFocus(5104)] + !Skin.HasSetting(LockHubWidgets)">Conditional</animation>
					<animation effect="slide" end="0,100" condition="[Control.HasFocus(52) | Control.HasFocus(5204)] + !Skin.HasSetting(LockHubWidgets)">Conditional</animation>
					<animation effect="slide" end="0,100" condition="[Control.HasFocus(52) | Control.HasFocus(5205)] + !Skin.HasSetting(LockHubWidgets)">Conditional</animation>
					<animation effect="slide" end="0,100" condition="[Control.HasFocus(51) | Control.HasFocus(5105)] + !Skin.HasSetting(LockHubWidgets)">Conditional</animation>
					<ondown condition="Control.HasFocus(510)">560</ondown>
					<ondown condition="Control.HasFocus(520)">570</ondown>
					<onup condition="Control.HasFocus(510)">51</onup>
					<onup condition="Control.HasFocus(520)">52</onup>
					<orientation>horizontal</orientation>
					<onclick condition="[String.IsEqual(ListItem.DBType,tvshow) | String.IsEqual(ListItem.DBType,movie) | Container.Content(movies) | Container.Content(tvshows)]">Action(Info)        </onclick>
					<left>-40</left>
					<width>1980</width>
					<height>980</height>
					<preloaditems>2</preloaditems>
					<include content="Widget_Common">
						<param name="top" value="$PARAM[top]"/>
						<param name="height" value="$PARAM[height]"/>
						<param name="id" value="$PARAM[id]"/>
						<param name="aspect" value="$PARAM[aspect]"/>
						<param name="widgetAspect" value="$PARAM[widgetAspect]"/>
						<param name="submenu" value="$PARAM[submenu]"/>
					</include>
					<itemlayout width="385" height="980">
						<control type="group">
							<left>60</left>
							<right>-60</right>
							<top>0</top>
							<bottom>-0</bottom>
							<include>Defs_PosterBack</include>
							<control type="group">
								<top>10</top>
								<right>10</right>
								<bottom>10</bottom>
								<left>10</left>
								<control type="image">
									<texture background="true" diffuse="diffuse/widgetposter.png" fallback="DefaultFanartFallback.jpg">$VAR[Image_Poster]</texture>
									<aspectratio scalediffuse="false">scale</aspectratio>
								</control>
							</control>
							<include>View_WatchedOverlay</include>
							<control type="image">
								<bordersize>10</bordersize>
								<texture colordiffuse="PixelLines" border="20">common/outline.png</texture>
							</control>
						</control>
					</itemlayout>
					<focusedlayout width="385" height="980" condition="!Control.HasFocus($PARAM[id])">
						<control type="group">
							<left>60</left>
							<right>-60</right>
							<top>0</top>
							<bottom>-0</bottom>
							<include>Defs_PosterBack</include>
							<control type="group">
								<top>10</top>
								<right>10</right>
								<bottom>10</bottom>
								<left>10</left>
								<control type="image">
									<texture background="true" diffuse="diffuse/widgetposter.png" fallback="DefaultFanartFallback.jpg">$VAR[Image_Poster]</texture>
									<aspectratio scalediffuse="false">scale</aspectratio>
								</control>
							</control>
							<include>View_WatchedOverlay</include>
							<control type="image">
								<bordersize>10</bordersize>
								<texture colordiffuse="PixelLines" border="20">common/outline.png</texture>
							</control>
						</control>
					</focusedlayout>
					<focusedlayout width="1550" height="980" condition="Control.HasFocus($PARAM[id])">
						<control type="group">
							<scrolltime tween="linear">400</scrolltime>
							<visible>Control.HasFocus($PARAM[id])</visible>
							<left>60</left>
							<right>-60</right>
							<top>0</top>
							<bottom>-0</bottom>
							<include>Defs_PosterBack</include>
							<control type="group">
								<top>10</top>
								<right>10</right>
								<bottom>10</bottom>
								<left>10</left>
								<control type="group">
									<control type="image">
										<fadetime>500</fadetime>
										<width>100%</width>
										<height>100%</height>
										<texture background="true" diffuse="diffuse/widgetlandscape.png" fallback="common/black-back.png">$VAR[Spotlight_Fanart]</texture>
										<aspectratio scalediffuse="false">scale</aspectratio>
									</control>
									<control type="image">
										<width>100%</width>
										<height>100%</height>
										<texture colordiffuse="99000000" border="10" flipy="true">diffuse/landscape.png</texture>
									</control>
									<control type="image">
										<width>100%</width>
										<height>100%</height>
										<texture colordiffuse="49000000" border="10" flipy="true">diffuse/landscape.png</texture>
									</control>
									<control type="group">
										<visible>Control.HasFocus(510) | Control.HasFocus(520)</visible>
										<height min="60" max="251">auto</height>
										<animation effect="fade" time="0">VisibleChange</animation>
										<control type="image">
											<top>150</top>
											<left>250</left>
											<right>$PARAM[titleright]</right>
											<height>550</height>
											<width>330</width>
											<aligny>top</aligny>
											<texture background="true">$VAR[Image_Poster]</texture>
										</control>
									</control>
									<control type="group">
										<height min="100" max="595">auto</height>
										<left>40</left>
										<control type="group">
											<top>350</top>
											<left>600</left>
											<control type="textbox">
												<top>-200</top>
												<label>$VAR[video_heading]</label>
												<textcolor>grey</textcolor>
												<shadowcolor>black</shadowcolor>
												<font>netflix_heading_small</font>
												<width>500</width>
												<wrapmultiline>true</wrapmultiline>
												<align>left</align>
												<height>100</height>
											</control>
											<control type="group">
												<height>20</height>
												<visible>String.IsEqual(ListItem.DBType,episode) | String.IsEqual(ListItem.DBType,movie) | String.IsEqual(ListItem.DBType,season) | String.IsEqual(ListItem.DBType,tvshow)</visible>
												<control type="label">
													<top>-90</top>
													<label>$VAR[date_aired] Length: [/COLOR][B]$VAR[Label_Duration][/B][COLOR=$VAR[ColorHighlight]] Ends: [/COLOR][B]$INFO[ListItem.EndTime][/B]</label>
													<width>650</width>
													<textcolor>grey</textcolor>
													<font>font_small</font>
												</control>
												<control type="label">
													<top>-10</top>
													<label>[COLOR=$VAR[ColorHighlight]]Genre: [/COLOR]$INFO[ListItem.Genre]</label>
													<width>650</width>
													<textcolor>grey</textcolor>
													<font>font_small</font>
													<scroll>false</scroll>
												</control>
											</control>
											<control type="group">
												<visible>!String.IsEmpty(ListItem.Plot)</visible>
												<top>50</top>
												<height min="20" max="300">auto</height>
												<control type="textbox">
													<label fallback="19055">$VAR[Label_Plot]</label>
													<width>570</width>
													<textcolor>grey</textcolor>
													<font>widget_trakt_title</font>
													<autoscroll>0</autoscroll>
												</control>
											</control>
										</control>
									</control>
								</control>
							</control>
							<include>View_WatchedOverlay</include>
						</control>
					</focusedlayout>
					<content target="$INFO[Skin.String($PARAM[skinsetting].target)]">$INFO[Skin.String($PARAM[skinsetting].path)]</content>
					<visible>Skin.String($PARAM[skinsetting].path)</visible>
				</control>
			</control>
		</definition>
	</include>
	<include name="Object_Home_Media_Hub_mainmenu">
		<control type="group">
			<height>100</height>
			<control type="group">
				<left>0</left>
				<right>0</right>
				<control type="image">
					<bottom>-24</bottom>
					<height>24</height>
					<width>100%</width>
					<texture flipy="false">common/shadow-line-24px.png</texture>
				</control>
				<control type="image">
					<bottom>0</bottom>
					<top>0</top>
					<texture colordiffuse="white">common/gradient-solid.png</texture>
				</control>
			</control>
			<control type="grouplist" id="323232">
				<left>350</left>
				<top>20</top>
				<orientation>horizontal</orientation>
				<onleft>50</onleft>
				<control type="button" id="51">
					<ondown condition="!Skin.String(mediahub-510.label) + !Skin.HasSetting(LockHubWidgets)">5105</ondown>
					<ondown condition="!Skin.HasSetting(LockHubWidgets)">5104</ondown>
					<ondown condition="Skin.HasSetting(LockHubWidgets)">511</ondown>
					<width>250</width>
					<height>65</height>
					<aligny>center</aligny>
					<align>left</align>
					<font>font_tiny_bold</font>
					<textcolor>dimgrey</textcolor>
					<focusedcolor>red</focusedcolor>
					<label>Discover Movies</label>
				</control>
				<control type="button" id="52">
					<ondown condition="!Skin.String(mediahub-520.label) + !Skin.HasSetting(LockHubWidgets)">5205</ondown>
					<ondown condition="Skin.String(mediahub-530.label) + !Skin.HasSetting(LockHubWidgets)">5204</ondown>
					<ondown condition="Skin.HasSetting(LockHubWidgets)">521</ondown>
					<onback>Action(Close)</onback>
					<width>370</width>
					<height>65</height>
					<aligny>center</aligny>
					<align>left</align>
					<font>font_tiny_bold</font>
					<textcolor>dimgrey</textcolor>
					<focusedcolor>red</focusedcolor>
					<label>Discover TV</label>
				</control>
				<control type="button" id="53">
					<ondown condition="!Skin.String(mediahub-530.label) + !Skin.HasSetting(LockHubWidgets)">5305</ondown>
					<ondown condition="Skin.String(mediahub-530.label) + !Skin.HasSetting(LockHubWidgets)">5304</ondown>
					<ondown condition="Skin.HasSetting(LockHubWidgets)">531</ondown>
					<width>180</width>
					<height>65</height>
					<aligny>center</aligny>
					<align>right</align>
					<font>font_tiny_bold</font>
					<textcolor>dimgrey</textcolor>
					<focusedcolor>red</focusedcolor>
					<label>My Movies</label>
					<onclick>close</onclick>
				</control>
				<control type="radiobutton" id="54">
					<ondown condition="!Skin.String(mediahub-540.label) + !Skin.HasSetting(LockHubWidgets)">5405</ondown>
					<ondown condition="!Skin.HasSetting(LockHubWidgets)">5404</ondown>
					<ondown condition="Skin.HasSetting(LockHubWidgets)">540</ondown>
					<width>150</width>
					<height>65</height>
					<aligny>center</aligny>
					<align>right</align>
					<font>font_tiny_bold</font>
					<textcolor>dimgrey</textcolor>
					<focusedcolor>red</focusedcolor>
					<label>My TV</label>
					<onclick>close</onclick>
				</control>
				<control type="radiobutton" id="55">
					<ondown condition="!Skin.String(mediahub-550.label) + !Skin.HasSetting(LockHubWidgets)">5505</ondown>
					<ondown condition="!Skin.HasSetting(LockHubWidgets)">5504</ondown>
					<ondown condition="Skin.HasSetting(LockHubWidgets)">551</ondown>
					<width>180</width>
					<height>65</height>
					<aligny>center</aligny>
					<align>right</align>
					<font>font_tiny_bold</font>
					<textcolor>dimgrey</textcolor>
					<focusedcolor>red</focusedcolor>
					<label>My Apps</label>
					<onclick>close</onclick>
				</control>
			</control>
			<control type="button" id="50">
				<onright>51</onright>
				<top>20</top>
				<left>50</left>
				<width>70</width>
				<height>70</height>
				<aligny>center</aligny>
				<align>left</align>
				<font>font_tiny_bold</font>
				<textcolor>dimgrey</textcolor>
				<focusedcolor>red</focusedcolor>
				<texturefocus colordiffuse="red">special://skin/extras/icons/search.png</texturefocus>
				<texturenofocus colordiffuse="white">special://skin/extras/icons/search.png</texturenofocus>
				<onclick>ActivateWindow(1138)</onclick>
			</control>
			<control type="group">
				<top>100</top>
				<width>100%</width>
				<height>1080</height>
				<include>Global_Background</include>
				<visible>![Control.HasFocus(51) | Control.HasFocus(52) | Control.HasFocus(53) | Control.HasFocus(54) | Control.HasFocus(55)]</visible>
				<visible>![Control.HasFocus(5104) | Control.HasFocus(5204) | Control.HasFocus(5304) | Control.HasFocus(5404) | Control.HasFocus(5555) | Control.HasFocus(5604)]</visible>
				<visible>![Control.HasFocus(5105) | Control.HasFocus(5205) | Control.HasFocus(5305) | Control.HasFocus(5404) | Control.HasFocus(5555) | Control.HasFocus(5605)]</visible>
				<visible>!Control.HasFocus(510) + !Control.HasFocus(520) + !Control.HasFocus(560) + !Control.HasFocus(570)</visible>
			</control>
			<control type="group">
				<top>100</top>
				<width>100%</width>
				<height>1080</height>
				<control type="image">
					<fadetime>500</fadetime>
					<texture>$INFO[ListItem.Property(background)]</texture>
				</control>
				<include>Global_Overlay</include>
				<visible>Control.HasFocus(560) | Control.HasFocus(570)</visible>
			</control>
			<control type="group">
				<top>100</top>
				<width>100%</width>
				<height>1080</height>
				<control type="image">
					<texture colordiffuse="FF18181b">common/white.png</texture>
				</control>
				<visible>Control.HasFocus(53) | Control.HasFocus(54)</visible>
			</control>
			<control type="group">
				<visible>![Control.HasFocus(51) | Control.HasFocus(52) | Control.HasFocus(53) | Control.HasFocus(54) | Control.HasFocus(5555)]</visible>
				<visible>![Control.HasFocus(5104) | Control.HasFocus(5204) | Control.HasFocus(5304) | Control.HasFocus(5404) | Control.HasFocus(5555) | Control.HasFocus(5604)]</visible>
				<visible>![Control.HasFocus(5105) | Control.HasFocus(5205) | Control.HasFocus(5305) | Control.HasFocus(5404) | Control.HasFocus(5555)] | Control.HasFocus(5605)</visible>
				<visible>!Control.HasFocus(510) + !Control.HasFocus(560) + !Control.HasFocus(520) + !Control.HasFocus(570)</visible>
				<visible>!ControlGroup(551).HasFocus + !Control.HasFocus(55)</visible>
				<top>20</top>
				<left>-20</left>
				<height>500</height>
				<control type="grouplist" id="9900">
					<pagecontrol>9560</pagecontrol>
					<itemgap>0</itemgap>
					<usecontrolcoords>true</usecontrolcoords>
					<orientation>vertical</orientation>
					<control type="group">
						<height min="100" max="595">auto</height>
						<left>50</left>
						<control type="grouplist">
							<itemgap>0</itemgap>
							<usecontrolcoords>true</usecontrolcoords>
							<orientation>vertical</orientation>
							<control type="group">
								<height min="60" max="251">auto</height>
								<control type="image" id="55449">
									<top>100</top>
									<left>50</left>
									<right>$PARAM[titleright]</right>
									<height>200</height>
									<width>520</width>
									<aligny>top</aligny>
									<texture background="true">$VAR[NetflixHome_ClearLogo]</texture>
								</control>
								<control type="label">
									<visible>String.IsEmpty(Control.GetLabel(55449))</visible>
									<left>50</left>
									<top>140</top>
									<right>$PARAM[titleright]</right>
									<label>$VAR[video_heading]</label>
									<textcolor>grey</textcolor>
									<shadowcolor>black</shadowcolor>
									<font>netflix_heading</font>
									<width min="200" max="400">auto</width>
									<align>center</align>
									<wrapmultiline>true</wrapmultiline>
								</control>
							</control>
							<control type="group">
								<top>65</top>
								<left>50</left>
								<control type="group">
									<animation effect="slide" end="0,-40" condition="String.IsEmpty(Control.GetLabel(55449))">Conditional</animation>
									<height>30</height>
									<visible>String.IsEqual(ListItem.DBType,episode) | String.IsEqual(ListItem.DBType,movie) | String.IsEqual(ListItem.DBType,season) | String.IsEqual(ListItem.DBType,tvshow)</visible>
									<control type="label" id="78631">
										<label fallback="19055">[B]$VAR[Label_Netflix_Tagline][/B]</label>
										<width>750</width>
										<textcolor>main_fg_100</textcolor>
										<shadowcolor>black</shadowcolor>
										<font>font_small</font>
									</control>
								</control>
								<control type="group">
									<top>45</top>
									<height min="20" max="125">auto</height>
									<control type="textbox">
										<animation effect="slide" end="0,-40" condition="String.IsEmpty(Control.GetLabel(55449))">Conditional</animation>
										<label fallback="19055">$VAR[Label_Plot]</label>
										<width>500</width>
										<textcolor>dimgrey</textcolor>
										<shadowcolor>black</shadowcolor>
										<font>widget_trakt_title</font>
										<autoscroll>0</autoscroll>
									</control>
								</control>
							</control>
						</control>
					</control>
				</control>
			</control>
			<include>media_hub_control</include>
		</control>
	</include>
	<include name="media_hub_control">
		<!-- Discover Movies -->
		<control type="group">
			<control type="group">
				<control type="grouplist" id="511">
					<scrolltime tween="sine" easing="out">600</scrolltime>
					<height>980</height>
					<top>100</top>
					<movement>2</movement>
					<orientation>vertical</orientation>
					<left>-20</left>
					<control type="group" id="51111">
						<visible>Control.HasFocus(51) | Control.HasFocus(510) | Control.HasFocus(5104) | Control.HasFocus(5105)</visible>
						<height>980</height>
						<include condition="true" content="widget_510" name="widget_510">
							<param name="id" value="510"/>
							<param name="aspect" value="LandscapeWidePoster"/>
							<param name="skinsetting" value="mediahub-510"/>
						</include>
					</control>
					<animation effect="slide" end="0,20" condition="Control.HasFocus(560)">Conditional</animation>
					<control type="group" id="51112">
						<height>980</height>
						<visible>Control.HasFocus(51) | Control.HasFocus(510) | Control.HasFocus(5104) | Control.HasFocus(5105) | Control.HasFocus(560) | Control.HasFocus(5604)</visible>
						<include>widget_movielists</include>
					</control>
				</control>
			</control>
			<!-- Discover TV -->
			<control type="group">
				<control type="grouplist" id="521">
					<height>980</height>
					<scrolltime tween="sine" easing="out">600</scrolltime>
					<top>100</top>
					<movement>1</movement>
					<orientation>vertical</orientation>
					<left>-20</left>
					<onup>52</onup>
					<control type="group">
						<visible>Control.HasFocus(52) | Control.HasFocus(520) | Control.HasFocus(5204) | Control.HasFocus(5205)</visible>
						<height>980</height>
						<include condition="true" content="widget_510" name="widget_510">
							<param name="id" value="520"/>
							<param name="aspect" value="LandscapeWidePoster"/>
							<param name="skinsetting" value="mediahub-520"/>
						</include>
					</control>
					<control type="group">
						<height>980</height>
						<animation effect="slide" end="0,100" condition="[Control.HasFocus(52) | Control.HasFocus(5205) | Control.HasFocus(5204)] + !Skin.HasSetting(LockHubWidgets)">Conditional</animation>
						<visible>Control.HasFocus(52) | Control.HasFocus(520) | Control.HasFocus(5204) | Control.HasFocus(5205) | Control.HasFocus(570)</visible>
						<include>widget_tvlists</include>
					</control>
				</control>
			</control>
			<!-- My Movies -->
			<control type="group" id="531">
				<animation effect="slide" end="0,50" condition="Control.HasFocus(53)">Conditional</animation>
				<animation effect="slide" end="0,560" time="500" condition="Control.HasFocus(530)">Conditional</animation>
				<top>100</top>
				<control type="group">
					<visible>Control.HasFocus(53) | Control.HasFocus(530) | Control.HasFocus(5303) |  Control.HasFocus(5304) | Control.HasFocus(5305) | Control.HasFocus(5306)</visible>
					<include condition="true" content="netflix_customhub_item" name="netflix_customhub_item">
						<param name="id" value="530"/>
						<param name="aspect" value="poster"/>
						<param name="skinsetting" value="mediahub-530"/>
						<param name="widgetheight" value="420"/>
						<param name="widgetwidth" value="295"/>
						<param name="panelheight" value="430"/>
						<param name="controltype" value="fixedlist"/>
						<param name="orientation" value="horizontal"/>
					</include>
				</control>
			</control>
			<!-- My TV -->
			<control type="group">
				<control type="grouplist" id="541">
					<height>540</height>
					<posy>560</posy>
					<!--        <animation effect="slide" end="0,50" condition="Control.HasFocus(54)">Conditional</animation>
        <animation effect="slide" end="0,500" time="500" condition="Control.HasFocus(540)">Conditional</animation> -->
					<visible>Control.HasFocus(54) | Control.HasFocus(540) | Control.HasFocus(5403) | Control.HasFocus(5404) | Control.HasFocus(5405) | ControlGroup(541).HasFocus</visible>
					<!--
	<control type="group" id="5411">
	<visible allowhiddenfocus="true">ControlGroup(5411).HasFocus | Control.HasFocus(54)</visible>
        <width>1980</width>
	<height>360</height>
	<onup>54</onup>
        <onup condition="Control.HasFocus(542)">540</onup>
        <ondown condition="Control.HasFocus(540)">542</ondown>
	<control type="image">
	<texture background="true" colordiffuse="white">common/white.png</texture>
	</control>
	<control type="group">
	<top>20</top>
        <include>Spotlight_TVNextAired_QuackFXWidget</include> 
	<visible>!String.IsEmpty(Window(Home).Property(NextAired.1.Label))</visible>
	</control>
	</control>
-->
					<control type="group">
						<height>40</height>
					</control>
					<control type="group" id="5411">
						<height>270</height>
						<animation effect="slide" end="0,-450" time="500" condition="Control.HasFocus(54)">Conditional</animation>
						<include condition="true" content="netflix_customhub_item" name="netflix_customhub_item">
							<param name="id" value="540"/>
							<param name="aspect" value="landscapenetflix"/>
							<param name="skinsetting" value="mediahub-540"/>
							<param name="widgetheight" value="240"/>
							<param name="widgetwidth" value="426.67"/>
							<param name="panelheight" value="250"/>
							<param name="orientation" value="horizontal"/>
							<param name="controltype" value="list"/>
						</include>
					</control>
					<control type="group" id="5412">
						<height>270</height>
						<animation effect="slide" end="0,-450" time="500" condition="Control.HasFocus(54)">Conditional</animation>
						<include condition="true" content="netflix_customhub_item" name="netflix_customhub_item">
							<param name="id" value="542"/>
							<param name="aspect" value="landscapenetflix"/>
							<param name="skinsetting" value="mediahub-541"/>
							<param name="widgetheight" value="240"/>
							<param name="widgetwidth" value="426.67"/>
							<param name="panelheight" value="2500"/>
							<param name="orientation" value="horizontal"/>
							<param name="controltype" value="list"/>
						</include>
					</control>
				</control>
			</control>
			<!-- My Apps -->
			<control type="group" id="551">
				<onup>55</onup>
				<posy>200</posy>
				<control type="grouplist">
					<orientation>vertical</orientation>
					<onup>55</onup>
					<height>800</height>
					<visible>Control.HasFocus(55) | Control.HasFocus(550) | Control.HasFocus(5503) | Control.HasFocus(5504) | Control.HasFocus(5505) | ControlGroup(551).HasFocus</visible>
					<include condition="true" content="netflix_customhub_item" name="netflix_customhub_item">
						<param name="id" value="550"/>
						<param name="aspect" value="square"/>
						<param name="skinsetting" value="mediahub-550"/>
						<param name="widgetheight" value="250"/>
						<param name="widgetwidth" value="250"/>
						<param name="panelheight" value="250"/>
						<param name="orientation" value="horizontal"/>
					</include>
					<include condition="true" content="netflix_customhub_item" name="netflix_customhub_item">
						<param name="id" value="580"/>
						<param name="aspect" value="square"/>
						<param name="skinsetting" value="mediahub-580"/>
						<param name="widgetheight" value="250"/>
						<param name="widgetwidth" value="250"/>
						<param name="panelheight" value="250"/>
						<param name="orientation" value="horizontal"/>
					</include>
				</control>
			</control>
			<control type="image">
				<top>-45</top>
				<left>800</left>
				<width>190</width>
				<height>190</height>
				<aspectratio>scale</aspectratio>
				<texture background="true" colordiffuse="red">special://skin/extras/icons/trakttv.png</texture>
			</control>
		</control>
	</include>
	<include name="netflix_customhub_fixed">
		<param name="submenu" default="false"/>
		<param name="aspect" default=""/>
		<param name="skinsetting" default=""/>
		<param name="style" default=""/>
		<param name="widgetaspect" default=""/>
		<param name="sortby" default=""/>
		<param name="sortorder" default=""/>
		<param name="top" default="0"/>
		<param name="height" default="460"/>
		<definition>
			<control type="label" id="$PARAM[id]3">
				<animation effect="slide" end="-40,0" time="0" condition="Window.IsVisible(3810) | Window.IsVisible(3820)">Conditional</animation>
				<top>10</top>
				<width>100%</width>
				<height>40</height>
				<align>left</align>
				<font>Reg28</font>
				<textoffsetx>65</textoffsetx>
				<textcolor>white</textcolor>
				<label>$INFO[Skin.String($PARAM[skinsetting].label)]</label>
				<shadowcolor>$INFO[Skin.String(ViewDetailsTextShadowColor)]</shadowcolor>
				<texturenofocus/>
				<visible>Skin.String($PARAM[skinsetting].label) + Skin.HasSetting(LockHubWidgets)</visible>
			</control>
			<control type="multiimage" id="$PARAM[id]6">
				<top>50</top>
				<left>65</left>
				<width>100%</width>
				<height>80</height>
				<aspectratio align="left">keep</aspectratio>
				<imagepath>busy_spinner/</imagepath>
				<timeperimage>100</timeperimage>
				<colordiffuse>dimgrey</colordiffuse>
				<fadetime>0</fadetime>
				<visible>Skin.String($PARAM[skinsetting].label) + !Integer.IsGreater(Container($PARAM[id]).NumItems,0) + Container($PARAM[id]).IsUpdating</visible>
			</control>
			<control type="fixedlist" id="$PARAM[id]">
				<animation effect="slide" end="-40,0" time="0" condition="Window.IsVisible(3810) | Window.IsVisible(3820)">Conditional</animation>
				<onclick condition="[String.IsEqual(ListItem.DBType,tvshow) | String.IsEqual(ListItem.DBType,movie) | Container.Content(movies) | Container.Content(tvshows)]">Action(Info)        </onclick>
				<movement>2</movement>
				<width>1980</width>
				<height>350</height>
				<oninfo>RunScript(script.skin.helper.service,action=showinfo)</oninfo>
				<orientation>horizontal</orientation>
				<preloaditems>2</preloaditems>
				<scrolltime tween="linear">400</scrolltime>
				<onup condition="Control.HasFocus(510)">51</onup>
				<onup condition="Control.HasFocus(520)">52</onup>
				<onup condition="Control.HasFocus(530)">53</onup>
				<onup condition="Control.HasFocus(540)">54</onup>
				<onup condition="Control.HasFocus(542)">540</onup>
				<ondown condition="Control.HasFocus(540)">542</ondown>
				<include content="Widget_Common">
					<param name="top" value="$PARAM[top]"/>
					<param name="height" value="$PARAM[height]"/>
					<param name="id" value="$PARAM[id]"/>
					<param name="aspect" value="$PARAM[aspect]"/>
					<param name="widgetAspect" value="$PARAM[widgetAspect]"/>
					<param name="submenu" value="$PARAM[submenu]"/>
				</include>
				<itemlayout width="610" height="343.13">
					<include content="Widget_Items_ItemLayout">
						<param name="landscapewide" value="true"/>
						<param name="genres" value="$PARAM[genres]"/>
						<param name="studios" value="$PARAM[studios]"/>
						<param name="text" value="$PARAM[text]"/>
					</include>
				</itemlayout>
				<focusedlayout width="610" height="343.13">
					<include content="Widget_Items_FocusedLayout">
						<param name="id" value="$PARAM[id]"/>
						<param name="landscapewide" value="true"/>
						<param name="genres" value="$PARAM[genres]"/>
						<param name="studios" value="$PARAM[studios]"/>
						<param name="text" value="$PARAM[text]"/>
					</include>
				</focusedlayout>
				<itemlayout width="260" height="420">
					<include content="Widget_Items_ItemLayout">
						<param name="poster" value="true"/>
						<param name="genres" value="$PARAM[genres]"/>
						<param name="studios" value="$PARAM[studios]"/>
						<param name="text" value="$PARAM[text]"/>
					</include>
				</itemlayout>
				<focusedlayout width="260" height="420">
					<include content="Widget_Items_FocusedLayout">
						<param name="id" value="$PARAM[id]"/>
						<param name="poster" value="true"/>
						<param name="genres" value="$PARAM[genres]"/>
						<param name="studios" value="$PARAM[studios]"/>
						<param name="text" value="$PARAM[text]"/>
					</include>
				</focusedlayout>
				<content target="$INFO[Skin.String($PARAM[skinsetting].target)]" sortby="year" sortorder="descending">$INFO[Skin.String($PARAM[skinsetting].path)]</content>
				<visible>Skin.String($PARAM[skinsetting].path)</visible>
			</control>
		</definition>
	</include>
	<include name="widget_poster">
		<itemlayout width="260" height="420">
			<include content="Widget_Items_ItemLayout">
				<param name="poster" value="true"/>
				<param name="genres" value="$PARAM[genres]"/>
				<param name="studios" value="$PARAM[studios]"/>
				<param name="text" value="$PARAM[text]"/>
			</include>
		</itemlayout>
		<focusedlayout width="260" height="420">
			<include content="Widget_Items_FocusedLayout">
				<param name="id" value="$PARAM[id]"/>
				<param name="poster" value="true"/>
				<param name="genres" value="$PARAM[genres]"/>
				<param name="studios" value="$PARAM[studios]"/>
				<param name="text" value="$PARAM[text]"/>
			</include>
		</focusedlayout>
	</include>
	<include name="widget_landscapewide">
		<itemlayout width="610" height="343.13">
			<include content="Widget_Items_ItemLayout">
				<param name="landscapewide" value="true"/>
				<param name="genres" value="$PARAM[genres]"/>
				<param name="studios" value="$PARAM[studios]"/>
				<param name="text" value="$PARAM[text]"/>
			</include>
		</itemlayout>
		<focusedlayout width="610" height="343.13">
			<include content="Widget_Items_FocusedLayout">
				<param name="id" value="$PARAM[id]"/>
				<param name="landscapewide" value="true"/>
				<param name="genres" value="$PARAM[genres]"/>
				<param name="studios" value="$PARAM[studios]"/>
				<param name="text" value="$PARAM[text]"/>
			</include>
		</focusedlayout>
	</include>
	<include name="netflix_customhub_item">
		<param name="skinsetting" default=""/>
		<param name="submenu" default="false"/>
		<param name="aspect" default="landscapewide"/>
		<param name="widgetaspect" default=""/>
		<param name="sortby" default=""/>
		<param name="sortorder" default=""/>
		<param name="top" default="0"/>
		<param name="height" default="460"/>
		<param name="widgetheight" default="343.13"/>
		<param name="widgetwidth" default="610"/>
		<param name="onleft" default=""/>
		<param name="panelwidth" default="1980"/>
		<param name="panelheight" default="680"/>
		<param name="controltype" default="panel"/>
		<param name="orientation" default="vertical"/>
		<definition>
			<control type="label" id="$PARAM[id]3">
				<top>-40</top>
				<width>100%</width>
				<height>40</height>
				<align>left</align>
				<font>Reg28</font>
				<textoffsetx>65</textoffsetx>
				<textcolor>white</textcolor>
				<label>$INFO[Skin.String($PARAM[skinsetting].label)]</label>
				<shadowcolor>$INFO[Skin.String(ViewDetailsTextShadowColor)]</shadowcolor>
				<texturenofocus/>
				<visible>Skin.String($PARAM[skinsetting].label) + Skin.HasSetting(LockHubWidgets)</visible>
			</control>
			<control type="multiimage" id="$PARAM[id]6">
				<top>10</top>
				<left>65</left>
				<width>100%</width>
				<height>80</height>
				<aspectratio align="left">keep</aspectratio>
				<imagepath>busy_spinner/</imagepath>
				<timeperimage>100</timeperimage>
				<colordiffuse>dimgrey</colordiffuse>
				<fadetime>0</fadetime>
				<visible>Skin.String($PARAM[skinsetting].label) + !Integer.IsGreater(Container($PARAM[id]).NumItems,0) + Container($PARAM[id]).IsUpdating</visible>
			</control>
			<control type="$PARAM[controltype]" id="$PARAM[id]">
				<scrolltime tween="linear">400</scrolltime>
				<left>0</left>
				<movement>2</movement>
				<width>$PARAM[panelwidth]</width>
				<height>$PARAM[panelheight]</height>
				<orientation>$PARAM[orientation]</orientation>
				<scrolltime tween="linear">400</scrolltime>
				<onup condition="Control.HasFocus(510)">51</onup>
				<onup condition="Control.HasFocus(520)">52</onup>
				<onup condition="Control.HasFocus(530)">53</onup>
				<onup condition="Control.HasFocus(540)">54</onup>
				<onup condition="Control.HasFocus(542)">540</onup>
				<ondown condition="Control.HasFocus(540)">542</ondown>
				<onclick condition="[String.IsEqual(ListItem.DBType,tvshow) | String.IsEqual(ListItem.DBType,movie) | Container.Content(movies) | Container.Content(tvshows)]">Action(Info)</onclick>
				<onleft>$PARAM[onleft]</onleft>
				<preloaditems>2</preloaditems>
				<include content="Widget_Common">
					<param name="top" value="$PARAM[top]"/>
					<param name="height" value="$PARAM[height]"/>
					<param name="id" value="$PARAM[id]"/>
					<param name="aspect" value="$PARAM[aspect]"/>
					<param name="widgetAspect" value="$PARAM[widgetaspect]"/>
					<param name="submenu" value="$PARAM[submenu]"/>
				</include>
				<itemlayout width="$PARAM[widgetwidth]" height="$PARAM[widgetheight]">
					<include content="Widget_Items_ItemLayout">
						<param name="$PARAM[aspect]" value="true"/>
						<param name="genres" value="false"/>
						<param name="studios" value="false"/>
						<param name="text" value="false"/>
					</include>
				</itemlayout>
				<focusedlayout width="$PARAM[widgetwidth]" height="$PARAM[widgetheight]">
					<include content="Widget_Items_FocusedLayout">
						<param name="id" value="$PARAM[id]"/>
						<param name="$PARAM[aspect]" value="true"/>
						<param name="genres" value="false"/>
						<param name="studios" value="false"/>
						<param name="text" value="false"/>
					</include>
				</focusedlayout>
				<!--
        <itemlayout width="260" height="420">
          <include content="Widget_Items_ItemLayout">
            <param name="poster" value="true" />
            <param name="genres" value="false" />
            <param name="studios" value="false" />
            <param name="text" value="false" />
          </include>
        </itemlayout>
        <focusedlayout width="260" height="420">
          <include content="Widget_Items_FocusedLayout">
            <param name="id" value="$PARAM[id]" />
            <param name="poster" value="true" />
            <param name="genres" value="$PARAM[genres]" />
            <param name="studios" value="$PARAM[studios]" />
            <param name="text" value="$PARAM[text]" />
          </include>
        </focusedlayout>
-->
				<visible>Skin.String($PARAM[skinsetting].path)</visible>
				<content limit="25" target="$INFO[Skin.String($PARAM[skinsetting].target)]" sortby="year" sortorder="descending">$INFO[Skin.String($PARAM[skinsetting].path)]</content>
				<content>
					<item>
						<label>$LOCALIZE[31373]...</label>
						<icon>DefaultFolder.png</icon>
						<onclick>ActivateWindow(Videos,$PARAM[skinsetting].path,return)</onclick>
						<visible>Integer.IsGreater(Container($PARAM[id]).NumItems,9)</visible>
						<visible>!Skin.HasSetting(HideShowMoreItem)</visible>
					</item>
				</content>
			</control>
		</definition>
	</include>
	<include name="menu_hub">
		<param name="group" default=""/>
		<definition>
			<control type="group">
				<animation type="WindowOpen">
					<effect type="slide" start="0,1000" end="0" center="auto" tween="Cubic" easing="inout" time="200"/>
					<effect type="zoom" start="80" end="100" center="auto" tween="Cubic" easing="inout" time="500"/>
				</animation>
				<animation type="WindowClose">
					<effect type="slide" start="0" end="0,1000" center="auto" delay="200" tween="Cubic" easing="inout" time="500"/>
					<effect type="zoom" start="100" end="80" center="auto" delay="200" tween="Cubic" easing="inout" time="200"/>
				</animation>
				<control type="group">
					<include>Animation_FadeIn_Slide</include>
				</control>
				<control type="group">
					<centerleft>50%</centerleft>
					<centertop>50%</centertop>
					<width>1380</width>
					<height>920</height>
					<control type="group">
						<visible>Integer.IsGreater(Container(9967).NumItems,3) + Integer.IsLess(Container(9967).NumItems,7)</visible>
						<width>1380</width>
						<height>660</height>
						<control type="image">
							<include condition="!Skin.HasSetting(DisableShadows)">Defs_Shadow_24</include>
							<texture border="16" colordiffuse="ff101010">common/rounded-dialog.png</texture>
						</control>
					</control>
					<control type="group">
						<visible>Integer.IsLess(Container(9967).NumItems,4)</visible>
						<width>1380</width>
						<height>370</height>
						<control type="image">
							<include condition="!Skin.HasSetting(DisableShadows)">Defs_Shadow_24</include>
							<texture border="16" colordiffuse="darkgrey">common/rounded-dialog.png</texture>
						</control>
					</control>
					<control type="group">
						<visible>Integer.IsGreater(Container(9967).NumItems,6)</visible>
						<width>1380</width>
						<height>920</height>
						<control type="image">
							<include condition="!Skin.HasSetting(DisableShadows)">Defs_Shadow_24</include>
							<texture border="16" colordiffuse="darkgrey">common/rounded-dialog.png</texture>
						</control>
					</control>
					<control type="group">
						<top>0</top>
						<left>5</left>
						<control type="panel" id="9967">
							<top>60</top>
							<width>1380</width>
							<height>860</height>
							<onleft condition="Window.IsVisible(Home)">300</onleft>
							<onright condition="Window.IsVisible(Home)">9967</onright>
							<onup condition="Window.IsVisible(Home)">300</onup>
							<ondown condition="Window.IsVisible(Home)">431</ondown>
							<onback condition="Window.IsVisible(Home)">300</onback>
							<orientation>vertical</orientation>
							<itemlayout width="455" height="283.33">
								<control type="group">
									<left>10</left>
									<right>0</right>
									<bottom>10</bottom>
									<top>10</top>
									<control type="image">
										<width>99%</width>
										<height>100%</height>
										<aspectratio>scale</aspectratio>
										<texture colordiffuse="PosterFront_70" background="true">$INFO[ListItem.Property(background)]</texture>
									</control>
									<control type="image">
										<width>100%</width>
										<height>100%</height>
										<aspectratio aligny="center">scale</aspectratio>
										<texture colordiffuse="69000000" background="true">diffuse/landscape.png</texture>
									</control>
									<control type="image">
										<top>10</top>
										<bottom>100</bottom>
										<width>250</width>
										<centerleft>50%</centerleft>
										<aspectratio aligny="center">keep</aspectratio>
										<texture colordiffuse="PosterFront_70" background="true">$INFO[ListItem.Icon]</texture>
									</control>
									<control type="group">
										<height>120</height>
										<bottom>10</bottom>
										<left>10</left>
										<right>10</right>
										<control type="textbox">
											<width>300</width>
											<bottom>-10</bottom>
											<left>60</left>
											<height>100</height>
											<font>font_small_bold</font>
											<align>center</align>
											<autoscroll>false</autoscroll>
											<textcolor>PosterFront_70</textcolor>
											<label>$INFO[ListItem.Label]</label>
											<wrapmultiline>true</wrapmultiline>
										</control>
									</control>
								</control>
							</itemlayout>
							<focusedlayout width="455" height="283.33">
								<control type="group">
									<include>Animation_FocusBounce_Small</include>
									<control type="group">
										<left>10</left>
										<right>0</right>
										<bottom>10</bottom>
										<top>10</top>
										<control type="image">
											<width>99%</width>
											<height>100%</height>
											<aspectratio>scale</aspectratio>
											<texture colordiffuse="PosterFront_70" background="true">$INFO[Container(9967).ListItem.Property(background)]</texture>
										</control>
										<control type="image">
											<width>100%</width>
											<height>100%</height>
											<aspectratio aligny="center">scale</aspectratio>
											<texture colordiffuse="69000000" background="true">diffuse/landscape.png</texture>
										</control>
										<control type="image">
											<top>10</top>
											<bottom>100</bottom>
											<width>250</width>
											<centerleft>50%</centerleft>
											<aspectratio aligny="center">keep</aspectratio>
											<texture colordiffuse="PosterFront" background="true">$INFO[ListItem.Icon]</texture>
										</control>
										<control type="group">
											<height>120</height>
											<bottom>10</bottom>
											<left>10</left>
											<right>10</right>
											<control type="textbox">
												<width>300</width>
												<bottom>-10</bottom>
												<left>60</left>
												<height>100</height>
												<font>font_small_bold</font>
												<align>center</align>
												<autoscroll>false</autoscroll>
												<textcolor>PosterFront_70</textcolor>
												<label>$INFO[ListItem.Label]</label>
												<wrapmultiline>true</wrapmultiline>
											</control>
										</control>
									</control>
									<!-- Highlight -->
									<control type="group">
										<include>View_Selectbox</include>
									</control>
								</control>
							</focusedlayout>
							<content>
								<include>skinshortcuts-group-$PARAM[group]</include>
							</content>
						</control>
					</control>
				</control>
			</control>
		</definition>
	</include>
	<include name="object_menuhub_includes">
		<control type="group" id="25055">
			<visible>Container(5055).IsUpdating + !Window.IsVisible(DialogBusy.xml)</visible>
			<control type="image">
				<top>540</top>
				<left>480</left>
				<texture background="true">special://skin/media/dialogs/season_loading_pannel.png</texture>
			</control>
			<control type="group">
				<height>40</height>
				<top>550</top>
				<left>-200</left>
				<include content="Defs_BusySpinner_Side">
					<param name="label" value="$LOCALIZE[31138]..."/>
				</include>
			</control>
		</control>
		<control type="image">
			<animation effect="slide" end="250,0" time="500" condition="Control.HasFocus(400) | Control.HasFocus(401)">Conditional</animation>
			<texture background="true" diffuse="Right Corner.png">$VAR[Image_MainMenu_fanart_quackfxhub]</texture>
			<fadetime>100</fadetime>
			<width>1500</width>
			<height>750</height>
			<left>400</left>
			<aspectratio scalediffuse="false">scale</aspectratio>
			<visible>[Control.HasFocus(401) | Control.HasFocus(400) | Control.HasFocus(505) | Control.HasFocus(5055)] + [[Container(5055).IsUpdating + !Integer.IsGreater(Container(5055).NumItems,0)] | String.IsEmpty(Container(5055).ListItem.Art(fanart))]</visible>
		</control>
		<control type="image">
			<animation effect="fade" start="10" end="100">Visible</animation>
			<fadetime>500</fadetime>
			<width>1420</width>
			<height>630</height>
			<left>500</left>
			<texture background="true" diffuse="Right Corner.png">$INFO[Container(5055).ListItem.Art(fanart)]</texture>
			<aspectratio scalediffuse="true" aligny="top">scale</aspectratio>
			<visible>Control.HasFocus(505) | Control.HasFocus(5055)</visible>
		</control>
		<control type="group">
			<animation effect="fade" delay="200" time="500" start="10" end="100">Visible</animation>
			<visible>ControlGroup(5055).HasFocus</visible>
			<left>-10</left>
			<include condition="Skin.HasSetting(SkinHelper.EnableExtraFanart)">fanart_multi</include>
			<include>Object_Home_Netflix</include>
		</control>
		<control type="image">
			<width>90</width>
			<height>120</height>
			<top>780</top>
			<left>-7</left>
			<texture background="true" colordiffuse="white">special://skin/media/netflix/left-arrow.png</texture>
			<visible>ControlGroup(5055).HasFocus</visible>
		</control>
	</include>
</includes>
