<?xml version="1.0" encoding="UTF-8"?>
<includes>
	<include name="widget_settings_items">
		<!-- Column 1 -->
		<item id="1">
			<description>Interface</description>
			<label>14206</label>
			<label2>$LOCALIZE[166] • $LOCALIZE[14222] • $LOCALIZE[360][CR]$LOCALIZE[12360] • $LOCALIZE[14224]</label2>
			<onclick>activatewindow(InterfaceSettings)</onclick>
			<icon>special://skin/extras/icons/skinsettings.png</icon>
		</item>
		<item id="5">
			<description>Library</description>
			<label>14202</label>
			<label2>$LOCALIZE[14022] • $LOCALIZE[16000] • $LOCALIZE[14215][CR]$LOCALIZE[14216] • $LOCALIZE[14217]</label2>
			<onclick>activatewindow(MediaSettings)</onclick>
			<icon>special://skin/extras/icons/tags.png</icon>
		</item>
		<item id="9">
			<description>System</description>
			<label>13000</label>
			<label2>$LOCALIZE[14220] • $LOCALIZE[14221] • $LOCALIZE[14125] • $LOCALIZE[24001][CR]$LOCALIZE[798] • $LOCALIZE[14095]</label2>
			<onclick>activatewindow(SystemSettings)</onclick>
			<icon>special://skin/extras/icons/configure.png</icon>
		</item>
		<!-- Column 2 -->
		<item id="2">
			<description>Skin Settings</description>
			<label>20077</label>
			<label2>$LOCALIZE[10000] • $LOCALIZE[19190] • $LOCALIZE[31339][CR]$LOCALIZE[31021] • $LOCALIZE[478] • $LOCALIZE[24996]</label2>
			<onclick>activatewindow(skinsettings)</onclick>
			<icon>special://skin/extras/icons/paintbrush.png</icon>
		</item>
		<item id="6">
			<description>Player</description>
			<label>14200</label>
			<label2>$LOCALIZE[14215] • $LOCALIZE[14216] • $LOCALIZE[14087] • $LOCALIZE[14217][CR]$LOCALIZE[14218] • $LOCALIZE[37032]</label2>
			<onclick>activatewindow(PlayerSettings)</onclick>
			<icon>special://skin/extras/icons/equalizer.png</icon>
		</item>
		<item id="12">
			<description>Services</description>
			<label>14036</label>
			<label2>$LOCALIZE[16000] • $LOCALIZE[14223] • $LOCALIZE[20187][CR]$LOCALIZE[1273] • $LOCALIZE[1200] • $LOCALIZE[12600]</label2>
			<onclick>activatewindow(servicesettings)</onclick>
			<icon>special://skin/extras/icons/network.png</icon>
		</item>
		<!-- Column 3 -->
		<item id="11">
			<description>System Info</description>
			<label>130</label>
			<label2>$LOCALIZE[154] • $LOCALIZE[705] • $LOCALIZE[157][CR]$LOCALIZE[13281] • $LOCALIZE[31343] • $LOCALIZE[12389]</label2>
			<onclick>activatewindow(7)</onclick>
			<icon>special://skin/extras/icons/sysinfo.png</icon>
		</item>
		<item id="8">
			<description>PVR Settings</description>
			<label>19191</label>
			<label2>$LOCALIZE[16000] • $LOCALIZE[19222] • $LOCALIZE[14086][CR]$LOCALIZE[19043] • $LOCALIZE[19259]</label2>
			<onclick>activatewindow(pvrsettings)</onclick>
			<icon>special://skin/extras/icons/livetv.png</icon>
		</item>
		<item id="10">
			<description>Addons</description>
			<label>24001</label>
			<label2>$LOCALIZE[24998] • $LOCALIZE[137][CR]$LOCALIZE[31344]</label2>
			<onclick>activatewindow(AddonBrowser)</onclick>
			<icon>special://skin/extras/icons/addon.png</icon>
		</item>
		<!-- Column 4 -->
		<item id="3">
			<description>Profiles</description>
			<label>13200</label>
			<label2>$LOCALIZE[10029] • $LOCALIZE[33084][CR]$LOCALIZE[10130]</label2>
			<onclick>activatewindow(Profiles)</onclick>
			<icon>special://skin/extras/icons/actor.png</icon>
		</item>
		<item id="14">
			<description>Events</description>
			<label>$LOCALIZE[14111]</label>
			<label2>$LOCALIZE[31345]</label2>
			<onclick>activatewindow(eventlog)</onclick>
			<icon>special://skin/extras/icons/year.png</icon>
			<visible>!System.HasAddon(service.libreelec.settings)</visible>
		</item>
		<item id="19">
			<description>LibreElec</description>
			<label>$ADDON[service.libreelec.settings 600]</label>
			<label2>$ADDON[service.libreelec.settings 32002] • $ADDON[service.libreelec.settings 32101] • $ADDON[service.libreelec.settings 32001][CR]$ADDON[service.libreelec.settings 32100] • $ADDON[service.libreelec.settings 32331]</label2>
			<onclick>RunScript(service.libreelec.settings)</onclick>
			<icon>special://skin/extras/icons/libreelec.png</icon>
			<visible>System.HasAddon(service.libreelec.settings)</visible>
		</item>
		<item id="13">
			<description>Filemanager</description>
			<label>File Manager</label>
			<label2>$LOCALIZE[115] • $LOCALIZE[116] • $LOCALIZE[117][CR]$LOCALIZE[118] • $LOCALIZE[14226]</label2>
			<onclick>activatewindow(filemanager)</onclick>
			<icon>special://skin/extras/icons/files.png</icon>
		</item>
	</include>
	<include name="Items_OSD_Settings">
		<content>
			<item>
				<icon/>
				<label>$LOCALIZE[298]</label>
				<onclick>Close</onclick>
				<onclick>ActivateWindow(125)</onclick>
			</item>
			<item>
				<icon/>
				<label>$LOCALIZE[13395]</label>
				<onclick>ActivateWindow(osdvideosettings)</onclick>
			</item>
			<item>
				<icon/>
				<label>$LOCALIZE[31033]</label>
				<onclick>ActivateWindow(osdaudiosettings)</onclick>
			</item>
			<item>
				<icon/>
				<label>$LOCALIZE[31408]</label>
				<onclick>ActivateWindow(osdsubtitlesettings)</onclick>
			</item>
			<item>
				<icon/>
				<label>297</label>
				<onclick>audiodelay</onclick>
			</item>
			<item>
				<icon/>
				<label>22006</label>
				<onclick>subtitledelay</onclick>
			</item>
		</content>
	</include>
	<include name="Items_OSD_MusicVis">
		<content>
			<!-- Show artist slideshow -->
			<item>
				<label>$LOCALIZE[108]: $LOCALIZE[16041]</label>
				<visible>System.HasAddon(script.artistslideshow)</visible>
				<visible>!Skin.HasSetting(ArtistSlideShow.Disabled)</visible>
				<onclick>Skin.ToggleSetting(ArtistSlideShow.Disabled)</onclick>
			</item>
			<item>
				<label>$LOCALIZE[108]: $LOCALIZE[16039]</label>
				<visible>System.HasAddon(script.artistslideshow)</visible>
				<visible>Skin.HasSetting(ArtistSlideShow.Disabled)</visible>
				<onclick>Skin.ToggleSetting(ArtistSlideShow.Disabled)</onclick>
			</item>
			<!-- Visualisation -->
			<item>
				<label>$LOCALIZE[250]: $LOCALIZE[16041]</label>
				<visible>Skin.HasSetting(OSDVisualisation.ShowFanart)</visible>
				<onclick>Skin.ToggleSetting(OSDVisualisation.ShowFanart)</onclick>
				<visible>Skin.HasSetting(musicvis.fanartfallback) | [!Skin.HasSetting(ArtistSlideShow.Disabled) + System.HasAddon(script.artistslideshow)]</visible>
			</item>
			<item>
				<label>$LOCALIZE[250]: $LOCALIZE[16039]</label>
				<visible>!Skin.HasSetting(OSDVisualisation.ShowFanart)</visible>
				<onclick>Skin.ToggleSetting(OSDVisualisation.ShowFanart)</onclick>
				<visible>Skin.HasSetting(musicvis.fanartfallback) | [!Skin.HasSetting(ArtistSlideShow.Disabled) + System.HasAddon(script.artistslideshow)]</visible>
			</item>
			<!-- Animate -->
			<item>
				<label>$LOCALIZE[20079]: $LOCALIZE[16041]</label>
				<visible>Skin.HasSetting(ArtistSlideshow.Animate)</visible>
				<onclick>Skin.ToggleSetting(ArtistSlideshow.Animate)</onclick>
				<visible>Skin.HasSetting(musicvis.fanartfallback) | [!Skin.HasSetting(ArtistSlideShow.Disabled) + System.HasAddon(script.artistslideshow)]</visible>
			</item>
			<item>
				<label>$LOCALIZE[20079]: $LOCALIZE[16039]</label>
				<visible>!Skin.HasSetting(ArtistSlideshow.Animate)</visible>
				<onclick>Skin.ToggleSetting(ArtistSlideshow.Animate)</onclick>
				<visible>Skin.HasSetting(musicvis.fanartfallback) | [!Skin.HasSetting(ArtistSlideShow.Disabled) + System.HasAddon(script.artistslideshow)]</visible>
			</item>
			<!-- Colour overlay -->
			<item>
				<label>$LOCALIZE[31131]: $LOCALIZE[16041]</label>
				<visible>!Skin.HasSetting(HideOSDDiffuseColors)</visible>
				<onclick>Skin.ToggleSetting(HideOSDDiffuseColors)</onclick>
			</item>
			<item>
				<label>$LOCALIZE[31131]: $LOCALIZE[16039]</label>
				<visible>Skin.HasSetting(HideOSDDiffuseColors)</visible>
				<onclick>Skin.ToggleSetting(HideOSDDiffuseColors)</onclick>
			</item>
			<!-- Scroll text overlay -->
			<item>
				<label>$LOCALIZE[31142]: $LOCALIZE[16041]</label>
				<visible>!Skin.HasSetting(HideOSDScrollingText)</visible>
				<onclick>Skin.ToggleSetting(HideOSDScrollingText)</onclick>
			</item>
			<item>
				<label>$LOCALIZE[31142]: $LOCALIZE[16039]</label>
				<visible>Skin.HasSetting(HideOSDScrollingText)</visible>
				<onclick>Skin.ToggleSetting(HideOSDScrollingText)</onclick>
			</item>
			<item>
				<description>Rate Song</description>
				<label>$LOCALIZE[31311]</label>
				<onclick>setrating</onclick>
			</item>
			<item>
				<description>Vis</description>
				<label>250</label>
				<onclick>SendClick(500)</onclick>
			</item>
			<item>
				<label>24013</label>
				<onclick>Close</onclick>
				<onclick>RunScript(script.cu.lrclyrics)</onclick>
				<enable>System.HasAddon(script.cu.lrclyrics)</enable>
			</item>
		</content>
	</include>
	<include name="Items_Settings">
		<content>
			<item id="1">
				<label>[CAPITALIZE]$LOCALIZE[14207][/CAPITALIZE]</label>
				<icon>special://skin/extras/icons/skinsettings.png</icon>
				<onclick>ReplaceWindow(InterfaceSettings)</onclick>
				<property name="path">ReplaceWindow(InterfaceSettings)</property>
				<property name="altpath">ActivateWindow(InterfaceSettings)</property>
			</item>
			<item id="4">
				<label>[CAPITALIZE]$LOCALIZE[20077][/CAPITALIZE]</label>
				<icon>special://skin/extras/icons/paintbrush.png</icon>
				<onclick>ReplaceWindow(SkinSettings)</onclick>
				<property name="path">ReplaceWindow(SkinSettings)</property>
				<property name="altpath">ActivateWindow(SkinSettings)</property>
			</item>
			<item id="2">
				<label>[CAPITALIZE]$LOCALIZE[14212][/CAPITALIZE]</label>
				<icon>special://skin/extras/icons/tags.png</icon>
				<onclick>ReplaceWindow(MediaSettings)</onclick>
				<property name="path">ReplaceWindow(MediaSettings)</property>
				<property name="altpath">ActivateWindow(MediaSettings)</property>
			</item>
			<item id="3">
				<label>[CAPITALIZE]$LOCALIZE[14201][/CAPITALIZE]</label>
				<icon>special://skin/extras/icons/equalizer.png</icon>
				<onclick>ReplaceWindow(PlayerSettings)</onclick>
				<property name="path">ReplaceWindow(PlayerSettings)</property>
				<property name="altpath">ActivateWindow(PlayerSettings)</property>
			</item>
			<item id="5">
				<label>[CAPITALIZE]$LOCALIZE[14209][/CAPITALIZE]</label>
				<icon>special://skin/extras/icons/configure.png</icon>
				<onclick>ReplaceWindow(SystemSettings)</onclick>
				<property name="path">ReplaceWindow(SystemSettings)</property>
				<property name="altpath">ActivateWindow(SystemSettings)</property>
			</item>
			<item id="6">
				<label>[CAPITALIZE]$LOCALIZE[14208][/CAPITALIZE]</label>
				<icon>special://skin/extras/icons/network.png</icon>
				<onclick>ReplaceWindow(servicesettings)</onclick>
				<property name="path">ReplaceWindow(servicesettings)</property>
				<property name="altpath">ActivateWindow(servicesettings)</property>
			</item>
			<item id="10">
				<label>[CAPITALIZE]$LOCALIZE[14205][/CAPITALIZE]</label>
				<icon>special://skin/extras/icons/livetv.png</icon>
				<onclick>ReplaceWindow(pvrsettings)</onclick>
				<property name="path">ReplaceWindow(pvrsettings)</property>
				<property name="altpath">ActivateWindow(pvrsettings)</property>
			</item>
			<item id="9">
				<label>[CAPITALIZE]$LOCALIZE[10007][/CAPITALIZE]</label>
				<icon>special://skin/extras/icons/sysinfo.png</icon>
				<onclick>ReplaceWindow(systeminfo)</onclick>
				<property name="path">ReplaceWindow(systeminfo)</property>
				<property name="altpath">ActivateWindow(systeminfo)</property>
			</item>
			<item id="7">
				<label>[CAPITALIZE]$LOCALIZE[14210][/CAPITALIZE]</label>
				<icon>special://skin/extras/icons/actor.png</icon>
				<onclick>ReplaceWindow(Profiles)</onclick>
				<property name="path">ReplaceWindow(Profiles)</property>
				<property name="altpath">ActivateWindow(Profiles)</property>
			</item>
		</content>
	</include>
	<include name="Items_Info">
		<content>
			<!-- Play -->
			<item>
				<label>$INFO[Control.GetLabel(8)]</label>
				<icon>special://skin/extras/icons/play3.png</icon>
				<onclick>SendClick(8)</onclick>
				<visible>Control.IsEnabled(8)</visible>
			</item>
			<!-- CinemaVision -->
			<item>
				<label>$LOCALIZE[31315]</label>
				<icon>special://skin/extras/icons/cinemavision.png</icon>
				<onclick>Dialog.Close(MovieInformation)</onclick>
				<onclick>RunScript(script.cinemavision,experience)</onclick>
				<visible>System.HasAddon(script.cinemavision) + [String.IsEqual(ListItem.DBType,movie) | String.IsEqual(ListItem.DBType,tvshow) | String.IsEqual(ListItem.DBType,season) | String.IsEqual(ListItem.DBType,episode)]</visible>
			</item>
			<!-- Trailer -->
			<item>
				<label>$INFO[Control.GetLabel(11)]</label>
				<icon>special://skin/extras/icons/video.png</icon>
				<onclick condition="Skin.HasSetting(DisableTrailerPreview)">SendClick(11)</onclick>
				<onclick condition="!Skin.HasSetting(DisableTrailerPreview)">SetProperty(TrailerPlaying,300,Home)</onclick>
				<onclick condition="!Skin.HasSetting(DisableTrailerPreview)">SetFocus(9002)</onclick>
				<onclick condition="!Skin.HasSetting(DisableTrailerPreview)">PlayMedia($INFO[ListItem.Trailer],false,1)</onclick>
				<visible>Control.IsEnabled(11)</visible>
				<visible>!String.IsEmpty(ListItem.Trailer)</visible>
			</item>
			<!-- Plot -->
			<item>
				<label>Plot</label>
				<icon>special://skin/extras/icons/quote.png</icon>
				<onclick>SetFocus(9601)</onclick>
			</item>
			<!-- Info -->
			<item>
				<label>$LOCALIZE[31285]</label>
				<icon>special://skin/extras/icons/infobubble.png</icon>
				<onclick>SetFocus(9005)</onclick>
				<onclick>Select</onclick>
				<visible>Control.IsEnabled(9005)</visible>
			</item>
			<!-- Special Features -->
			<item>
				<label>$LOCALIZE[31306]</label>
				<icon>special://skin/extras/icons/stream-video.png</icon>
				<visible>!String.IsEmpty(Window(home).Property(SpecialFeatures.Visible))</visible>
				<onclick>Close</onclick>
				<onclick>RunScript(plugin.video.specialfeatures,listitem)</onclick>
			</item>
			<!-- User Rating -->
			<item>
				<label>$LOCALIZE[31310]$INFO[ListItem.UserRating,: ,]</label>
				<icon>special://skin/extras/icons/userrating.png</icon>
				<onclick>SendClick(7)</onclick>
				<visible>Control.IsEnabled(7)</visible>
			</item>
			<!-- Art -->
			<item>
				<label>$INFO[Control.GetLabel(10)]</label>
				<icon>special://skin/extras/icons/paintbrush.png</icon>
				<onclick>SendClick(10)</onclick>
				<visible>Control.IsEnabled(10)</visible>
				<visible>!Skin.HasSetting(global.kioskmode)</visible>
			</item>
			<!-- Fanart -->
			<item>
				<label>$INFO[Control.GetLabel(12)]</label>
				<icon>special://skin/extras/icons/pictures.png</icon>
				<onclick>SendClick(12)</onclick>
				<visible>Control.IsEnabled(12)</visible>
				<visible>!Skin.HasSetting(global.kioskmode)</visible>
			</item>
			<!-- Art Downloader -->
			<item>
				<label>$INFO[Control.GetLabel(9001)]</label>
				<icon>special://skin/extras/icons/paintbrush2.png</icon>
				<onclick>SetFocus(9001)</onclick>
				<onclick>Select</onclick>
				<onclick>SetFocus(300)</onclick>
				<visible>Control.IsEnabled(9001)</visible>
				<visible>!Skin.HasSetting(global.kioskmode)</visible>
			</item>
			<!-- Art Downloader All -->
			<item>
				<label>$INFO[Control.GetLabel(9011)]</label>
				<icon>special://skin/extras/icons/paintbucket3.png</icon>
				<onclick>SetFocus(9011)</onclick>
				<onclick>Select</onclick>
				<onclick>SetFocus(300)</onclick>
				<visible>Control.IsEnabled(9011)</visible>
				<visible>!Skin.HasSetting(global.kioskmode)</visible>
			</item>
			<!-- Refresh -->
			<item>
				<label>$INFO[Control.GetLabel(6)]</label>
				<icon>special://skin/extras/icons/update.png</icon>
				<onclick>SendClick(6)</onclick>
				<visible>Control.IsEnabled(6)</visible>
				<visible>!Skin.HasSetting(global.kioskmode)</visible>
			</item>
		</content>
	</include>
	<include name="Items_Weather">
		<content>
			<!-- Next -->
			<item>
				<label>$LOCALIZE[31217]</label>
				<icon>special://skin/extras/icons/sort-up.png</icon>
				<onclick>SetFocus(50)</onclick>
				<onclick>Weather.LocationNext</onclick>
			</item>
			<!-- Refresh -->
			<item>
				<label>$INFO[Control.GetLabel(2)]</label>
				<icon>special://skin/extras/icons/update.png</icon>
				<onclick>SetFocus(50)</onclick>
				<onclick>SendClick(2)</onclick>
				<visible>Control.IsEnabled(2)</visible>
			</item>
			<!-- Settings -->
			<item>
				<label>$INFO[Control.GetLabel(9004)]</label>
				<icon>special://skin/extras/icons/sun.png</icon>
				<onclick>SetFocus(50)</onclick>
				<onclick>Addon.OpenSettings($INFO[Weather.Plugin])</onclick>
				<visible>Control.IsEnabled(9004)</visible>
			</item>
			<!-- Settings -->
			<item>
				<label>$INFO[Control.GetLabel(9005)]</label>
				<icon>special://skin/extras/icons/settings.png</icon>
				<onclick>SetFocus(50)</onclick>
				<onclick>ActivateWindow(ServiceSettings,weather)</onclick>
				<visible>Control.IsEnabled(9005)</visible>
			</item>
			<!-- Icons -->
			<item>
				<label>$INFO[Control.GetLabel(9006)]</label>
				<icon>special://skin/extras/icons/paintbrush.png</icon>
				<onclick>RunScript(script.image.resource.select,property=weather.icons&amp;type=resource.images.weathericons)</onclick>
				<visible>Control.IsEnabled(9006)</visible>
			</item>
			<!-- Fanart -->
			<item>
				<label>$INFO[Control.GetLabel(9007)]</label>
				<icon>special://skin/extras/icons/pictures.png</icon>
				<onclick condition="!System.HasAddon(resource.images.weatherfanart.multi)">InstallAddon(resource.images.weatherfanart.multi)</onclick>
				<visible>Control.IsEnabled(9007)</visible>
			</item>
		</content>
	</include>
	<include name="Items_ExtendedInfo">
		<content>
			<!-- Trakt -->
			<item>
				<label>$INFO[Control.GetLabel(9009)]</label>
				<icon>special://skin/extras/icons/addtile.png</icon>
				<onclick>SendClick(9009)</onclick>
				<visible>Control.IsEnabled(9009)</visible>
			</item>
			<!-- Manage -->
			<item>
				<label>$INFO[Control.GetLabel(445)]</label>
				<icon>special://skin/extras/icons/configure.png</icon>
				<onclick>SendClick(445)</onclick>
				<visible>Control.IsEnabled(445)</visible>
			</item>
		</content>
	</include>
	<include name="Items_AddonsInfo">
		<content>
			<!-- use -->
			<item>
				<label>$INFO[Control.GetLabel(12)]</label>
				<icon>special://skin/extras/icons/play3.png</icon>
				<onclick>SendClick(12)</onclick>
				<visible>Control.IsEnabled(12)</visible>
			</item>
			<!-- enable -->
			<item>
				<label>$LOCALIZE[449]</label>
				<icon>special://skin/extras/icons/enabled.png</icon>
				<onclick>SendClick(7)</onclick>
				<visible>Control.IsEnabled(7)</visible>
				<visible>String.IsEqual(Control.GetLabel(7),$LOCALIZE[24021])</visible>
				<visible>!Skin.HasSetting(global.kioskmode)</visible>
			</item>
			<item>
				<label>$LOCALIZE[24023]</label>
				<icon>special://skin/extras/icons/disabled.png</icon>
				<onclick>SendClick(7)</onclick>
				<visible>Control.IsEnabled(7)</visible>
				<visible>!String.IsEqual(Control.GetLabel(7),$LOCALIZE[24021])</visible>
				<visible>!Skin.HasSetting(global.kioskmode)</visible>
			</item>
			<!-- uninstall / install -->
			<item>
				<label>$INFO[Control.GetLabel(6)]</label>
				<icon>special://skin/extras/icons/download.png</icon>
				<onclick>SendClick(6)</onclick>
				<visible>Control.IsEnabled(6)</visible>
				<visible>!Skin.HasSetting(global.kioskmode)</visible>
				<visible>!String.IsEqual(Control.GetLabel(6),$LOCALIZE[24037])</visible>
			</item>
			<item>
				<label>$INFO[Control.GetLabel(6)]</label>
				<icon>special://skin/extras/icons/uninstall.png</icon>
				<onclick>SendClick(6)</onclick>
				<visible>Control.IsEnabled(6)</visible>
				<visible>!Skin.HasSetting(global.kioskmode)</visible>
				<visible>String.IsEqual(Control.GetLabel(6),$LOCALIZE[24037])</visible>
			</item>
			<!--Update -->
			<item>
				<label>$INFO[Control.GetLabel(8)]</label>
				<icon>special://skin/extras/icons/update.png</icon>
				<onclick>SendClick(8)</onclick>
				<visible>Control.IsEnabled(8)</visible>
				<visible>!Skin.HasSetting(global.kioskmode)</visible>
			</item>
			<!-- Dependancies -->
			<item>
				<label>$INFO[Control.GetLabel(10)]</label>
				<icon>special://skin/extras/icons/chart.png</icon>
				<onclick>SetFocus(10)</onclick>
				<onclick>Select</onclick>
				<visible>Control.IsEnabled(10)</visible>
			</item>
			<!-- settings -->
			<item>
				<label>$INFO[Control.GetLabel(9)]</label>
				<icon>special://skin/extras/icons/settings.png</icon>
				<onclick>SendClick(9)</onclick>
				<visible>Control.IsEnabled(9)</visible>
				<visible>!Skin.HasSetting(global.kioskmode)</visible>
			</item>
			<!-- Auto Update -->
			<item>
				<label>$INFO[Control.GetLabel(13)]</label>
				<icon>$VAR[Image_AutoUpdate]</icon>
				<onclick>SetFocus(13)</onclick>
				<onclick>Select</onclick>
				<onclick>SetFocus(300)</onclick>
				<visible>Control.IsEnabled(13)</visible>
				<visible>!Skin.HasSetting(global.kioskmode)</visible>
			</item>
		</content>
	</include>
	<include name="Items_View">
		<content>
			<!-- Group -->
			<item>
				<label>$INFO[Control.GetLabel(28)]</label>
				<icon>special://skin/extras/icons/years.png</icon>
				<onclick>SendClick(28)</onclick>
				<visible>Control.IsEnabled(28)</visible>
			</item>
			<!-- Viewmode -->
			<item>
				<label>$INFO[Container.Viewmode,$LOCALIZE[582]: ,]</label>
				<icon>special://skin/extras/icons/viewmode.png</icon>
				<include>Items_LockUnlock</include>
				<onclick>Container.NextViewMode</onclick>
				<visible>Control.IsEnabled(2)</visible>
				<visible>Window.IsVisible(MyVideoNav.xml) | Window.IsVisible(MyMusicNav.xml) | Window.IsVisible(AddonBrowser.xml) | Window.IsVisible(MyPics.xml) | Window.IsVisible(MyPrograms.xml)</visible>
				<visible>!Skin.HasSetting(global.kioskmode)</visible>
			</item>
			<!-- Viewmode -->
			<item>
				<label>$INFO[Container.Viewmode,$LOCALIZE[582]: ,]</label>
				<icon>special://skin/extras/icons/playlist.png</icon>
				<include>Items_LockUnlock</include>
				<onclick>RunScript(script.skin.helper.service,action=SETVIEW)</onclick>
				<visible>Control.IsEnabled(2)</visible>
				<visible>Window.IsVisible(MyVideoNav.xml) | Window.IsVisible(MyMusicNav.xml) | Window.IsVisible(AddonBrowser.xml) | Window.IsVisible(MyPics.xml) | Window.IsVisible(MyPrograms.xml)</visible>
				<visible>!Skin.HasSetting(global.kioskmode)</visible>
			</item>
			<!-- Lock viewmode -->
			<item>
				<label>$VAR[Items_LockUnlock_Label,,: ]$INFO[Container.Content,[CAPITALIZE],[/CAPITALIZE]]</label>
				<icon>$VAR[Items_LockUnlock_Icon]</icon>
				<include>Items_LockUnlock</include>
				<onclick condition="[Container.Content() + String.IsEmpty(Skin.String(Skin.ForcedView.))]">AlarmClock(setviewlock,Skin.SetString(Skin.ForcedView.$INFO[Container.Content],$INFO[Container.Viewmode]),00:01,silent)</onclick>
				<onclick condition="[Container.Content(tags) + String.IsEmpty(Skin.String(Skin.ForcedView.tags))]">AlarmClock(setviewlock,Skin.SetString(Skin.ForcedView.$INFO[Container.Content],$INFO[Container.Viewmode]),00:01,silent)</onclick>
				<onclick condition="[Container.Content(years) + String.IsEmpty(Skin.String(Skin.ForcedView.years))]">AlarmClock(setviewlock,Skin.SetString(Skin.ForcedView.$INFO[Container.Content],$INFO[Container.Viewmode]),00:01,silent)</onclick>
				<onclick condition="[Container.Content(genres) + String.IsEmpty(Skin.String(Skin.ForcedView.genres))]">AlarmClock(setviewlock,Skin.SetString(Skin.ForcedView.$INFO[Container.Content],$INFO[Container.Viewmode]),00:01,silent)</onclick>
				<onclick condition="[Container.Content(countries) + String.IsEmpty(Skin.String(Skin.ForcedView.countries))]">AlarmClock(setviewlock,Skin.SetString(Skin.ForcedView.$INFO[Container.Content],$INFO[Container.Viewmode]),00:01,silent)</onclick>
				<onclick condition="[Container.Content(studios) + String.IsEmpty(Skin.String(Skin.ForcedView.studios))]">AlarmClock(setviewlock,Skin.SetString(Skin.ForcedView.$INFO[Container.Content],$INFO[Container.Viewmode]),00:01,silent)</onclick>
				<onclick condition="[Container.Content(playlists) + String.IsEmpty(Skin.String(Skin.ForcedView.playlists))]">AlarmClock(setviewlock,Skin.SetString(Skin.ForcedView.$INFO[Container.Content],$INFO[Container.Viewmode]),00:01,silent)</onclick>
				<onclick condition="[Container.Content(movies) + String.IsEmpty(Skin.String(Skin.ForcedView.movies))]">AlarmClock(setviewlock,Skin.SetString(Skin.ForcedView.$INFO[Container.Content],$INFO[Container.Viewmode]),00:01,silent)</onclick>
				<onclick condition="[Container.Content(sets) + String.IsEmpty(Skin.String(Skin.ForcedView.sets))]">AlarmClock(setviewlock,Skin.SetString(Skin.ForcedView.$INFO[Container.Content],$INFO[Container.Viewmode]),00:01,silent)</onclick>
				<onclick condition="[Container.Content(tvshows) + String.IsEmpty(Skin.String(Skin.ForcedView.tvshows))]">AlarmClock(setviewlock,Skin.SetString(Skin.ForcedView.$INFO[Container.Content],$INFO[Container.Viewmode]),00:01,silent)</onclick>
				<onclick condition="[Container.Content(seasons) + String.IsEmpty(Skin.String(Skin.ForcedView.seasons))]">AlarmClock(setviewlock,Skin.SetString(Skin.ForcedView.$INFO[Container.Content],$INFO[Container.Viewmode]),00:01,silent)</onclick>
				<onclick condition="[Container.Content(episodes) + String.IsEmpty(Skin.String(Skin.ForcedView.episodes))]">AlarmClock(setviewlock,Skin.SetString(Skin.ForcedView.$INFO[Container.Content],$INFO[Container.Viewmode]),00:01,silent)</onclick>
				<onclick condition="[Container.Content(artists) + String.IsEmpty(Skin.String(Skin.ForcedView.artists))]">AlarmClock(setviewlock,Skin.SetString(Skin.ForcedView.$INFO[Container.Content],$INFO[Container.Viewmode]),00:01,silent)</onclick>
				<onclick condition="[Container.Content(albums) + String.IsEmpty(Skin.String(Skin.ForcedView.albums))]">AlarmClock(setviewlock,Skin.SetString(Skin.ForcedView.$INFO[Container.Content],$INFO[Container.Viewmode]),00:01,silent)</onclick>
				<onclick condition="[Container.Content(songs) + String.IsEmpty(Skin.String(Skin.ForcedView.songs))]">AlarmClock(setviewlock,Skin.SetString(Skin.ForcedView.$INFO[Container.Content],$INFO[Container.Viewmode]),00:01,silent)</onclick>
				<onclick condition="[Container.Content(musicvideos) + String.IsEmpty(Skin.String(Skin.ForcedView.musicvideos))]">AlarmClock(setviewlock,Skin.SetString(Skin.ForcedView.$INFO[Container.Content],$INFO[Container.Viewmode]),00:01,silent)</onclick>
				<onclick condition="[Container.Content(addons) + String.IsEmpty(Skin.String(Skin.ForcedView.addons))]">AlarmClock(setviewlock,Skin.SetString(Skin.ForcedView.$INFO[Container.Content],$INFO[Container.Viewmode]),00:01,silent)</onclick>
				<onclick condition="[Container.Content(actors) + String.IsEmpty(Skin.String(Skin.ForcedView.actors))]">AlarmClock(setviewlock,Skin.SetString(Skin.ForcedView.$INFO[Container.Content],$INFO[Container.Viewmode]),00:01,silent)</onclick>
				<onclick condition="[Container.Content(directors) + String.IsEmpty(Skin.String(Skin.ForcedView.directors))]">AlarmClock(setviewlock,Skin.SetString(Skin.ForcedView.$INFO[Container.Content],$INFO[Container.Viewmode]),00:01,silent)</onclick>
				<onclick condition="[Container.Content(files) + String.IsEmpty(Skin.String(Skin.ForcedView.files))]">AlarmClock(setviewlock,Skin.SetString(Skin.ForcedView.$INFO[Container.Content],$INFO[Container.Viewmode]),00:01,silent)</onclick>
				<onclick condition="[Container.Content(mixed) + String.IsEmpty(Skin.String(Skin.ForcedView.mixed))]">AlarmClock(setviewlock,Skin.SetString(Skin.ForcedView.$INFO[Container.Content],$INFO[Container.Viewmode]),00:01,silent)</onclick>
				<onclick condition="[Container.Content(images) + String.IsEmpty(Skin.String(Skin.ForcedView.images))]">AlarmClock(setviewlock,Skin.SetString(Skin.ForcedView.$INFO[Container.Content],$INFO[Container.Viewmode]),00:01,silent)</onclick>
				<onclick condition="[Container.Content(games) + String.IsEmpty(Skin.String(Skin.ForcedView.games))]">AlarmClock(setviewlock,Skin.SetString(Skin.ForcedView.$INFO[Container.Content],$INFO[Container.Viewmode]),00:01,silent)</onclick>
				<onclick condition="[Container.Content(unknown) + String.IsEmpty(Skin.String(Skin.ForcedView.unknown))]">AlarmClock(setviewlock,Skin.SetString(Skin.ForcedView.$INFO[Container.Content],$INFO[Container.Viewmode]),00:01,silent)</onclick>
				<onclick condition="[Container.Content(videos) + String.IsEmpty(Skin.String(Skin.ForcedView.videos))]">AlarmClock(setviewlock,Skin.SetString(Skin.ForcedView.$INFO[Container.Content],$INFO[Container.Viewmode]),00:01,silent)</onclick>
				<visible>Window.IsVisible(MyVideoNav.xml) | Window.IsVisible(MyMusicNav.xml) | Window.IsVisible(AddonBrowser.xml) | Window.IsVisible(MyPics.xml) | Window.IsVisible(MyPrograms.xml)</visible>
				<visible>!Skin.HasSetting(global.kioskmode)</visible>
			</item>
			<!-- Sort -->
			<item>
				<label>$INFO[Control.GetLabel(3)]</label>
				<icon>special://skin/extras/icons/sort2.png</icon>
				<onclick>SendClick(3)</onclick>
				<visible>Control.IsEnabled(3)</visible>
			</item>
			<!-- Ascend Descend -->
			<item>
				<label>$INFO[Control.GetLabel(4),$LOCALIZE[31239]: ,]</label>
				<icon>special://skin/extras/icons/sort.png</icon>
				<onclick>SendClick(4)</onclick>
				<visible>Control.IsEnabled(4)</visible>
			</item>
			<!-- Filter -->
			<item>
				<label>$LOCALIZE[587]: $VAR[Label_Filtered]</label>
				<icon>$VAR[Image_Filtered]</icon>
				<onclick>SendClick(19)</onclick>
				<visible>!Container.CanFilterAdvanced</visible>
				<visible>Container.CanFilter</visible>
			</item>
			<!-- Search -->
			<item>
				<label>$LOCALIZE[137]</label>
				<icon>special://skin/extras/icons/search.png</icon>
				<onclick condition="!System.HasAddon(script.globalsearch)">SendClick(8)</onclick>
				<onclick condition="System.HasAddon(script.globalsearch)">SetFocus(50)</onclick>
				<onclick condition="System.HasAddon(script.globalsearch)">RunScript(script.globalsearch)</onclick>
				<visible>Control.IsEnabled(8)</visible>
			</item>
			<!-- Filter -->
			<item>
				<label>$LOCALIZE[587]: $VAR[Label_Filtered]</label>
				<icon>$VAR[Image_Filtered]</icon>
				<onclick>Filter</onclick>
				<visible>Container.CanFilterAdvanced</visible>
			</item>
			<!-- Hide Watched -->
			<item>
				<label>$INFO[Control.GetLabel(14)]</label>
				<icon>$VAR[Image_Watched]</icon>
				<onclick>SendClick(14)</onclick>
				<visible>Control.IsEnabled(14)</visible>
			</item>
			<!-- Hide Foreign -->
			<item>
				<label>$INFO[Control.GetLabel(7)]</label>
				<icon>special://skin/extras/icons/world.png</icon>
				<onclick>SendClick(7)</onclick>
				<visible>Window.IsVisible(AddonBrowser.xml)</visible>
				<visible>Control.IsEnabled(7)</visible>
				<visible>!Skin.HasSetting(global.kioskmode)</visible>
			</item>
			<!-- Hide Incompat -->
			<item>
				<label>$INFO[Control.GetLabel(8)]</label>
				<icon>special://skin/extras/icons/warning.png</icon>
				<onclick>SendClick(8)</onclick>
				<visible>Window.IsVisible(AddonBrowser.xml)</visible>
				<visible>Control.IsEnabled(8)</visible>
				<visible>!Skin.HasSetting(global.kioskmode)</visible>
			</item>
			<!-- Extra Fanart -->
			<item>
				<label>$VAR[Label_ExtraFanart]</label>
				<icon>special://skin/extras/icons/filebox.png</icon>
				<onclick>Skin.ToggleSetting(SkinHelper.EnableExtraFanart)</onclick>
				<visible>Control.IsEnabled(6005)</visible>
				<visible>!Skin.HasSetting(global.kioskmode)</visible>
			</item>
			<!-- Settings -->
			<item>
				<label>$INFO[Control.GetLabel(5)]</label>
				<icon>special://skin/extras/icons/settings.png</icon>
				<onclick>SendClick(5)</onclick>
				<visible>Control.IsEnabled(5)</visible>
				<visible>!Skin.HasSetting(global.kioskmode)</visible>
			</item>
			<!-- Update -->
			<item>
				<label>$INFO[Control.GetLabel(20)]</label>
				<icon>special://skin/extras/icons/update.png</icon>
				<onclick>SendClick(20)</onclick>
				<visible>Control.IsEnabled(20)</visible>
				<visible>!Skin.HasSetting(global.kioskmode)</visible>
			</item>
			<!-- Check Updates -->
			<item>
				<label>$INFO[Control.GetLabel(9)]</label>
				<icon>special://skin/extras/icons/update.png</icon>
				<onclick>SendClick(9)</onclick>
				<visible>Control.IsEnabled(9)</visible>
				<visible>!Skin.HasSetting(global.kioskmode)</visible>
			</item>
			<!-- Playlist -->
			<item>
				<icon>special://skin/extras/icons/playlist.png</icon>
				<label>13350</label>
				<onclick condition="!String.IsEqual(Playlist.Length(music),0) + String.IsEqual(Playlist.Length(video),0)">ActivateWindow(musicplaylist)</onclick>
				<onclick condition="!String.IsEqual(Playlist.Length(video),0) + String.IsEqual(Playlist.Length(music),0)">ActivateWindow(videoplaylist)</onclick>
				<onclick condition="!String.IsEqual(Playlist.Length(music),0) + !String.IsEqual(Playlist.Length(video),0)">SetProperty(Dialog.1.Label,$LOCALIZE[31395])</onclick>
				<onclick condition="!String.IsEqual(Playlist.Length(music),0) + !String.IsEqual(Playlist.Length(video),0)">SetProperty(Dialog.1.BuiltIn,ActivateWindow(musicplaylist))</onclick>
				<onclick condition="!String.IsEqual(Playlist.Length(music),0) + !String.IsEqual(Playlist.Length(video),0)">SetProperty(Dialog.2.Label,$LOCALIZE[31396])</onclick>
				<onclick condition="!String.IsEqual(Playlist.Length(music),0) + !String.IsEqual(Playlist.Length(video),0)">SetProperty(Dialog.2.BuiltIn,ActivateWindow(videoplaylist))</onclick>
				<onclick condition="!String.IsEqual(Playlist.Length(music),0) + !String.IsEqual(Playlist.Length(video),0)">RunScript(script.toolbox,info=selectdialog,header=$LOCALIZE[524])</onclick>
				<visible>!String.IsEqual(Playlist.Length(music),0) | !String.IsEqual(Playlist.Length(video),0)</visible>
			</item>
			<!-- Fullscreen -->
			<item>
				<icon>special://skin/extras/icons/fullscreen.png</icon>
				<label>$LOCALIZE[31023]</label>
				<visible>Player.HasMedia</visible>
				<onclick>Fullscreen</onclick>
			</item>
			<!-- Addon settings -->
			<item>
				<icon>special://skin/extras/icons/settings.png</icon>
				<label>$LOCALIZE[10140]</label>
				<onclick>Addon.OpenSettings($INFO[Container.PluginName])</onclick>
				<visible>!String.IsEmpty(Container.PluginName)</visible>
				<visible>!Skin.HasSetting(global.kioskmode)</visible>
			</item>
			<!-- Get More -->
			<item>
				<icon>special://skin/extras/icons/download.png</icon>
				<label>$LOCALIZE[21452]</label>
				<onclick>ActivateWindow(addonbrowser,addons://more/video/,return)</onclick>
				<visible>Container.Content(addons) + !String.Contains(Container.FolderPath,addons://)</visible>
				<visible>!Skin.HasSetting(global.kioskmode)</visible>
			</item>
			<item>
				<icon>special://skin/extras/icons/updatelibrary.png</icon>
				<label>Refresh</label>
				<onclick>Container.Refresh</onclick>
			</item>
			<!-- Configure -->
			<!-- <item>
                <icon>special://skin/extras/icons/configure.png</icon>
                <label>$LOCALIZE[31039]</label>
                <onclick>ActivateWindow(1117)</onclick>
                <visible>Control.IsEnabled(2)</visible>
                <visible>Window.IsVisible(MyVideoNav.xml) | Window.IsVisible(MyMusicNav.xml) | Window.IsVisible(AddonBrowser.xml) | Window.IsVisible(MyPics.xml) | Window.IsVisible(MyPrograms.xml)</visible>
                <visible>!Skin.HasSetting(global.kioskmode)</visible>
            </item> -->
		</content>
	</include>
	<include name="Items_NextAired">
		<content>
			<item>
				<icon>special://skin/extras/icons/settings.png</icon>
				<label>$LOCALIZE[10140]</label>
				<onclick>Addon.OpenSettings(script.tv.show.next.aired)</onclick>
				<visible>!Skin.HasSetting(global.kioskmode)</visible>
			</item>
		</content>
	</include>
	<include name="Items_GlobalSearch">
		<content>
			<item>
				<icon>special://skin/extras/icons/search.png</icon>
				<label>$LOCALIZE[137]</label>
				<onclick>SendClick(198)</onclick>
			</item>
		</content>
	</include>
	<include name="Items_Playlist">
		<content>
			<!-- Sort -->
			<item>
				<label>$INFO[Control.GetLabel(3)]</label>
				<icon>special://skin/extras/icons/sort2.png</icon>
				<onclick>SendClick(3)</onclick>
				<visible>Control.IsEnabled(3)</visible>
			</item>
			<!-- Ascend Descend -->
			<item>
				<label>$INFO[Control.GetLabel(4)]</label>
				<icon>special://skin/extras/icons/sort.png</icon>
				<onclick>SendClick(4)</onclick>
				<visible>Control.IsEnabled(4)</visible>
			</item>
			<!-- Save -->
			<item>
				<label>$INFO[Control.GetLabel(21)]</label>
				<icon>special://skin/extras/icons/files.png</icon>
				<onclick>SendClick(21)</onclick>
				<visible>Control.IsEnabled(21)</visible>
			</item>
			<!-- Clear -->
			<item>
				<label>$INFO[Control.GetLabel(22)]</label>
				<icon>special://skin/extras/icons/error.png</icon>
				<onclick>SendClick(22)</onclick>
				<visible>Control.IsEnabled(22)</visible>
			</item>
			<!-- Play -->
			<item>
				<label>$INFO[Control.GetLabel(23)]</label>
				<icon>special://skin/extras/icons/play3.png</icon>
				<onclick>SendClick(23)</onclick>
				<visible>Control.IsEnabled(23)</visible>
			</item>
			<!-- Repeat -->
			<item>
				<label>$INFO[Control.GetLabel(26)]</label>
				<icon>special://skin/extras/icons/repeat.png</icon>
				<onclick>SendClick(26)</onclick>
				<visible>Control.IsEnabled(26)</visible>
			</item>
			<!-- Shuffle -->
			<item>
				<label>$INFO[Control.GetLabel(20)]</label>
				<icon>special://skin/extras/icons/shuffle.png</icon>
				<onclick>SendClick(20)</onclick>
				<visible>Control.IsEnabled(20)</visible>
			</item>
			<!-- Fullscreen -->
			<item>
				<icon>special://skin/extras/icons/fullscreen.png</icon>
				<label>$LOCALIZE[31023]</label>
				<visible>Player.HasMedia</visible>
				<onclick>Fullscreen</onclick>
			</item>
		</content>
	</include>
	<include name="Items_MainMenu">
		<content>
			<include>skinshortcuts-mainmenu</include>
		</content>
	</include>
	<include name="Items_SubMenu">
		<content>
			<include>skinshortcuts-submenu</include>
		</content>
	</include>
	<variable name="Items_LockUnlock_Icon">
		<value condition="[Container.Content() + !String.IsEmpty(Skin.String(Skin.ForcedView.))] | [Container.Content(tags) + !String.IsEmpty(Skin.String(Skin.ForcedView.tags))] | [Container.Content(years) + !String.IsEmpty(Skin.String(Skin.ForcedView.years))] | [Container.Content(genres) + !String.IsEmpty(Skin.String(Skin.ForcedView.genres))] | [Container.Content(countries) + !String.IsEmpty(Skin.String(Skin.ForcedView.countries))] | [Container.Content(studios) + !String.IsEmpty(Skin.String(Skin.ForcedView.studios))] | [Container.Content(playlists) + !String.IsEmpty(Skin.String(Skin.ForcedView.playlists))] | [Container.Content(movies) + !String.IsEmpty(Skin.String(Skin.ForcedView.movies))] | [Container.Content(sets) + !String.IsEmpty(Skin.String(Skin.ForcedView.sets))] | [Container.Content(tvshows) + !String.IsEmpty(Skin.String(Skin.ForcedView.tvshows))] | [Container.Content(seasons) + !String.IsEmpty(Skin.String(Skin.ForcedView.seasons))] | [Container.Content(episodes) + !String.IsEmpty(Skin.String(Skin.ForcedView.episodes))] | [Container.Content(artists) + !String.IsEmpty(Skin.String(Skin.ForcedView.artists))] | [Container.Content(albums) + !String.IsEmpty(Skin.String(Skin.ForcedView.albums))] | [Container.Content(songs) + !String.IsEmpty(Skin.String(Skin.ForcedView.songs))] | [Container.Content(musicvideos) + !String.IsEmpty(Skin.String(Skin.ForcedView.musicvideos))] | [Container.Content(addons) + !String.IsEmpty(Skin.String(Skin.ForcedView.addons))] | [Container.Content(actors) + !String.IsEmpty(Skin.String(Skin.ForcedView.actors))] | [Container.Content(directors) + !String.IsEmpty(Skin.String(Skin.ForcedView.directors))] | [Container.Content(files) + !String.IsEmpty(Skin.String(Skin.ForcedView.files))] | [Container.Content(mixed) + !String.IsEmpty(Skin.String(Skin.ForcedView.mixed))] | [Container.Content(images) + !String.IsEmpty(Skin.String(Skin.ForcedView.images))] | [Container.Content(games) + !String.IsEmpty(Skin.String(Skin.ForcedView.games))] | [Container.Content(unknown) + !String.IsEmpty(Skin.String(Skin.ForcedView.unknown))] | [Container.Content(videos) + !String.IsEmpty(Skin.String(Skin.ForcedView.videos))]">special://skin/extras/icons/locked.png</value>
		<value>special://skin/extras/icons/unlocked.png</value>
	</variable>
	<variable name="Items_LockUnlock_Label">
		<value condition="[Container.Content() + !String.IsEmpty(Skin.String(Skin.ForcedView.))] | [Container.Content(tags) + !String.IsEmpty(Skin.String(Skin.ForcedView.tags))] | [Container.Content(years) + !String.IsEmpty(Skin.String(Skin.ForcedView.years))] | [Container.Content(genres) + !String.IsEmpty(Skin.String(Skin.ForcedView.genres))] | [Container.Content(countries) + !String.IsEmpty(Skin.String(Skin.ForcedView.countries))] | [Container.Content(studios) + !String.IsEmpty(Skin.String(Skin.ForcedView.studios))] | [Container.Content(playlists) + !String.IsEmpty(Skin.String(Skin.ForcedView.playlists))] | [Container.Content(movies) + !String.IsEmpty(Skin.String(Skin.ForcedView.movies))] | [Container.Content(sets) + !String.IsEmpty(Skin.String(Skin.ForcedView.sets))] | [Container.Content(tvshows) + !String.IsEmpty(Skin.String(Skin.ForcedView.tvshows))] | [Container.Content(seasons) + !String.IsEmpty(Skin.String(Skin.ForcedView.seasons))] | [Container.Content(episodes) + !String.IsEmpty(Skin.String(Skin.ForcedView.episodes))] | [Container.Content(artists) + !String.IsEmpty(Skin.String(Skin.ForcedView.artists))] | [Container.Content(albums) + !String.IsEmpty(Skin.String(Skin.ForcedView.albums))] | [Container.Content(songs) + !String.IsEmpty(Skin.String(Skin.ForcedView.songs))] | [Container.Content(musicvideos) + !String.IsEmpty(Skin.String(Skin.ForcedView.musicvideos))] | [Container.Content(addons) + !String.IsEmpty(Skin.String(Skin.ForcedView.addons))] | [Container.Content(actors) + !String.IsEmpty(Skin.String(Skin.ForcedView.actors))] | [Container.Content(directors) + !String.IsEmpty(Skin.String(Skin.ForcedView.directors))] | [Container.Content(files) + !String.IsEmpty(Skin.String(Skin.ForcedView.files))] | [Container.Content(mixed) + !String.IsEmpty(Skin.String(Skin.ForcedView.mixed))] | [Container.Content(images) + !String.IsEmpty(Skin.String(Skin.ForcedView.images))] | [Container.Content(games) + !String.IsEmpty(Skin.String(Skin.ForcedView.games))] | [Container.Content(unknown) + !String.IsEmpty(Skin.String(Skin.ForcedView.unknown))] | [Container.Content(videos) + !String.IsEmpty(Skin.String(Skin.ForcedView.videos))]">$LOCALIZE[31180]</value>
		<value>$LOCALIZE[31179]</value>
	</variable>
	<include name="Items_LockUnlock">
		<onclick condition="[Container.Content() + !String.IsEmpty(Skin.String(Skin.ForcedView.))]">Skin.Reset(Skin.ForcedView.)</onclick>
		<onclick condition="[Container.Content(tags) + !String.IsEmpty(Skin.String(Skin.ForcedView.tags))]">Skin.Reset(Skin.ForcedView.tags)</onclick>
		<onclick condition="[Container.Content(years) + !String.IsEmpty(Skin.String(Skin.ForcedView.years))]">Skin.Reset(Skin.ForcedView.years)</onclick>
		<onclick condition="[Container.Content(genres) + !String.IsEmpty(Skin.String(Skin.ForcedView.genres))]">Skin.Reset(Skin.ForcedView.genres)</onclick>
		<onclick condition="[Container.Content(countries) + !String.IsEmpty(Skin.String(Skin.ForcedView.countries))]">Skin.Reset(Skin.ForcedView.countries)</onclick>
		<onclick condition="[Container.Content(studios) + !String.IsEmpty(Skin.String(Skin.ForcedView.studios))]">Skin.Reset(Skin.ForcedView.studios)</onclick>
		<onclick condition="[Container.Content(playlists) + !String.IsEmpty(Skin.String(Skin.ForcedView.playlists))]">Skin.Reset(Skin.ForcedView.playlists)</onclick>
		<onclick condition="[Container.Content(movies) + !String.IsEmpty(Skin.String(Skin.ForcedView.movies))]">Skin.Reset(Skin.ForcedView.movies)</onclick>
		<onclick condition="[Container.Content(sets) + !String.IsEmpty(Skin.String(Skin.ForcedView.sets))]">Skin.Reset(Skin.ForcedView.sets)</onclick>
		<onclick condition="[Container.Content(tvshows) + !String.IsEmpty(Skin.String(Skin.ForcedView.tvshows))]">Skin.Reset(Skin.ForcedView.tvshows)</onclick>
		<onclick condition="[Container.Content(seasons) + !String.IsEmpty(Skin.String(Skin.ForcedView.seasons))]">Skin.Reset(Skin.ForcedView.seasons)</onclick>
		<onclick condition="[Container.Content(episodes) + !String.IsEmpty(Skin.String(Skin.ForcedView.episodes))]">Skin.Reset(Skin.ForcedView.episodes)</onclick>
		<onclick condition="[Container.Content(artists) + !String.IsEmpty(Skin.String(Skin.ForcedView.artists))]">Skin.Reset(Skin.ForcedView.artists)</onclick>
		<onclick condition="[Container.Content(albums) + !String.IsEmpty(Skin.String(Skin.ForcedView.albums))]">Skin.Reset(Skin.ForcedView.albums)</onclick>
		<onclick condition="[Container.Content(songs) + !String.IsEmpty(Skin.String(Skin.ForcedView.songs))]">Skin.Reset(Skin.ForcedView.songs)</onclick>
		<onclick condition="[Container.Content(musicvideos) + !String.IsEmpty(Skin.String(Skin.ForcedView.musicvideos))]">Skin.Reset(Skin.ForcedView.musicvideos)</onclick>
		<onclick condition="[Container.Content(addons) + !String.IsEmpty(Skin.String(Skin.ForcedView.addons))]">Skin.Reset(Skin.ForcedView.addons)</onclick>
		<onclick condition="[Container.Content(actors) + !String.IsEmpty(Skin.String(Skin.ForcedView.actors))]">Skin.Reset(Skin.ForcedView.actors)</onclick>
		<onclick condition="[Container.Content(directors) + !String.IsEmpty(Skin.String(Skin.ForcedView.directors))]">Skin.Reset(Skin.ForcedView.directors)</onclick>
		<onclick condition="[Container.Content(files) + !String.IsEmpty(Skin.String(Skin.ForcedView.files))]">Skin.Reset(Skin.ForcedView.files)</onclick>
		<onclick condition="[Container.Content(mixed) + !String.IsEmpty(Skin.String(Skin.ForcedView.mixed))]">Skin.Reset(Skin.ForcedView.mixed)</onclick>
		<onclick condition="[Container.Content(images) + !String.IsEmpty(Skin.String(Skin.ForcedView.images))]">Skin.Reset(Skin.ForcedView.images)</onclick>
		<onclick condition="[Container.Content(games) + !String.IsEmpty(Skin.String(Skin.ForcedView.games))]">Skin.Reset(Skin.ForcedView.games)</onclick>
		<onclick condition="[Container.Content(unknown) + !String.IsEmpty(Skin.String(Skin.ForcedView.unknown))]">Skin.Reset(Skin.ForcedView.unknown)</onclick>
		<onclick condition="[Container.Content(videos) + !String.IsEmpty(Skin.String(Skin.ForcedView.videos))]">Skin.Reset(Skin.ForcedView.videos)</onclick>
	</include>
</includes>
