<?xml version="1.0" encoding="UTF-8"?>
<includes>
	<include name="Widget_Movement">
		<param name="submenu" default="false"/>
		<definition>
			<!--
            <onunfocus condition="String.IsEqual($PARAM[aspect],$LOCALIZE[31038]) + Integer.IsEqual(Container($PARAM[id]).Position,0)">SetProperty(listposition,0,home)</onunfocus>
            <onunfocus condition="String.IsEqual($PARAM[aspect],$LOCALIZE[31038]) + Integer.IsEqual(Container($PARAM[id]).Position,1)">SetProperty(listposition,3,home)</onunfocus>
            <onunfocus condition="String.IsEqual($PARAM[aspect],$LOCALIZE[31038]) + Integer.IsEqual(Container($PARAM[id]).Position,2)">SetProperty(listposition,5,home)</onunfocus>
            <onunfocus condition="String.IsEqual($PARAM[aspect],$LOCALIZE[31038])">SetProperty(landscapeposition,$INFO[Container($PARAM[id]).Position],home)</onunfocus>

            <onunfocus condition="!String.IsEqual($PARAM[aspect],$LOCALIZE[31038])">SetProperty(listposition,$INFO[Container($PARAM[id]).Position],home)</onunfocus>
            <onunfocus condition="!String.IsEqual($PARAM[aspect],$LOCALIZE[31038]) + Integer.IsLess(Container($PARAM[id]).Position,2)">SetProperty(landscapeposition,0,home)</onunfocus>
            <onunfocus condition="!String.IsEqual($PARAM[aspect],$LOCALIZE[31038]) + !Integer.IsLess(Container($PARAM[id]).Position,2) + !Integer.IsGreater(Container($PARAM[id]).Position,4)">SetProperty(landscapeposition,1,home)</onunfocus>
            <onfocus condition="String.IsEqual($PARAM[aspect],$LOCALIZE[31038]) + !$PARAM[submenu]">Control.Move($PARAM[id],$INFO[Window(home).Property(landscapeposition)])</onfocus>
            <onunfocus condition="!String.IsEqual($PARAM[aspect],$LOCALIZE[31038]) + Integer.IsGreater(Container($PARAM[id]).Position,4)">SetProperty(landscapeposition,2,home)</onunfocus>


            <onfocus>Control.Move($PARAM[id],-$INFO[Container($PARAM[id]).Position])</onfocus>
-->
			<onunfocus condition="$PARAM[submenu]">SetProperty(listposition,0,home)</onunfocus>
			<onunfocus condition="$PARAM[submenu]">SetProperty(landscapeposition,0,home)</onunfocus>
			<onback condition="Window.IsActive(2111) | Window.IsActive(2112) | Window.IsActive(2113)| Window.IsActive(2114) | Window.IsActive(2115)| Window.IsActive(2116) | Window.IsActive(2117) | Window.IsVisible(4010) | Window.IsVisible(4020)">505</onback>
			<onback condition="!Integer.IsEqual(Container($PARAM[id]).Position,0) | Container($PARAM[id]).HasPrevious">Control.Move($PARAM[id],$INFO[Container($PARAM[id]).CurrentItem,-,])</onback>
			<onback condition="!Integer.IsEqual(Container($PARAM[id]).Position,0) | Container($PARAM[id]).HasPrevious">Control.Move($PARAM[id],1)</onback>
			<onback condition="Integer.IsEqual(Container($PARAM[id]).Position,0) + !Container($PARAM[id]).HasPrevious">SetFocus(302)</onback>
			<onback condition="Integer.IsEqual(Container($PARAM[id]).Position,0) + !Container($PARAM[id]).HasPrevious">SetFocus(300)</onback>
		</definition>
	</include>
	<include name="Widgets">
		<include condition="Skin.HasSetting(DisableNetflixHomeSidemenu)">nosidemenu_widget_control</include>
		<control type="group">
			<visible allowhiddenfocus="true">!$EXP[Exp_HideFurniture]</visible>
			<include>Animation_FadeInOut</include>
			<control type="group">
				<animation effect="slide" end="320,0" delay="0" time="400" condition="Skin.HasSetting(DisableMenuVertFull) + [Control.HasFocus(300) | Control.HasFocus(302)]">Conditional</animation>
				<!--                <include>Animation_Right</include> -->
				<include>Defs_InfoDialog_Visible</include>
				<control type="group">
					<left>-10</left>
					<right>-400</right>
					<animation type="Conditional" condition="Control.IsVisible(430)" reversible="false">
						<effect type="slide" end="0,20" time="60" tween="sine"/>
						<effect type="slide" end="0,-20" time="180" tween="sine" delay="80"/>
					</animation>
					<animation type="Conditional" condition="Control.IsVisible(431)" reversible="false">
						<effect type="slide" end="0,-20" time="60" tween="sine"/>
						<effect type="slide" end="0,20" time="180" tween="sine" delay="80"/>
					</animation>
					<control type="group" id="3000">
						<left>0</left>
						<top>0</top>
						<bottom>0</bottom>
						<control type="group">
							<include condition="Skin.HasSetting(DisableNetflixHome) + !Skin.HasSetting(DisableNetflixHomeAlt) + !Skin.HasSetting(DisableNetflixHomeMixed)">Object_Home_Netflix</include>
						</control>
						<control type="group">
							<include condition="Skin.HasSetting(DisableNetflixHome) + Skin.HasSetting(DisableNetflixHomeAlt) + !Skin.HasSetting(DisableNetflixHomeMixed)">Object_Home_Netflix_Alt</include>
						</control>
						<control type="group">
							<include condition="Skin.HasSetting(DisableNetflixHomeMixed) + Skin.HasSetting(DisableNetflixHome) + !Skin.HasSetting(DisableNetflixHomeAlt)">Object_Home_Netflix_Mixed</include>
						</control>
						<control type="group">
							<visible>Control.HasFocus(300) | Control.HasFocus(30222) | ControlGroup(505).HasFocus | ControlGroup(506).HasFocus | Control.HasFocus(1505) | Control.HasFocus(1506)</visible>
							<control type="group">
								<include condition="Skin.HasSetting(EnableSpotlight)">Spotlight_Movies_Widget</include>
								<include condition="Skin.HasSetting(EnableSpotlight)">Spotlight_Tvshows_Widget</include>
								<include condition="Skin.HasSetting(EnableSpotlight)">Spotlight_Tvshows_Info</include>
								<include condition="Skin.HasSetting(EnableSpotlight)">Spotlight_Movies_Info</include>
							</control>
							<control type="group">
								<left>130</left>
								<top>390</top>
								<animation effect="slide" end="0,-10" time="10" condition="String.IsEmpty(Container(1505).ListItem.Art(clearlogo))">Conditional</animation>
								<animation effect="slide" end="0,40" time="0" condition="String.IsEqual(Container(1505).ListItem.DBType,episode)">Conditional</animation>
								<include condition="Skin.HasSetting(EnableSpotlight)">Spotlight_Tvshows_buttons</include>
							</control>
							<control type="group">
								<left>130</left>
								<top>390</top>
								<animation effect="slide" end="0,-10" time="10" condition="String.IsEmpty(Container(1506).ListItem.Art(clearlogo))">Conditional</animation>
								<include condition="Skin.HasSetting(EnableSpotlight)">Spotlight_Movies_buttons</include>
							</control>
						</control>
						<include>main_menu_title</include>
						<include condition="!Skin.HasSetting(DisableNetflixLargeWidget)" content="Widgets_Grouplist_Large">
							<param name="top" value="$PARAM[top]"/>
							<param name="height" value="$PARAM[height]"/>
							<param name="id" value="$PARAM[id]"/>
							<param name="aspect" value="$PARAM[aspect]"/>
							<param name="widgetAspect" value="$PARAM[widgetAspect]"/>
							<param name="submenu" value="$PARAM[submenu]"/>
						</include>
						<include condition="Skin.HasSetting(DisableNetflixSmallWidget)" content="Widgets_Grouplist_small">
							<param name="top" value="$PARAM[top]"/>
							<param name="height" value="$PARAM[height]"/>
							<param name="id" value="$PARAM[id]"/>
							<param name="aspect" value="$PARAM[aspect]"/>
							<param name="widgetAspect" value="$PARAM[widgetAspect]"/>
							<param name="submenu" value="$PARAM[submenu]"/>
						</include>
						<control type="button" id="9966">
							<onleft>300</onleft>
							<onright>300</onright>
							<onup>300</onup>
							<ondown>300</ondown>
							<onback>300</onback>
							<width>1</width>
							<height>1</height>
							<top>-1000</top>
							<onclick>ActivateWindow(Weather)</onclick>
							<visible>String.IsEqual(Container(300).ListItem.Property(widget),Weather) | String.IsEqual(Container(300).ListItem.Property(widgetType),Weather Widget)</visible>
							<animation effect="fade" end="0" condition="true">Conditional</animation>
						</control>
						<control type="group">
							<include>WidgetHubScroll</include>
							<visible>String.IsEqual(Container(300).ListItem.Property(widgethubscroll),true)</visible>
						</control>
						<control type="group">
							<visible>String.IsEqual(Container(300).ListItem.Property(widget),Weather) | String.IsEqual(Container(300).ListItem.Property(widgetType),Weather Widget)</visible>
							<include>Weather</include>
						</control>
						<control type="group">
							<visible>String.IsEqual(Container(300).ListItem.Property(widget),Settings) | String.IsEqual(Container(300).ListItem.Property(widgetType),Settings Widget)</visible>
							<include condition="Skin.HasSetting(SettingsNew)">Widget_Settings</include>
							<include condition="!Skin.HasSetting(SettingsNew)">Widget_Settings_New</include>
						</control>
					</control>
				</control>
			</control>
		</control>
	</include>
	<include name="Widget_Settings">
		<control type="group">
			<top>view_top</top>
			<animation effect="slide" end="60,0" condition="Skin.HasSetting(DisableNetflixHomeSidemenu)">Conditional</animation>
			<animation effect="slide" end="90,-50" condition="!Skin.HasSetting(DisableNetflixHomeSidemenu)">Conditional</animation>
			<right>view_pad</right>
			<bottom>view_pad</bottom>
			<control type="grouplist">
				<top>20</top>
				<left>10</left>
				<height>40</height>
				<orientation>horizontal</orientation>
				<usecontrolcoords>true</usecontrolcoords>
				<itemgap>16</itemgap>
				<control type="image">
					<width>16</width>
					<height>100%</height>
					<aspectratio aligny="center">keep</aspectratio>
					<texture colordiffuse="main_fg_30">common/cube-16.png</texture>
					<visible>Window.IsVisible(Home)</visible>
				</control>
				<control type="label">
					<left>2</left>
					<textcolor>main_fg_100</textcolor>
					<label>$LOCALIZE[31162]</label>
					<include>Statusbar_Menubar_Items</include>
					<visible>Window.IsVisible(Home)</visible>
				</control>
			</control>
			<control type="panel" id="9967">
				<onfocus condition="Window.IsVisible(Home)">SetProperty(WidgetFocus,1,Home)</onfocus>
				<top>60</top>
				<width>1820</width>
				<height>920</height>
				<onleft condition="Window.IsVisible(Home)">300</onleft>
				<onright condition="Window.IsVisible(Home)">9967</onright>
				<onup condition="Window.IsVisible(Home)">300</onup>
				<ondown condition="Window.IsVisible(Home)">431</ondown>
				<onback condition="Window.IsVisible(Home)">300</onback>
				<onback condition="!Window.IsVisible(Home)">ActivateWindow(Home)</onback>
				<orientation>horizontal</orientation>
				<itemlayout width="455" height="283.33">
					<include>Defs_PosterBack</include>
					<control type="image">
						<bordersize>10</bordersize>
						<texture colordiffuse="PixelLines" border="20">common/outline.png</texture>
					</control>
					<control type="group">
						<left>10</left>
						<right>10</right>
						<bottom>10</bottom>
						<top>10</top>
						<control type="image">
							<bottom>110</bottom>
							<width>128</width>
							<centerleft>50%</centerleft>
							<aspectratio aligny="center">keep</aspectratio>
							<texture colordiffuse="PosterFront_70" background="true">$INFO[ListItem.Icon]</texture>
						</control>
						<control type="group">
							<height>120</height>
							<bottom>10</bottom>
							<left>10</left>
							<right>10</right>
							<control type="label">
								<bottom>80</bottom>
								<height>40</height>
								<left>0</left>
								<right>0</right>
								<align>center</align>
								<aligny>center</aligny>
								<font>font_small_bold</font>
								<textcolor>PosterFront_70</textcolor>
								<label>$INFO[ListItem.Label]</label>
							</control>
							<control type="textbox">
								<height>100</height>
								<bottom>0</bottom>
								<left>0</left>
								<right>0</right>
								<align>center</align>
								<aligny>center</aligny>
								<font>font_statusbar</font>
								<autoscroll>false</autoscroll>
								<textcolor>PosterFront_70</textcolor>
								<label>$INFO[ListItem.Label2]</label>
							</control>
						</control>
					</control>
				</itemlayout>
				<focusedlayout width="455" height="283.33">
					<control type="group">
						<include>Defs_PosterBack</include>
						<control type="image">
							<bordersize>10</bordersize>
							<texture colordiffuse="PixelLines" border="20">common/outline.png</texture>
						</control>
						<include>Animation_FocusBounce_Small</include>
						<control type="group">
							<left>10</left>
							<right>10</right>
							<bottom>10</bottom>
							<top>10</top>
							<control type="image">
								<bottom>110</bottom>
								<width>128</width>
								<centerleft>50%</centerleft>
								<aspectratio aligny="center">keep</aspectratio>
								<texture colordiffuse="PosterFront" background="true">$INFO[ListItem.Icon]</texture>
							</control>
							<control type="group">
								<height>120</height>
								<bottom>10</bottom>
								<left>10</left>
								<right>10</right>
								<control type="label">
									<bottom>80</bottom>
									<height>40</height>
									<left>0</left>
									<right>0</right>
									<align>center</align>
									<aligny>center</aligny>
									<font>font_small_bold</font>
									<textcolor>PosterFront</textcolor>
									<label>$INFO[ListItem.Label]</label>
								</control>
								<control type="textbox">
									<height>100</height>
									<bottom>0</bottom>
									<left>0</left>
									<right>0</right>
									<align>center</align>
									<aligny>center</aligny>
									<font>font_statusbar</font>
									<autoscroll>false</autoscroll>
									<textcolor>PosterFront</textcolor>
									<label>$INFO[ListItem.Label2]</label>
								</control>
							</control>
						</control>
						<!-- Highlight -->
						<control type="group">
							<include>View_Selectbox</include>
						</control>
					</control>
				</focusedlayout>
				<content>
					<!-- Column 1 -->
					<item id="1">
						<description>Interface</description>
						<label>14206</label>
						<label2>$LOCALIZE[166] • $LOCALIZE[14222] • $LOCALIZE[360][CR]$LOCALIZE[12360] • $LOCALIZE[14224]</label2>
						<onclick>activatewindow(InterfaceSettings)</onclick>
						<icon>special://skin/extras/icons/skinsettings.png</icon>
					</item>
					<item id="5">
						<description>Customise Home Menu</description>
						<label>Customize Home</label>
						<label2>Menu • Submenu • Widgets</label2>
						<onclick>RunScript(script.skinshortcuts,type=manage&amp;group=mainmenu)</onclick>
						<icon>special://skin/extras/icons/tags.png</icon>
					</item>
					<item id="9">
						<description>System</description>
						<label>13000</label>
						<label2>$LOCALIZE[14220] • $LOCALIZE[14221] • $LOCALIZE[14125] • $LOCALIZE[24001][CR]$LOCALIZE[798] • $LOCALIZE[14095]</label2>
						<onclick>activatewindow(SystemSettings)</onclick>
						<icon>special://skin/extras/icons/configure.png</icon>
					</item>
					<!-- Column 2 -->
					<item id="2">
						<description>Skin Settings</description>
						<label>20077</label>
						<label2>$LOCALIZE[10000] • $LOCALIZE[19190] • $LOCALIZE[31339][CR]$LOCALIZE[31021] • $LOCALIZE[478] • $LOCALIZE[24996]</label2>
						<onclick>activatewindow(skinsettings)</onclick>
						<icon>special://skin/extras/icons/paintbrush.png</icon>
					</item>
					<item id="6">
						<description>Player</description>
						<label>14200</label>
						<label2>$LOCALIZE[14215] • $LOCALIZE[14216] • $LOCALIZE[14087] • $LOCALIZE[14217][CR]$LOCALIZE[14218] • $LOCALIZE[37032]</label2>
						<onclick>activatewindow(PlayerSettings)</onclick>
						<icon>special://skin/extras/icons/equalizer.png</icon>
					</item>
					<item id="12">
						<description>Services</description>
						<label>14036</label>
						<label2>$LOCALIZE[16000] • $LOCALIZE[14223] • $LOCALIZE[20187][CR]$LOCALIZE[1273] • $LOCALIZE[1200] • $LOCALIZE[12600]</label2>
						<onclick>activatewindow(servicesettings)</onclick>
						<icon>special://skin/extras/icons/network.png</icon>
					</item>
					<!-- Column 3 -->
					<item id="11">
						<description>System Info</description>
						<label>130</label>
						<label2>$LOCALIZE[154] • $LOCALIZE[705] • $LOCALIZE[157][CR]$LOCALIZE[13281] • $LOCALIZE[31343] • $LOCALIZE[12389]</label2>
						<onclick>activatewindow(7)</onclick>
						<icon>special://skin/extras/icons/sysinfo.png</icon>
					</item>
					<item id="8">
						<description>PVR Settings</description>
						<label>19191</label>
						<label2>$LOCALIZE[16000] • $LOCALIZE[19222] • $LOCALIZE[14086][CR]$LOCALIZE[19043] • $LOCALIZE[19259]</label2>
						<onclick>activatewindow(pvrsettings)</onclick>
						<icon>special://skin/extras/icons/livetv.png</icon>
					</item>
					<item id="10">
						<description>Addons</description>
						<label>24001</label>
						<label2>$LOCALIZE[24998] • $LOCALIZE[137][CR]$LOCALIZE[31344]</label2>
						<onclick>activatewindow(AddonBrowser)</onclick>
						<icon>special://skin/extras/icons/addon.png</icon>
					</item>
					<!-- Column 4 -->
					<item id="3">
						<description>Profiles</description>
						<label>13200</label>
						<label2>$LOCALIZE[10029] • $LOCALIZE[33084][CR]$LOCALIZE[10130]</label2>
						<onclick>activatewindow(Profiles)</onclick>
						<icon>special://skin/extras/icons/actor.png</icon>
					</item>
					<item id="14">
						<description>Library</description>
						<label>14202</label>
						<label2>$LOCALIZE[14022] • $LOCALIZE[16000] • $LOCALIZE[14215][CR]$LOCALIZE[14216] • $LOCALIZE[14217]</label2>
						<onclick>activatewindow(MediaSettings)</onclick>
						<icon>special://skin/extras/icons/tags.png</icon>
					</item>
					<item id="19">
						<description>LibreElec</description>
						<label>$ADDON[service.libreelec.settings 600]</label>
						<label2>$ADDON[service.libreelec.settings 32002] • $ADDON[service.libreelec.settings 32101] • $ADDON[service.libreelec.settings 32001][CR]$ADDON[service.libreelec.settings 32100] • $ADDON[service.libreelec.settings 32331]</label2>
						<onclick>RunScript(service.libreelec.settings)</onclick>
						<icon>special://skin/extras/icons/libreelec.png</icon>
						<visible>System.HasAddon(service.libreelec.settings)</visible>
					</item>
					<item id="13">
						<description>Filemanager</description>
						<label>File Manager</label>
						<label2>$LOCALIZE[115] • $LOCALIZE[116] • $LOCALIZE[117][CR]$LOCALIZE[118] • $LOCALIZE[14226]</label2>
						<onclick>activatewindow(filemanager)</onclick>
						<icon>special://skin/extras/icons/files.png</icon>
					</item>
				</content>
			</control>
		</control>
	</include>
	<include name="Widget_Busy_Top_Mouse">
		<top>455</top>
	</include>
	<include name="WidgetSubmenu">
		<param name="submenu" default="false"/>
		<param name="genres" default="false"/>
		<param name="studios" default="false"/>
		<param name="text" default="false"/>
		<definition>
			<control type="group" id="2$PARAM[id]">
				<top>widget_gap</top>
				<visible>$PARAM[visible]</visible>
				<visible>Integer.IsGreater(Container($PARAM[id]).NumItems,0) | Container($PARAM[id]).IsUpdating</visible>
				<height>40</height>
				<include content="Widget_Label">
					<param name="id" value="$PARAM[id]"/>
					<param name="label" value="$PARAM[label]"/>
					<param name="content" value="$PARAM[content]"/>
					<param name="widgetContent" value="$PARAM[widgetContent]"/>
				</include>
				<control type="group">
					<include condition="Skin.HasSetting(MouseMode)">Widget_Busy_Top_Mouse</include>
					<top>655</top>
					<left>-395</left>
					<include content="Defs_BusySpinner">
						<param name="label" value="$LOCALIZE[31138]..."/>
					</include>
					<visible>Container($PARAM[id]).IsUpdating + !Integer.IsGreater(Container($PARAM[id]).NumItems,0)</visible>
				</control>
			</control>
			<control type="list" id="$PARAM[id]">
				<movement>2</movement>
				<top>widget_top</top>
				<include condition="$PARAM[submenu] + !Skin.HasSetting(SubmenuLabel)">Widget_Items_Submenu_Height</include>
				<include condition="$PARAM[submenu] + Skin.HasSetting(SubmenuLabel)">Widget_Items_Submenu_Big_Height</include>
				<height>widget_poster_spacer</height>
				<visible>$PARAM[visible] + [Integer.IsGreater(Container($PARAM[id]).NumItems,0) | Container($PARAM[id]).IsUpdating | Container(300).OnNext | Container(300).OnPrevious | String.IsEmpty(Window(Home).Property(WidgetLoading))]</visible>
				<include content="Widget_Items" condition="!$PARAM[submenu]">
					<param name="id" value="$PARAM[id]"/>
					<param name="target" value="$PARAM[target]"/>
					<param name="content" value="$PARAM[content]"/>
					<param name="widgetContent" value="$PARAM[widgetContent]"/>
					<param name="aspect" value="$PARAM[aspect]"/>
					<param name="widgetAspect" value="$PARAM[widgetAspect]"/>
					<param name="submenu" value="$PARAM[submenu]"/>
					<param name="sortby" value="$PARAM[sortby]"/>
					<param name="sortorder" value="$PARAM[sortorder]"/>
					<param name="genres" value="$PARAM[genres]"/>
					<param name="studios" value="$PARAM[studios]"/>
					<param name="text" value="$PARAM[text]"/>
					<param name="landscapewidepostercondition" value="$PARAM[landscapewidepostercondition]"/>
					<param name="postercondition" value="$PARAM[postercondition]"/>
					<param name="landscapecondition" value="$PARAM[landscapecondition]"/>
					<param name="landscapewidecondition" value="$PARAM[landscapewidecondition]"/>
					<param name="landscapedetailscondition" value="$PARAM[landscapedetailscondition]"/>
					<param name="landscapenetflixcondition" value="$PARAM[landscapenetflixcondition]"/>
					<param name="landscapepanelcondition" value="$PARAM[landscapepanelcondition]"/>
					<param name="posterdetailscondition" value="$PARAM[posterdetailscondition]"/>
					<param name="widgetlivecondition" value="$PARAM[widgetlivecondition]"/>
					<param name="categorycondition" value="$PARAM[categorycondition]"/>
					<param name="squarecondition" value="$PARAM[squarecondition]"/>
					<param name="genrecondition" value="$PARAM[genrecondition]"/>
					<param name="search" value="$PARAM[search]"/>
				</include>
				<include content="Widget_Submenu" condition="$PARAM[submenu]">
					<param name="id" value="$PARAM[id]"/>
					<param name="target" value="$PARAM[target]"/>
					<param name="content" value="$PARAM[content]"/>
					<param name="widgetContent" value="$PARAM[widgetContent]"/>
					<param name="aspect" value="$PARAM[aspect]"/>
					<param name="widgetAspect" value="$PARAM[widgetAspect]"/>
					<param name="submenu" value="$PARAM[submenu]"/>
					<param name="sortby" value="$PARAM[sortby]"/>
					<param name="sortorder" value="$PARAM[sortorder]"/>
				</include>
			</control>
		</definition>
	</include>
	<include name="netflix_largewidgets_top">
		<top>40</top>
	</include>
	<include name="netflix_largewidgets_height">
		<height>40</height>
	</include>
	<include name="netflix_smallwidgets_top">
		<top>-40</top>
	</include>
	<include name="Widget">
		<param name="submenu" default="false"/>
		<param name="genres" default="false"/>
		<param name="studios" default="false"/>
		<param name="text" default="false"/>
		<param name="postercondition" default="false"/>
		<param name="landscapecondition" default="false"/>
		<param name="landscapewidecondition" default="false"/>
		<param name="landscapedetailscondition" default="false"/>
		<param name="landscapewidepostercondition" default="false"/>
		<param name="landscapenetflixcondition" default="false"/>
		<param name="landscapepanelcondition" default="false"/>
		<param name="posterdetailscondition" default="false"/>
		<param name="widgetlivecondition" default="false"/>
		<param name="categorycondition" default="false"/>
		<param name="squarecondition" default="false"/>
		<param name="genrecondition" default="false"/>
		<param name="submenucondition" default="false"/>
		<param name="search" default="false"/>
		<param name="controltype" default="fixedlist"/>
		<param name="movement" default="2"/>
		<param name="mylist1" default="false"/>
		<param name="path" default=""/>
		<param name="path2" default=""/>
		<definition>
			<control type="group" id="2$PARAM[id]">
				<visible>$PARAM[visible]</visible>
				<visible>Integer.IsGreater(Container($PARAM[id]).NumItems,0) | Container($PARAM[id]).IsUpdating</visible>
				<include condition="!Skin.HasSetting(DisableNetflixSmallWidget)">netflix_largewidgets_height</include>
				<include condition="Skin.HasSetting(DisableNetflixSmallWidget)">netflix_smallwidgets_top</include>
				<animation effect="slide" end="0,-40" time="0" condition="!Window.IsVisible(Home) + !Window.IsVisible(3810) + !Window.IsVisible(3820)">Conditional</animation>
				<animation effect="slide" end="0,-40" time="0" condition="Window.IsVisible(DialogVideoInfo.xml)">Conditional</animation>
				<include content="Widget_Label">
					<param name="id" value="$PARAM[id]"/>
					<param name="label" value="$PARAM[label]"/>
					<param name="content" value="$PARAM[content]"/>
					<param name="widgetContent" value="$PARAM[widgetContent]"/>
				</include>
				<control type="image" id="35055">
					<top>85</top>
					<left>-380</left>
					<height>360</height>
					<texture background="true">special://skin/media/dialogs/loading_poster_netflix.png</texture>
					<aspectratio>keep</aspectratio>
					<visible>$PARAM[postercondition]</visible>
					<visible>!Window.IsVisible(Home) + !Window.IsVisible(1138) + !Window.IsVisible(3910) + !Window.IsVisible(3920) + !Window.IsVisible(3810) + !Window.IsVisible(3820)</visible>
					<visible>!Integer.IsGreater(Container($PARAM[id]).NumItems,0) + Container($PARAM[id]).IsUpdating</visible>
				</control>
				<control type="image" id="35055">
					<top>85</top>
					<left>-360</left>
					<height>360</height>
					<texture background="true">special://skin/media/dialogs/loading_landscape_netflix.png</texture>
					<aspectratio>keep</aspectratio>
					<visible>!$PARAM[postercondition]</visible>
					<visible>!Window.IsVisible(Home) + !Window.IsVisible(1138) + !Window.IsVisible(3910) + !Window.IsVisible(3920) + !Window.IsVisible(3810) + !Window.IsVisible(3820)</visible>
					<visible>!Integer.IsGreater(Container($PARAM[id]).NumItems,0) +  Container($PARAM[id]).IsUpdating</visible>
				</control>
				<control type="group">
					<animation effect="slide" end="-80,40" time="0" condition="[Window.IsActive(4010) | Window.IsActive(4020) | Window.IsActive(2111) | Window.IsActive(2112) | Window.IsActive(2113)| Window.IsActive(2114) | Window.IsActive(2115)| Window.IsActive(2116) | Window.IsActive(2117) | Window.IsVisible(2118)] + !Window.IsVisible(1138) + !Window.IsVisible(Home) + $PARAM[postercondition]">Conditional</animation>
					<animation effect="slide" end="-390,40" time="0" condition="[Window.IsActive(4010) | Window.IsActive(4020) | Window.IsActive(2111) | Window.IsActive(2112) | Window.IsActive(2113)| Window.IsActive(2114) | Window.IsActive(2115)| Window.IsActive(2116) | Window.IsActive(2117) | Window.IsVisible(2118)] + !Window.IsVisible(1138) + !Window.IsVisible(Home) + !$PARAM[postercondition]">Conditional</animation>
					<include condition="Skin.HasSetting(MouseMode)">Widget_Busy_Top_Mouse</include>
					<top>255</top>
					<left>-395</left>
					<include content="Defs_BusySpinner">
						<param name="label" value="$LOCALIZE[31138]..."/>
					</include>
					<visible>[Container($PARAM[id]).IsUpdating + !Integer.IsGreater(Container($PARAM[id]).NumItems,0)] | [Window.IsVisible(1138) + Container($PARAM[id]).IsUpdating]</visible>
				</control>
			</control>
			<control type="$PARAM[controltype]" id="$PARAM[id]">
				<animation effect="fade" start="100" end="0" condition="Window.IsVisible(1138) + Container($PARAM[id]).IsUpdating">Conditional</animation>
				<onback condition="ControlGroup(5600).HasFocus">9000</onback>
				<scrolltime tween="linear">400</scrolltime>
				<include condition="Window.IsVisible(Home) | Window.IsVisible(3810) | Window.IsVisible(3820)">netflix_largewidgets_top</include>
				<movement>$PARAM[movement]</movement>
				<include condition="$PARAM[submenu] + !Skin.HasSetting(SubmenuLabel)">Widget_Items_Submenu_Height</include>
				<include condition="$PARAM[submenu] + Skin.HasSetting(SubmenuLabel)">Widget_Items_Submenu_Big_Height</include>
				<include condition="!Skin.HasSetting(DisableNetflixLargeWidget) | Window.IsVisible(1138) | Window.IsVisible(3910) | Window.IsVisible(3920) | Window.IsVisible(2111)| Window.IsVisible(2112) | Window.IsVisible(2113) | Window.IsVisible(2114) | Window.IsVisible(2115) | Window.IsVisible(2116) | Window.IsVisible(2117) | Window.IsVisible(4010) | Window.IsVisible(4020) | Window.IsVisible(3820) | Window.IsVisible(2118)">Widget_Items_menu_Big_Height</include>
				<include condition="!$PARAM[postercondition] + Skin.HasSetting(DisableNetflixSmallWidget) + !Window.IsVisible(1138) + !Window.IsVisible(3910) + !Window.IsVisible(3920) + ![Window.IsVisible(2111)| Window.IsVisible(2112) | Window.IsVisible(2113) | Window.IsVisible(2114) | Window.IsVisible(2115) | Window.IsVisible(2116) | Window.IsVisible(2117) | Window.IsVisible(4010) | Window.IsVisible(4020) | Window.IsVisible(2118)]">Widget_Items_menu_Small_Height</include>
				<include condition="$PARAM[postercondition] + Skin.HasSetting(DisableNetflixSmallWidget) + !Window.IsVisible(1138) + !Window.IsVisible(3910) + !Window.IsVisible(3920) + ![Window.IsVisible(2111)| Window.IsVisible(2112) | Window.IsVisible(2113) | Window.IsVisible(2114) | Window.IsVisible(2115) | Window.IsVisible(2116) | Window.IsVisible(2117) | Window.IsVisible(4010) | Window.IsVisible(4020) | Window.IsVisible(2118)]">Widget_Items_menu_Small_Height_poster</include>
				<onclick condition="!Skin.HasSetting(EnableShowInfo) + [[String.IsEqual(ListItem.DBType,episode) + !Skin.HasSetting(ShowInfo.Episodes)] | [String.IsEqual(ListItem.DBType,tvshow) + !Skin.HasSetting(ShowInfo.TV)] | [String.IsEqual(ListItem.DBType,movie) + !Skin.HasSetting(ShowInfo.Movies)]]">Action(Info)</onclick>
				<visible>$PARAM[visible] + [Integer.IsGreater(Container($PARAM[id]).NumItems,0) | Container($PARAM[id]).IsUpdating | Container(300).OnNext | Container(300).OnPrevious | String.IsEmpty(Window(Home).Property(WidgetLoading))]</visible>
				<include content="Widget_Items" condition="!$PARAM[submenu]">
					<param name="id" value="$PARAM[id]"/>
					<param name="target" value="$PARAM[target]"/>
					<param name="content" value="$PARAM[content]"/>
					<param name="widgetContent" value="$PARAM[widgetContent]"/>
					<param name="aspect" value="$PARAM[aspect]"/>
					<param name="widgetAspect" value="$PARAM[widgetAspect]"/>
					<param name="submenu" value="$PARAM[submenu]"/>
					<param name="sortby" value="$PARAM[sortby]"/>
					<param name="sortorder" value="$PARAM[sortorder]"/>
					<param name="genres" value="$PARAM[genres]"/>
					<param name="studios" value="$PARAM[studios]"/>
					<param name="postercondition" value="$PARAM[postercondition]"/>
					<param name="landscapecondition" value="$PARAM[landscapecondition]"/>
					<param name="landscapedetailscondition" value="$PARAM[landscapedetailscondition]"/>
					<param name="landscapewidecondition" value="$PARAM[landscapewidecondition]"/>
					<param name="landscapewidepostercondition" value="$PARAM[landscapewidepostercondition]"/>
					<param name="landscapenetflixcondition" value="$PARAM[landscapenetflixcondition]"/>
					<param name="landscapepanelcondition" value="$PARAM[landscapepanelcondition]"/>
					<param name="posterdetailscondition" value="$PARAM[posterdetailscondition]"/>
					<param name="widgetlivecondition" value="$PARAM[widgetlivecondition]"/>
					<param name="categorycondition" value="$PARAM[categorycondition]"/>
					<param name="squarecondition" value="$PARAM[squarecondition]"/>
					<param name="genrecondition" value="$PARAM[genrecondition]"/>
					<param name="submenucondition" value="$PARAM[submenucondition]"/>
					<param name="search" value="$PARAM[search]"/>
					<param name="mylist1" value="$PARAM[mylist1]"/>
					<param name="path" value="$PARAM[path]"/>
					<param name="path2" value="$PARAM[path2]"/>
				</include>
			</control>
		</definition>
	</include>
	<include name="Widget_Items_Submenu_Height">
		<height>140</height>
	</include>
	<include name="Widget_Items_Submenu_Big_Height">
		<height>widget_submenu_big_spacer</height>
	</include>
	<include name="Widget_Items_menu_Big_Height">
		<height>420</height>
	</include>
	<include name="Widget_Items_menu_Small_Height">
		<height>210</height>
	</include>
	<include name="Widget_Items_menu_Small_Height_poster">
		<height>270</height>
	</include>
	<include name="Widget_Label">
		<definition>
			<control type="grouplist">
				<left>70</left>
				<top>40</top>
				<height>40</height>
				<orientation>horizontal</orientation>
				<usecontrolcoords>true</usecontrolcoords>
				<control type="image">
					<width>16</width>
					<height>100%</height>
					<aspectratio aligny="center">keep</aspectratio>
					<texture colordiffuse="main_fg_30">common/cube-16.png</texture>
					<visible>!Control.HasFocus($PARAM[submenu]) + !Skin.HasSetting(DisableCatlabel)</visible>
				</control>
				<control type="label">
					<font>font_widgetbar_bold</font>
					<left>2</left>
					<textcolor>main_fg_100</textcolor>
					<label>$PARAM[label]</label>
					<include>Statusbar_Menubar_Items</include>
				</control>
				<control type="label">
					<left>-16</left>
					<textcolor>main_fg_100</textcolor>
					<label>$INFO[Container($PARAM[id]).ListItem.Property(similartitle), $LOCALIZE[19160] ,]</label>
					<include>Statusbar_Menubar_Items</include>
					<visible>!String.IsEmpty(Container($PARAM[id]).ListItem.Property(similartitle))</visible>
				</control>
				<!--
			<control type="label">
			    <textcolor>main_fg_70</textcolor>
			    <label>$INFO[Container($PARAM[id]).ListItem.Top250,#,]</label>
			    <include>Statusbar_Menubar_Items</include>
			    <visible>Control.HasFocus($PARAM[id])</visible>
			    <visible>!String.IsEmpty(Container($PARAM[id]).ListItem.Top250)</visible>
			    <visible>String.Contains($PARAM[content],Top250)</visible>
			</control>
-->
				<control type="label">
					<textcolor>main_fg_70</textcolor>
					<label>$INFO[Container($PARAM[id]).ListItem.Artist,-   ,]</label>
					<include>Statusbar_Menubar_Items</include>
					<visible>Control.HasFocus($PARAM[id])</visible>
					<visible>!String.IsEqual(Container($PARAM[id]).ListItem.Label,Container($PARAM[id]).ListItem.Artist) + !String.IsEmpty(Container($PARAM[id]).ListItem.Artist)</visible>
					<visible>!Skin.HasSetting(WidgetsLabel.DisableArtist)</visible>
				</control>
				<!-- Add Title, Rating and Plot to Widget Bar -->
				<!-- Add TvShow Title to widget bar only at Show level  -->
				<control type="label">
					<textcolor>$VAR[ColorHighlight2]</textcolor>
					<label>$INFO[Container($PARAM[id]).ListItem.Label,|  ]</label>
					<include>Statusbar_Menubar_Items</include>
					<visible>Control.HasFocus($PARAM[id])</visible>
					<visible>Skin.HasSetting(DisableWidgetTitle) + [Window.IsVisible(1138) | Window.IsVisible(3910) | Window.IsVisible(3920) | Window.IsVisible(DialogVideoInfo.xml)]</visible>
				</control>
				<!-- Add Ratings -->
				<control type="label">
					<label>Aired: $INFO[ListItem.Premiered(dd MMM yyyy)]</label>
					<textcolor>$VAR[ColorHighlight2]</textcolor>
					<font>font_tiny_bold</font>
					<include>Statusbar_Menubar_Items</include>
					<visible>Control.HasFocus($PARAM[id])</visible>
					<visible>String.IsEqual(ListItem.DBType,episode) + Skin.HasSetting(DisableWidgetAirdate) + [Window.IsVisible(1138) | Window.IsVisible(3910) | Window.IsVisible(3920)]</visible>
				</control>
				<control type="grouplist">
					<visible>Control.HasFocus($PARAM[id]) + !Control.HasFocus(30222) + Skin.HasSetting(DisableWidgetIMDB) + [Window.IsVisible(1138) | Window.IsVisible(3910) | Window.IsVisible(3920)]</visible>
					<bottom>10</bottom>
					<height>40</height>
					<include content="Object_Ratings">
						<param name="directory" value="color"/>
						<param name="align" value="left"/>
						<param name="width" value="1400"/>
						<param name="rottentomatoes" value="true"/>
						<param name="imdbvotes" value="false"/>
						<param name="usermeter" value="false"/>
						<param name="imdb" value="true"/>
						<param name="tmdb" value="true"/>
						<param name="metacritic" value="true"/>
						<param name="oscars" value="true"/>
						<param name="top250" value="false"/>
						<param name="plot" value="true"/>
						<param name="studio" value="false"/>
					</include>
				</control>
				<control type="label">
					<left>5</left>
					<visible>Control.HasFocus($PARAM[id]) + Skin.HasSetting(DisableWidgetPlot) + Skin.HasSetting(DisableWidgetIMDB) + ![Window.IsVisible(Home) + Skin.HasSetting(DisableNetflixHome)] + Window.IsVisible(Home)</visible>
					<textcolor>main_fg_70</textcolor>
					<height>20</height>
					<top>10</top>
					<align>right</align>
					<width min="500" max="1500">auto</width>
					<scroll>true</scroll>
					<label>$INFO[ListItem.Plot]</label>
				</control>
				<!-- END Add Widget Bar Mods -->
			</control>
		</definition>
	</include>
	<include name="Widget_Common">
		<width>1980</width>
		<top>$PARAM[top]</top>
		<height>$PARAM[height]</height>
		<preloaditems>2</preloaditems>
		<onfocus>SetProperty(WidgetFocus,1,Home)</onfocus>
		<onfocus>SetProperty(SkinHelper.WidgetContainer,$PARAM[id],Home)</onfocus>
		<include content="Widget_Movement" condition="!Skin.HasSetting(SubmenuLabel)">
			<param name="id" value="$PARAM[id]"/>
			<param name="aspect" value="$PARAM[aspect]"/>
			<param name="widgetAspect" value="$PARAM[widgetAspect]"/>
			<param name="submenu" value="$PARAM[submenu]"/>
		</include>
		<include content="Widget_Movement" condition="Skin.HasSetting(SubmenuLabel)">
			<param name="id" value="$PARAM[id]"/>
			<param name="aspect" value="$PARAM[aspect]"/>
			<param name="widgetAspect" value="$PARAM[widgetAspect]"/>
			<param name="submenu" value="false"/>
		</include>
		<orientation>horizontal</orientation>
	</include>
	<include name="Widget_Submenu">
		<param name="submenu" default="false"/>
		<param name="aspect" default=""/>
		<param name="sortby" default=""/>
		<param name="sortorder" default=""/>
		<param name="top" default="0"/>
		<param name="height" default="480"/>
		<definition>
			<animation effect="fade" start="100" end="0" time="200" condition="Control.HasFocus(3022) | Control.Hasfocus(30221)">Conditional</animation>
			<include content="Widget_Common">
				<param name="top" value="$PARAM[top]"/>
				<param name="height" value="$PARAM[height]"/>
				<param name="id" value="$PARAM[id]"/>
				<param name="aspect" value="$PARAM[aspect]"/>
				<param name="widgetAspect" value="$PARAM[widgetAspect]"/>
				<param name="submenu" value="$PARAM[submenu]"/>
			</include>
			<left>60</left>
			<itemlayout width="130" height="130" condition="!Skin.HasSetting(SubmenuLabel)">
				<include>Widget_Hub_ItemLayout</include>
			</itemlayout>
			<focusedlayout width="130" height="130" condition="!Skin.HasSetting(SubmenuLabel)">
				<include content="Widget_Hub_FocusedLayout">
					<param name="id" value="$PARAM[id]"/>
				</include>
			</focusedlayout>
			<itemlayout width="302.22" height="170" condition="Skin.HasSetting(SubmenuLabel) + !Skin.HasSetting(LargeSubmenuLabel)">
				<include>Widget_Hub_ItemLayout</include>
			</itemlayout>
			<focusedlayout width="302.22" height="170" condition="Skin.HasSetting(SubmenuLabel) + !Skin.HasSetting(LargeSubmenuLabel)">
				<include content="Widget_Hub_FocusedLayout">
					<param name="id" value="$PARAM[id]"/>
				</include>
			</focusedlayout>
			<itemlayout width="365.56" height="200" condition="Skin.HasSetting(SubmenuLabel) + Skin.HasSetting(LargeSubmenuLabel)">
				<include>Widget_Hub_ItemLayout</include>
			</itemlayout>
			<focusedlayout width="365.56" height="200" condition="Skin.HasSetting(SubmenuLabel) + Skin.HasSetting(LargeSubmenuLabel)">
				<include content="Widget_Hub_FocusedLayout">
					<param name="id" value="$PARAM[id]"/>
				</include>
			</focusedlayout>
			<include>Items_SubMenu</include>
		</definition>
	</include>
	<!--
	    <include name="Widget_Submenu">
		<param name="submenu" default="false" />
		<param name="aspect" default="" />
		<param name="sortby" default="" />
		<param name="sortorder" default="" />
		<param name="top" default="0" />
		<param name="height" default="480" />
		<definition>
		    
		    <include content="Widget_Common">
			<param name="top" value="$PARAM[top]" />
			<param name="height" value="$PARAM[height]" />
			<param name="id" value="$PARAM[id]" />
			<param name="aspect" value="$PARAM[aspect]" />
			<param name="widgetAspect" value="$PARAM[widgetAspect]" />
			<param name="submenu" value="$PARAM[submenu]" />
		    </include>

		    <itemlayout width="182" height="130" condition="!Skin.HasSetting(SubmenuLabel)">
			<include>Widget_Submenu_ItemLayout</include>
		    </itemlayout>
		    
		    <focusedlayout width="182" height="130" condition="!Skin.HasSetting(SubmenuLabel)">
			<include content="Widget_Submenu_FocusedLayout">
			    <param name="id" value="$PARAM[id]" />
			</include>
		    </focusedlayout>

		    <itemlayout width="366" height="210" condition="Skin.HasSetting(SubmenuLabel)">
			<include>Widget_Submenu_ItemLayout</include>
		    </itemlayout>
		    
		    <focusedlayout width="366" height="210" condition="Skin.HasSetting(SubmenuLabel)">
			<include content="Widget_Submenu_FocusedLayout">
			    <param name="id" value="$PARAM[id]" />
			</include>
		    </focusedlayout>

		    <include>Items_SubMenu</include>
		</definition>
	    </include>
-->
	<include name="Widget_TVHub">
		<param name="submenu" default="false"/>
		<param name="aspect" default=""/>
		<param name="sortby" default=""/>
		<param name="sortorder" default=""/>
		<param name="top" default="0"/>
		<param name="height" default="460"/>
		<definition>
			<include content="Widget_Common">
				<param name="top" value="$PARAM[top]"/>
				<param name="height" value="$PARAM[height]"/>
				<param name="id" value="$PARAM[id]"/>
				<param name="aspect" value="$PARAM[aspect]"/>
				<param name="widgetAspect" value="$PARAM[widgetAspect]"/>
				<param name="submenu" value="$PARAM[submenu]"/>
			</include>
			<itemlayout width="620" height="348.75" condition="String.IsEqual($PARAM[aspect],LandscapeWidePoster)">
				<include content="Widget_Items_ItemLayout">
					<param name="landscapewide" value="true"/>
					<param name="genres" value="$PARAM[genres]"/>
					<param name="studios" value="$PARAM[studios]"/>
					<param name="text" value="$PARAM[text]"/>
				</include>
			</itemlayout>
			<focusedlayout width="620" height="348.75" condition="String.IsEqual($PARAM[aspect],LandscapeWidePoster)">
				<include content="Widget_Items_FocusedLayout">
					<param name="id" value="$PARAM[id]"/>
					<param name="landscapewide" value="true"/>
					<param name="genres" value="$PARAM[genres]"/>
					<param name="studios" value="$PARAM[studios]"/>
					<param name="text" value="$PARAM[text]"/>
				</include>
			</focusedlayout>
			<itemlayout width="260" height="480" condition="String.IsEqual($PARAM[aspect],Poster)">
				<include content="Widget_Items_ItemLayout">
					<param name="poster" value="true"/>
					<param name="genres" value="$PARAM[genres]"/>
					<param name="studios" value="$PARAM[studios]"/>
					<param name="text" value="$PARAM[text]"/>
				</include>
			</itemlayout>
			<focusedlayout width="260" height="480" condition="String.IsEqual($PARAM[aspect],Poster)">
				<include content="Widget_Items_FocusedLayout">
					<param name="id" value="$PARAM[id]"/>
					<param name="poster" value="true"/>
					<param name="genres" value="$PARAM[genres]"/>
					<param name="studios" value="$PARAM[studios]"/>
					<param name="text" value="$PARAM[text]"/>
				</include>
			</focusedlayout>
		</definition>
	</include>
	<include name="Widget_Items">
		<param name="submenu" default="false"/>
		<param name="aspect" default=""/>
		<param name="sortby" default=""/>
		<param name="sortorder" default=""/>
		<param name="top" default="0"/>
		<param name="height" default="320"/>
		<param name="postercondition" default="false"/>
		<param name="landscapecondition" default="false"/>
		<param name="landscapewidecondition" default="false"/>
		<param name="landscapedetailscondition" default="false"/>
		<param name="landscapewidepostercondition" default="false"/>
		<param name="landscapenetflixcondition" default="false"/>
		<param name="landscapepanelcondition" default="false"/>
		<param name="posterdetailscondition" default="false"/>
		<param name="widgetlivecondition" default="false"/>
		<param name="categorycondition" default="false"/>
		<param name="squarecondition" default="false"/>
		<param name="genrecondition" default="false"/>
		<param name="submenucondition" default="false"/>
		<param name="search" default="false"/>
		<param name="mylist1" default="false"/>
		<param name="path" default=""/>
		<param name="path2" default=""/>
		<definition>
			<include content="Widget_Common">
				<param name="top" value="$PARAM[top]"/>
				<param name="height" value="$PARAM[height]"/>
				<param name="id" value="$PARAM[id]"/>
				<param name="aspect" value="$PARAM[aspect]"/>
				<param name="widgetAspect" value="$PARAM[widgetAspect]"/>
				<param name="submenu" value="$PARAM[submenu]"/>
			</include>
			<include condition="!Skin.HasSetting(DisableNetflixLargeWidget) | Window.IsVisible(1138) | Window.IsVisible(3910) | Window.IsVisible(3920) | Window.IsVisible(2111)| Window.IsVisible(2112) | Window.IsVisible(2113) | Window.IsVisible(2114) | Window.IsVisible(2115) | Window.IsVisible(2116) | Window.IsVisible(2117) | Window.IsVisible(4010) | Window.IsVisible(4020) | Window.IsVisible(DialogVideoInfo.xml)" content="Widget_Items_Large">
				<param name="top" value="$PARAM[top]"/>
				<param name="height" value="$PARAM[height]"/>
				<param name="id" value="$PARAM[id]"/>
				<param name="aspect" value="$PARAM[aspect]"/>
				<param name="widgetAspect" value="$PARAM[widgetAspect]"/>
				<param name="submenu" value="$PARAM[submenu]"/>
				<param name="postercondition" value="$PARAM[postercondition]"/>
				<param name="landscapecondition" value="$PARAM[landscapecondition]"/>
				<param name="landscapewidecondition" value="$PARAM[landscapewidecondition]"/>
				<param name="landscapedetailscondition" value="$PARAM[landscapedetailscondition]"/>
				<param name="landscapewidepostercondition" value="$PARAM[landscapewidepostercondition]"/>
				<param name="landscapenetflixcondition" value="$PARAM[landscapenetflixcondition]"/>
				<param name="landscapepanelcondition" value="$PARAM[landscapepanelcondition]"/>
				<param name="posterdetailscondition" value="$PARAM[posterdetailscondition]"/>
				<param name="widgetlivecondition" value="$PARAM[widgetlivecondition]"/>
				<param name="categorycondition" value="$PARAM[categorycondition]"/>
				<param name="squarecondition" value="$PARAM[squarecondition]"/>
				<param name="genrecondition" value="$PARAM[genrecondition]"/>
				<param name="submenucondition" value="$PARAM[submenucondition]"/>
			</include>
			<include condition="Skin.HasSetting(DisableNetflixSmallWidget) + !Window.IsVisible(1138) + !Window.IsVisible(3910) + !Window.IsVisible(3920) + ![Window.IsVisible(2111)| Window.IsVisible(2112) | Window.IsVisible(2113) | Window.IsVisible(2114) | Window.IsVisible(2115) | Window.IsVisible(2116) | Window.IsVisible(2117) | Window.IsVisible(4010) | Window.IsVisible(4020) | Window.IsVisible(DialogVideoInfo.xml)]" content="Widget_Items_Small">
				<param name="top" value="$PARAM[top]"/>
				<param name="height" value="$PARAM[height]"/>
				<param name="id" value="$PARAM[id]"/>
				<param name="aspect" value="$PARAM[aspect]"/>
				<param name="widgetAspect" value="$PARAM[widgetAspect]"/>
				<param name="submenu" value="$PARAM[submenu]"/>
				<param name="postercondition" value="$PARAM[postercondition]"/>
				<param name="landscapecondition" value="$PARAM[landscapecondition]"/>
				<param name="landscapewidecondition" value="$PARAM[landscapewidecondition]"/>
				<param name="landscapedetailscondition" value="$PARAM[landscapedetailscondition]"/>
				<param name="landscapewidepostercondition" value="$PARAM[landscapewidepostercondition]"/>
				<param name="landscapenetflixcondition" value="$PARAM[landscapenetflixcondition]"/>
				<param name="landscapepanelcondition" value="$PARAM[landscapepanelcondition]"/>
				<param name="posterdetailscondition" value="$PARAM[posterdetailscondition]"/>
				<param name="widgetlivecondition" value="$PARAM[widgetlivecondition]"/>
				<param name="categorycondition" value="$PARAM[categorycondition]"/>
				<param name="squarecondition" value="$PARAM[squarecondition]"/>
				<param name="genrecondition" value="$PARAM[genrecondition]"/>
				<param name="submenucondition" value="$PARAM[submenucondition]"/>
			</include>
			<include condition="!$PARAM[search] + !$PARAM[mylist1]" content="Widget_ContentInclude">
				<param name="target" value="$PARAM[target]"/>
				<param name="sortby" value="$PARAM[sortby]"/>
				<param name="sortorder" value="$PARAM[sortorder]"/>
				<param name="widgetContent" value="$PARAM[widgetContent]"/>
				<param name="content" value="$PARAM[content]"/>
				<param name="limit" value="$VAR[Label_WidgetItemLimit]"/>
				<param name="id" value="$PARAM[id]"/>
				<param name="mylist1" value="$PARAM[mylist1]"/>
			</include>
			<include condition="!$PARAM[search] + $PARAM[mylist1]" content="Widget_ContentInclude_mylist1">
				<param name="target" value="$PARAM[target]"/>
				<param name="sortby" value="$PARAM[sortby]"/>
				<param name="sortorder" value="$PARAM[sortorder]"/>
				<param name="widgetContent" value="$PARAM[widgetContent]"/>
				<param name="content" value="$PARAM[content]"/>
				<param name="limit" value="$VAR[Label_WidgetItemLimit]"/>
				<param name="id" value="$PARAM[id]"/>
				<param name="mylist1" value="$PARAM[mylist1]"/>
			</include>
			<include condition="$PARAM[search]" content="Widget_ContentInclude_Search">
				<param name="target" value="$PARAM[target]"/>
				<param name="sortby" value="$PARAM[sortby]"/>
				<param name="sortorder" value="$PARAM[sortorder]"/>
				<param name="widgetContent" value="$PARAM[widgetContent]"/>
				<param name="content" value="$PARAM[content]"/>
				<param name="limit" value="$VAR[Label_WidgetItemLimit]"/>
				<param name="id" value="$PARAM[id]"/>
				<param name="path" value="$PARAM[path]"/>
				<param name="path2" value="$PARAM[path2]"/>
			</include>
		</definition>
	</include>
	<include name="Widget_ContentInclude_Search">
		<content target="$PARAM[target]" sortby="$PARAM[sortby]" sortorder="$PARAM[sortorder]" limit="$PARAM[limit]">$PARAM[path]$INFO[Skin.String(CustomSearchTerm)]$PARAM[path2]</content>
		<content>
			<item>
				<label>$LOCALIZE[31373]...</label>
				<icon>DefaultFolder.png</icon>
				<onclick>ActivateWindow($PARAM[target],$PARAM[widgetContent],return)</onclick>
				<visible>Integer.IsGreater(Container($PARAM[id]).NumItems,9)</visible>
				<visible>!Skin.HasSetting(HideShowMoreItem)</visible>
			</item>
		</content>
	</include>
	<include name="Widget_ContentInclude">
		<content target="$PARAM[target]" sortby="$PARAM[sortby]" sortorder="$PARAM[sortorder]" limit="$PARAM[limit]">$PARAM[widgetContent]</content>
		<content>
			<item>
				<label>$LOCALIZE[31373]...</label>
				<icon>DefaultFolder.png</icon>
				<onclick>ActivateWindow($PARAM[target],$PARAM[widgetContent],return)</onclick>
				<visible>Integer.IsGreater(Container($PARAM[id]).NumItems,9) + !Window.IsVisible(DialogVideoInfo.xml)</visible>
				<visible>!Skin.HasSetting(HideShowMoreItem)</visible>
			</item>
		</content>
	</include>
	<include name="Widget_ContentInclude_mylist1">
		<content target="$PARAM[target]" sortby="$PARAM[sortby]" sortorder="$PARAM[sortorder]" limit="$PARAM[limit]">
			<include>skinshortcuts-group-$PARAM[widgetContent]</include>
		</content>
	</include>
	<include name="Widget_Submenu_ItemLayout">
		<param name="genres" default="false"/>
		<param name="studios" default="false"/>
		<param name="text" default="false"/>
		<param name="square" default="false"/>
		<param name="poster" default="false"/>
		<param name="landscape" default="false"/>
		<param name="landscapedetails" default="false"/>
		<param name="landscapewide" default="false"/>
		<param name="landscapewideposter" default="false"/>
		<param name="posterdetails" default="false"/>
		<param name="widgetlive" default="false"/>
		<param name="landscapenetflix" default="false"/>
		<param name="landscapepanel" default="false"/>
		<param name="category" default="false"/>
		<definition>
			<control type="group">
				<left>60</left>
				<right>-60</right>
				<top>0</top>
				<bottom>-0</bottom>
				<control type="group">
					<include>Defs_PosterBack</include>
					<control type="label">
						<bottom>25</bottom>
						<height>20</height>
						<align>center</align>
						<font>font_tiny</font>
						<textcolor>PosterFront_70</textcolor>
						<right>30</right>
						<left>30</left>
						<label>$INFO[ListItem.Label]</label>
						<scroll>false</scroll>
						<visible>Skin.HasSetting(SubmenuLabel)</visible>
						<!-- small cat widget off-->
						<visible>!Skin.HasSetting(DisableBigCat)</visible>
						<!-- cat text on -->
					</control>
					<control type="image">
						<bordersize>10</bordersize>
						<aspectratio scalediffuse="false">keep</aspectratio>
						<texture background="true" diffuse="diffuse/submenu.png">$INFO[ListItem.Icon]</texture>
						<visible>!Skin.HasSetting(SubmenuLabel)</visible>
						<!-- small cat widget on-->
					</control>
					<control type="image">
						<height>70%</height>
						<align>center</align>
						<bordersize>10</bordersize>
						<aspectratio scalediffuse="false">keep</aspectratio>
						<texture background="true" diffuse="diffuse/submenubig.png">$INFO[ListItem.Icon]</texture>
						<visible>Skin.HasSetting(SubmenuLabel)</visible>
						<!-- small cat widget off-->
						<visible>!Skin.HasSetting(DisableBigCat)</visible>
						<!-- cat text on -->
					</control>
					<control type="image">
						<bordersize>10</bordersize>
						<aspectratio scalediffuse="false">keep</aspectratio>
						<texture background="true" diffuse="diffuse/submenubig.png">$INFO[ListItem.Icon]</texture>
						<visible>Skin.HasSetting(SubmenuLabel)</visible>
						<!-- small cat widget off-->
						<visible>Skin.HasSetting(DisableBigCat)</visible>
						<!-- cat text off -->
					</control>
					<control type="image">
						<bordersize>10</bordersize>
						<texture colordiffuse="PixelLines" border="20">common/outline.png</texture>
					</control>
				</control>
			</control>
		</definition>
	</include>
	<include name="Widget_Submenu_FocusedLayout">
		<param name="genres" default="false"/>
		<param name="studios" default="false"/>
		<param name="text" default="false"/>
		<param name="square" default="false"/>
		<param name="poster" default="false"/>
		<param name="landscape" default="false"/>
		<param name="landscapedetails" default="false"/>
		<param name="landscapewide" default="false"/>
		<param name="landscapewideposter" default="false"/>
		<param name="posterdetails" default="false"/>
		<param name="widgetlive" default="false"/>
		<param name="landscapenetflix" default="false"/>
		<param name="landscapepanel" default="false"/>
		<param name="category" default="false"/>
		<definition>
			<control type="group">
				<left>60</left>
				<right>-60</right>
				<top>0</top>
				<bottom>-0</bottom>
				<visible>Control.HasFocus($PARAM[id])</visible>
				<include>Animation_FocusBounce_Large</include>
				<control type="group">
					<include>Defs_PosterBack</include>
					<control type="label">
						<bottom>25</bottom>
						<height>20</height>
						<align>center</align>
						<font>font_tiny</font>
						<textcolor>PosterFront_70</textcolor>
						<label>$INFO[ListItem.Label]</label>
						<scroll>false</scroll>
						<visible>Skin.HasSetting(SubmenuLabel)</visible>
						<!-- small cat widget off-->
						<visible>!Skin.HasSetting(DisableBigCat)</visible>
						<!-- cat text on -->
					</control>
					<control type="image">
						<bordersize>10</bordersize>
						<aspectratio scalediffuse="false">keep</aspectratio>
						<texture background="true" diffuse="diffuse/submenu.png">$INFO[ListItem.Icon]</texture>
						<visible>!Skin.HasSetting(SubmenuLabel)</visible>
						<!-- small cat widget on-->
					</control>
					<control type="image">
						<height>70%</height>
						<align>center</align>
						<align>center</align>
						<bordersize>10</bordersize>
						<aspectratio scalediffuse="false">keep</aspectratio>
						<texture background="true" diffuse="diffuse/submenubig.png">$INFO[ListItem.Icon]</texture>
						<visible>Skin.HasSetting(SubmenuLabel)</visible>
						<!-- small cat widget off-->
						<visible>!Skin.HasSetting(DisableBigCat)</visible>
						<!-- cat text on -->
					</control>
					<control type="image">
						<bordersize>10</bordersize>
						<aspectratio scalediffuse="false">keep</aspectratio>
						<texture background="true" diffuse="diffuse/submenubig.png">$INFO[ListItem.Icon]</texture>
						<visible>Skin.HasSetting(SubmenuLabel)</visible>
						<!-- small cat widget off-->
						<visible>Skin.HasSetting(DisableBigCat)</visible>
						<!-- cat text off -->
					</control>
					<control type="image">
						<bordersize>10</bordersize>
						<texture colordiffuse="PixelLines" border="20">common/outline.png</texture>
					</control>
				</control>
				<control type="group">
					<include>View_Selectbox</include>
				</control>
			</control>
			<control type="group">
				<visible>!Control.HasFocus($PARAM[id])</visible>
				<include content="Widget_Submenu_ItemLayout">
					<param name="genres" value="$PARAM[genres]"/>
					<param name="studios" value="$PARAM[studios]"/>
					<param name="text" value="$PARAM[text]"/>
					<param name="square" value="$PARAM[square]"/>
					<param name="poster" value="$PARAM[poster]"/>
					<param name="landscape" value="$PARAM[landscape]"/>
					<param name="landscapedetails" value="$PARAM[landscape]"/>
					<param name="landscapewide" value="$PARAM[landscapewide]"/>
					<param name="landscapewideposter" value="$PARAM[landscapewideposter]"/>
					<param name="posterdetails" value="$PARAM[posterdetails]"/>
					<param name="widgetlive" value="$PARAM[widgetlive]"/>
					<param name="landscapenetflix" value="$PARAM[landscapenetflix]"/>
					<param name="landscapepanel" value="$PARAM[landscapepanel]"/>
					<param name="category" value="$PARAM[category]"/>
				</include>
			</control>
		</definition>
	</include>
	<include name="Widget_Items_Textbox">
		<param name="color" default="PosterFront_70"/>
		<definition>
			<control type="textbox">
				<top>250</top>
				<bottom>10</bottom>
				<left>20</left>
				<right>20</right>
				<align>center</align>
				<aligny>center</aligny>
				<font>font_tiny</font>
				<autoscroll>false</autoscroll>
				<textcolor>$PARAM[color]</textcolor>
				<label>$INFO[ListItem.Label]</label>
			</control>
		</definition>
	</include>
	<include name="Widget_Items_Genres">
		<param name="color" default="PosterFront_70"/>
		<definition>
			<control type="group">
				<height>240</height>
				<control type="image">
					<top>50</top>
					<left>50</left>
					<right>50</right>
					<bottom>50</bottom>
					<texture background="true" colordiffuse="$PARAM[color]" fallback="DefaultGenres.png">$VAR[Image_GenreIcons]</texture>
					<aspectratio scalediffuse="false">keep</aspectratio>
				</control>
			</control>
		</definition>
	</include>
	<include name="Widget_Items_Studios">
		<param name="color" default="PosterFront_70"/>
		<definition>
			<control type="group">
				<height>240</height>
				<control type="image">
					<top>20</top>
					<left>20</left>
					<right>20</right>
					<bottom>20</bottom>
					<texture background="true" colordiffuse="$PARAM[color]" fallback="DefaultStudios.png">$INFO[ListItem.Label,resource://resource.images.studios.white/,.png]</texture>
					<aspectratio scalediffuse="false">keep</aspectratio>
				</control>
			</control>
		</definition>
	</include>
	<include name="Widget_Items_Text">
		<param name="color" default="PosterFront_70"/>
		<definition>
			<control type="textbox">
				<top>20</top>
				<bottom>20</bottom>
				<left>20</left>
				<right>20</right>
				<align>center</align>
				<aligny>center</aligny>
				<font>font_poster_text</font>
				<textcolor>$PARAM[color]</textcolor>
				<label>$INFO[ListItem.Label]</label>
			</control>
		</definition>
	</include>
	<include name="Widget_Items_Default">
		<param name="color" default="PosterFront_70"/>
		<definition>
			<control type="group">
				<height>240</height>
				<visible>String.IsEmpty(ListItem.Art(poster)) + [String.IsEmpty(ListItem.Art(tvshow.poster)) | String.IsEqual(ListItem.DBType,episode)]</visible>
				<control type="image">
					<top>0</top>
					<left>0</left>
					<right>0</right>
					<bottom>0</bottom>
					<texture background="true" diffuse="diffuse/widgetsquare.png">$INFO[ListItem.Icon]</texture>
					<aspectratio scalediffuse="false">scale</aspectratio>
					<visible>!String.Contains(ListItem.Icon,/extras/icons/) + !String.Contains(ListItem.Icon,Default)</visible>
					<visible>String.IsEmpty(ListItem.ChannelName) + String.IsEmpty(ListItem.ChannelNumber) + !String.Contains(ListItem.FileNameAndPath,channelid)</visible>
				</control>
				<control type="image">
					<top>0</top>
					<left>0</left>
					<right>0</right>
					<bottom>0</bottom>
					<texture background="true" colordiffuse="$PARAM[color]" diffuse="diffuse/widgetsquare.png">$INFO[ListItem.Icon]</texture>
					<aspectratio scalediffuse="false">scale</aspectratio>
					<visible>!String.Contains(ListItem.Icon,/extras/icons/) + String.Contains(ListItem.Icon,Default)</visible>
					<visible>String.IsEmpty(ListItem.ChannelName) + String.IsEmpty(ListItem.ChannelNumber) + !String.Contains(ListItem.FileNameAndPath,channelid)</visible>
				</control>
				<control type="image">
					<top>0</top>
					<left>0</left>
					<right>0</right>
					<bottom>0</bottom>
					<texture background="true" diffuse="diffuse/widgetsquare.png">$INFO[ListItem.Icon]</texture>
					<aspectratio scalediffuse="false">keep</aspectratio>
					<visible>!String.Contains(ListItem.Icon,/extras/icons/)</visible>
					<visible>!String.IsEmpty(ListItem.ChannelName) | !String.IsEmpty(ListItem.ChannelNumber) | String.Contains(ListItem.FileNameAndPath,channelid)</visible>
				</control>
				<control type="image">
					<top>47</top>
					<left>47</left>
					<right>47</right>
					<bottom>47</bottom>
					<texture background="true" colordiffuse="$PARAM[color]">$INFO[ListItem.Icon]</texture>
					<aspectratio scalediffuse="false">keep</aspectratio>
					<visible>String.Contains(ListItem.Icon,/extras/icons/)</visible>
				</control>
			</control>
		</definition>
	</include>
	<include name="Widget_Items_Square">
		<param name="color" default="PosterFront_70"/>
		<definition>
			<control type="group">
				<height>100%</height>
				<control type="image">
					<top>0</top>
					<left>0</left>
					<right>0</right>
					<bottom>0</bottom>
					<texture background="true" diffuse="diffuse/widgetsquare.png">$INFO[ListItem.Icon]</texture>
					<aspectratio scalediffuse="false">scale</aspectratio>
					<visible>!String.Contains(ListItem.Icon,/extras/icons/) + !String.Contains(ListItem.Icon,Default)</visible>
					<visible>String.IsEmpty(ListItem.ChannelName) + String.IsEmpty(ListItem.ChannelNumber) + !String.Contains(ListItem.FileNameAndPath,channelid)</visible>
				</control>
				<control type="image">
					<top>0</top>
					<left>0</left>
					<right>0</right>
					<bottom>0</bottom>
					<texture background="true" diffuse="diffuse/widgetsquare.png">$VAR[Image_Fanart]</texture>
					<aspectratio scalediffuse="false">scale</aspectratio>
					<visible>String.Contains(ListItem.DBType,episode) | String.Contains(ListItem.DBType,tvshow) | String.Contains(ListItem.DBType,season) | String.Contains(ListItem.DBType,movie)</visible>
				</control>
				<control type="image">
					<width>70%</width>
					<height>70%</height>
					<bottom>10</bottom>
					<centerleft>50%</centerleft>
					<aspectratio aligny="bottom" scalediffuse="false">keep</aspectratio>
					<texture background="true" diffuse="diffuse/widgetlandscape.png">$VAR[Widget_ClearLogo]</texture>
					<visible>!Skin.HasSetting(DisableBanners) + Skin.HasSetting(DisableClearlogo) + [!String.Contains(ListItem.Art(landscape),tvthumb) + !String.Contains(ListItem.Art(landscape),moviethumb)]</visible>
					<visible>String.Contains(ListItem.DBType,episode) | String.Contains(ListItem.DBType,tvshow) | String.Contains(ListItem.DBType,season) | String.Contains(ListItem.DBType,movie)</visible>
				</control>
				<control type="image">
					<top>0</top>
					<left>0</left>
					<right>0</right>
					<bottom>0</bottom>
					<texture background="true" colordiffuse="$PARAM[color]" diffuse="diffuse/widgetsquare.png">$INFO[ListItem.Icon]</texture>
					<aspectratio scalediffuse="false">scale</aspectratio>
					<visible>!String.Contains(ListItem.Icon,/extras/icons/) + String.Contains(ListItem.Icon,Default)</visible>
					<visible>String.IsEmpty(ListItem.ChannelName) + String.IsEmpty(ListItem.ChannelNumber) + !String.Contains(ListItem.FileNameAndPath,channelid)</visible>
				</control>
				<control type="image">
					<top>0</top>
					<left>0</left>
					<right>0</right>
					<bottom>0</bottom>
					<texture background="true" diffuse="diffuse/widgetsquare.png">$INFO[ListItem.Icon]</texture>
					<aspectratio scalediffuse="false">keep</aspectratio>
					<visible>!String.Contains(ListItem.Icon,/extras/icons/)</visible>
					<visible>!String.IsEmpty(ListItem.ChannelName) | !String.IsEmpty(ListItem.ChannelNumber) | String.Contains(ListItem.FileNameAndPath,channelid)</visible>
				</control>
				<control type="image">
					<top>47</top>
					<left>47</left>
					<right>47</right>
					<bottom>47</bottom>
					<texture background="true" colordiffuse="$PARAM[color]">$INFO[ListItem.Icon]</texture>
					<aspectratio scalediffuse="false">keep</aspectratio>
					<visible>String.Contains(ListItem.Icon,/extras/icons/)</visible>
				</control>
				<include content="Defs_PictureBack">
					<param name="diffuse" value="diffuse/widgetsquare.png"/>
					<param name="pad" value="-10"/>
				</include>
			</control>
		</definition>
	</include>
	<include name="Widget_Items_Poster">
		<param name="poster" default="false"/>
		<definition>
			<control type="image">
				<texture background="true" diffuse="diffuse/widgetposter.png" fallback="DefaultFanartFallback.jpg">$VAR[Image_Poster]</texture>
				<aspectratio scalediffuse="false">scale</aspectratio>
				<visible>!String.IsEmpty(ListItem.Art(poster)) | [!String.IsEmpty(ListItem.Art(tvshow.poster)) + !String.IsEqual(ListItem.DBType,episode)] | $PARAM[poster]</visible>
			</control>
			<control type="image">
				<height>100%</height>
				<width>100%</width>
				<texture colordiffuse="bf000000" diffuse="diffuse/widgetposter.png">common/gradient-actor.png</texture>
				<visible>String.Contains(ListItem.FolderPath,type=person)</visible>
			</control>
			<control type="label">
				<left>20</left>
				<right>20</right>
				<height>30</height>
				<bottom>42</bottom>
				<align>left</align>
				<aligny>center</aligny>
				<font>font_statusbar</font>
				<textcolor>main_fg_100</textcolor>
				<label>$INFO[ListItem.Label]</label>
				<visible>String.Contains(ListItem.FolderPath,type=person)</visible>
			</control>
			<control type="label">
				<left>20</left>
				<right>20</right>
				<height>30</height>
				<bottom>18</bottom>
				<align>left</align>
				<aligny>center</aligny>
				<font>font_statusbar</font>
				<textcolor>main_fg_70</textcolor>
				<label>$INFO[ListItem.Label2]</label>
				<visible>String.Contains(ListItem.FolderPath,type=person)</visible>
			</control>
			<include>seemore</include>
		</definition>
	</include>
	<include name="Widget_Items_ItemLayout">
		<param name="genres" default="false"/>
		<param name="studios" default="false"/>
		<param name="text" default="false"/>
		<param name="square" default="false"/>
		<param name="poster" default="false"/>
		<param name="landscape" default="false"/>
		<param name="landscapedetails" default="false"/>
		<param name="landscapewide" default="false"/>
		<param name="landscapewideposter" default="false"/>
		<param name="posterdetails" default="false"/>
		<param name="widgetlive" default="false"/>
		<param name="landscapenetflix" default="false"/>
		<param name="landscapepanel" default="false"/>
		<param name="category" default="false"/>
		<param name="submenuwidget" default="false"/>
		<definition>
			<control type="group">
				<left>60</left>
				<right>-60</right>
				<top>0</top>
				<bottom>-0</bottom>
				<include>Defs_PosterBack</include>
				<control type="group">
					<top>10</top>
					<right>10</right>
					<bottom>10</bottom>
					<left>10</left>
					<include condition="!$PARAM[poster] + !$PARAM[landscape] + !$PARAM[submenuwidget] + !$PARAM[landscapedetails] + !$PARAM[landscapenetflix] + !$PARAM[landscapepanel] + !$PARAM[category] + !$PARAM[widgetlive] + !$PARAM[landscapewideposter] + !$PARAM[posterdetails] + !$PARAM[landscapewide] + !$PARAM[text]">Widget_Items_Textbox</include>
					<include condition="$PARAM[genres]">Widget_Items_Genres</include>
					<include condition="$PARAM[studios] + !$PARAM[genres]">Widget_Items_Studios</include>
					<include condition="$PARAM[text] + !$PARAM[genres] + !$PARAM[studios]">Widget_Items_Text</include>
					<include condition="$PARAM[square] + !$PARAM[studios] + !$PARAM[genres] + !$PARAM[text]">Widget_Items_Square</include>
					<include condition="!$PARAM[poster] + !$PARAM[landscape] + !$PARAM[landscapepanel] + !$PARAM[submenuwidget] + !$PARAM[landscapedetails] + !$PARAM[landscapenetflix] + !$PARAM[category] + !$PARAM[widgetlive] + !$PARAM[landscapewideposter] + !$PARAM[posterdetails] + !$PARAM[landscapewide] + !$PARAM[studios] + !$PARAM[genres] + !$PARAM[text] + !$PARAM[square]">Widget_Items_Default</include>
					<include condition="[$PARAM[poster] + !$PARAM[studios] + !$PARAM[genres] + !$PARAM[text]] | [!$PARAM[submenuwidget] + !$PARAM[landscape] + !$PARAM[widgetlive] + !$PARAM[landscapewideposter] + !$PARAM[posterdetails] + !$PARAM[landscapewide] + !$PARAM[landscapepanel] + !$PARAM[landscapenetflix] + !$PARAM[category] + !$PARAM[studios] + !$PARAM[genres] + !$PARAM[text] + !$PARAM[square]]" content="Widget_Items_Poster">
						<param name="poster" value="$PARAM[poster]"/>
					</include>
					<include condition="$PARAM[landscape] + !$PARAM[studios] + !$PARAM[genres] + !$PARAM[text]">Widget_Items_Landscape</include>
					<include condition="$PARAM[landscapewide] + !$PARAM[studios] + !$PARAM[genres] + !$PARAM[text]">Widget_Items_LandscapeBanner</include>
					<include condition="$PARAM[landscapewideposter] + !$PARAM[studios] + !$PARAM[genres] + !$PARAM[text]">Widget_Items_LandscapeWidePoster</include>
					<include condition="$PARAM[posterdetails] + !$PARAM[studios] + !$PARAM[genres] + !$PARAM[text]">Widget_Items_PosterDetails</include>
					<include condition="$PARAM[landscapedetails] + !$PARAM[studios] + !$PARAM[genres] + !$PARAM[text]">Widget_Items_LandscapeDetails</include>
					<include condition="$PARAM[widgetlive] + !$PARAM[studios] + !$PARAM[genres] + !$PARAM[text]">Widget_Items_WidgetLive</include>
					<include condition="$PARAM[landscapenetflix] + !$PARAM[studios] + !$PARAM[genres] + !$PARAM[text]">Widget_Items_LandscapeNetflix</include>
					<include condition="$PARAM[landscapepanel] + !$PARAM[studios] + !$PARAM[genres] + !$PARAM[text]">Widget_Items_LandscapeNetflix</include>
					<include condition="$PARAM[category] + !$PARAM[studios] + !$PARAM[genres] + !$PARAM[text]">Widget_Items_Category</include>
					<include condition="$PARAM[submenuwidget] + !$PARAM[studios] + !$PARAM[genres] + !$PARAM[text]">Widget_Items_SubmenuWidget</include>
				</control>
				<include>View_WatchedOverlay</include>
				<control type="image">
					<bordersize>10</bordersize>
					<texture colordiffuse="PixelLines" border="20">common/outline.png</texture>
				</control>
			</control>
		</definition>
	</include>
	<include name="selectbox_landscapedetails_height">
		<width>200</width>
	</include>
	<include name="Widget_Items_FocusedLayout">
		<param name="genres" default="false"/>
		<param name="studios" default="false"/>
		<param name="text" default="false"/>
		<param name="square" default="false"/>
		<param name="poster" default="false"/>
		<param name="landscape" default="false"/>
		<param name="landscapedetails" default="false"/>
		<param name="landscapewide" default="false"/>
		<param name="landscapewideposter" default="false"/>
		<param name="posterdetails" default="false"/>
		<param name="widgetlive" default="false"/>
		<param name="landscapenetflix" default="false"/>
		<param name="landscapepanel" default="false"/>
		<param name="category" default="false"/>
		<param name="submenuwidget" default="false"/>
		<definition>
			<control type="group">
				<left>60</left>
				<right>-60</right>
				<top>0</top>
				<bottom>-0</bottom>
				<visible>Control.HasFocus($PARAM[id])</visible>
				<include condition="!$PARAM[landscape]">Animation_FocusBounce</include>
				<include condition="$PARAM[landscape]">Animation_FocusBounce_Small</include>
				<include>Defs_PosterBack</include>
				<control type="group">
					<top>10</top>
					<right>10</right>
					<bottom>10</bottom>
					<left>10</left>
					<include condition="!$PARAM[poster] + !$PARAM[submenuwidget] + !$PARAM[landscapedetails] + !$PARAM[landscape] + !$PARAM[widgetlive] + !$PARAM[landscapewideposter] + !$PARAM[category] + !$PARAM[posterdetails] + !$PARAM[landscapenetflix] + !$PARAM[landscapepanel] + !$PARAM[landscapewide] + !$PARAM[text]" content="Widget_Items_Textbox">
						<param name="color" value="PosterFront"/>
					</include>
					<include condition="$PARAM[genres]" content="Widget_Items_Genres">
						<param name="color" value="PosterFront"/>
					</include>
					<include condition="$PARAM[studios] + !$PARAM[genres]" content="Widget_Items_Studios">
						<param name="color" value="PosterFront"/>
					</include>
					<include condition="$PARAM[text] + !$PARAM[genres] + !$PARAM[studios]" content="Widget_Items_Text">
						<param name="color" value="PosterFront"/>
					</include>
					<include condition="$PARAM[square] + !$PARAM[studios] + !$PARAM[genres] + !$PARAM[text]" content="Widget_Items_Square">
						<param name="color" value="PosterFront"/>
					</include>
					<include condition="!$PARAM[poster] + !$PARAM[landscape] + !$PARAM[submenuwidget] + !$PARAM[landscapedetails] + !$PARAM[widgetlive] + !$PARAM[landscapewideposter] + !$PARAM[posterdetails] + !$PARAM[category] + !$PARAM[landscapenetflix] + !$PARAM[landscapepanel] + !$PARAM[landscapewide] + !$PARAM[studios] + !$PARAM[genres] + !$PARAM[text] + !$PARAM[square]" content="Widget_Items_Default">
						<param name="color" value="PosterFront"/>
					</include>
					<include condition="[$PARAM[poster] + !$PARAM[studios] + !$PARAM[genres] + !$PARAM[text]] | [!$PARAM[submenuwidget] + !$PARAM[landscape] + !$PARAM[widgetlive] + !$PARAM[landscapewideposter] + !$PARAM[posterdetails] + !$PARAM[landscapenetflix] + !$PARAM[landscapepanel] + !$PARAM[category] + !$PARAM[landscapewide] + !$PARAM[studios] + !$PARAM[genres] + !$PARAM[text] + !$PARAM[square]]" content="Widget_Items_Poster">
						<param name="poster" value="$PARAM[poster]"/>
					</include>
					<include condition="$PARAM[landscape] + !$PARAM[studios] + !$PARAM[genres] + !$PARAM[text]">Widget_Items_Landscape</include>
					<include condition="$PARAM[landscapewide] + !$PARAM[studios] + !$PARAM[genres] + !$PARAM[text]">Widget_Items_LandscapeBanner</include>
					<include condition="$PARAM[landscapewideposter] + !$PARAM[studios] + !$PARAM[genres] + !$PARAM[text]">Widget_Items_LandscapeWidePoster</include>
					<include condition="$PARAM[posterdetails] + !$PARAM[studios] + !$PARAM[genres] + !$PARAM[text]">Widget_Items_PosterDetails</include>
					<include condition="$PARAM[widgetlive] + !$PARAM[studios] + !$PARAM[genres] + !$PARAM[text]">Widget_Items_WidgetLive</include>
					<include condition="$PARAM[landscapedetails] + !$PARAM[studios] + !$PARAM[genres] + !$PARAM[text]">Widget_Items_LandscapeDetails_Focused</include>
					<include condition="$PARAM[landscapenetflix] + !$PARAM[studios] + !$PARAM[genres] + !$PARAM[text]">Widget_Items_LandscapeNetflix</include>
					<include condition="$PARAM[landscapepanel] + !$PARAM[studios] + !$PARAM[genres] + !$PARAM[text]">Widget_Items_LandscapeNetflix</include>
					<include condition="$PARAM[category] + !$PARAM[studios] + !$PARAM[genres] + !$PARAM[text]">Widget_Items_Category</include>
					<include condition="$PARAM[submenuwidget] + !$PARAM[studios] + !$PARAM[genres] + !$PARAM[text]">Widget_Items_SubmenuWidget</include>
				</control>
				<include>View_WatchedOverlay</include>
				<control type="group">
					<include>View_Selectbox</include>
				</control>
			</control>
			<control type="group">
				<visible>!Control.HasFocus($PARAM[id])</visible>
				<include content="Widget_Items_ItemLayout">
					<param name="genres" value="$PARAM[genres]"/>
					<param name="studios" value="$PARAM[studios]"/>
					<param name="text" value="$PARAM[text]"/>
					<param name="square" value="$PARAM[square]"/>
					<param name="poster" value="$PARAM[poster]"/>
					<param name="landscape" value="$PARAM[landscape]"/>
					<param name="landscapedetails" value="$PARAM[landscapedetails]"/>
					<param name="landscapewide" value="$PARAM[landscapewide]"/>
					<param name="landscapewideposter" value="$PARAM[landscapewideposter]"/>
					<param name="posterdetails" value="$PARAM[posterdetails]"/>
					<param name="widgetlive" value="$PARAM[widgetlive]"/>
					<param name="landscapenetflix" value="$PARAM[landscapenetflix]"/>
					<param name="landscapepanel" value="$PARAM[landscapepanel]"/>
					<param name="category" value="$PARAM[category]"/>
				</include>
			</control>
		</definition>
	</include>
</includes>

