<?xml version="1.0" encoding="UTF-8"?>
<includes>
	<include name="Widget_Items_Landscape_Wide">
		<control type="group">
			<control type="image">
				<texture background="true" fallback="DefaultFanartFallback.jpg" diffuse="diffuse/widgetlandscape.png">$VAR[Image_Fanart]</texture>
				<aspectratio scalediffuse="false">scale</aspectratio>
				<visible>!String.IsEmpty(ListItem.Art(landscape)) | [!String.IsEmpty(ListItem.Art(fanart)) + !String.Contains(ListItem.Art(fanart),plugin.video.themoviedb.helper/fanart.jpg)] | !String.IsEmpty(ListItem.Art(thumb))</visible>
			</control>
			<control type="image">
				<texture background="true" fallback="DefaultFanartFallback.jpg" diffuse="diffuse/widgetlandscape.png">$INFO[ListItem.Art(poster)]</texture>
				<centerleft>50%</centerleft>
				<aspectratio scalediffuse="false">keep</aspectratio>
				<visible>String.IsEmpty(ListItem.Art(landscape)) + [String.IsEmpty(ListItem.Art(fanart)) | String.Contains(ListItem.Art(fanart),plugin.video.themoviedb.helper/fanart.jpg)] + String.IsEmpty(ListItem.Art(thumb))</visible>
			</control>
			<control type="label">
				<bottom>40</bottom>
				<left>30</left>
				<height>30</height>
				<font>font_medium_bold</font>
				<shadowcolor>black</shadowcolor>
				<textcolor>white</textcolor>
				<label>Watch S$INFO[ListItem.Season]:E$INFO[ListItem.Episode]</label>
				<visible>String.IsEqual(ListItem.DBType,episode)</visible>
			</control>
			<control type="image">
				<width>30%</width>
				<height>30%</height>
				<right>10</right>
				<bottom>25</bottom>
				<aspectratio aligny="bottom" scalediffuse="false">keep</aspectratio>
				<texture background="true" diffuse="diffuse/widgetlandscape.png">$VAR[Widget_ClearLogo]</texture>
				<visible>String.IsEqual(ListItem.DBType,episode)</visible>
			</control>
			<control type="image">
				<width>30%</width>
				<height>30%</height>
				<right>10</right>
				<bottom>25</bottom>
				<aspectratio aligny="bottom" scalediffuse="false">keep</aspectratio>
				<texture background="true" diffuse="diffuse/widgetlandscape.png">$VAR[Widget_ClearLogo]</texture>
				<visible>!String.IsEqual(ListItem.DBType,episode) + [String.IsEmpty(ListItem.Art(landscape)) | String.Contains(ListItem.Art(landscape),w1280None) | String.Contains(ListItem.Art(landscape),tmdb.org)]</visible>
			</control>
			<control type="progress">
				<left>30</left>
				<bottom>20</bottom>
				<description>progress bar</description>
				<width>90%</width>
				<height>9</height>
				<align>center</align>
				<texturebg colordiffuse="dimgrey" border="2">colors/color_white.png</texturebg>
				<lefttexture/>
				<midtexture colordiffuse="red" border="2">colors/color_white.png</midtexture>
				<righttexture/>
				<info>ListItem.PercentPlayed</info>
				<visible>String.IsEqual(ListItem.DBType,episode)</visible>
			</control>
			<control type="progress">
				<visible>Integer.IsGreater(ListItem.PlayCount,0)</visible>
				<left>30</left>
				<bottom>20</bottom>
				<description>progress bar</description>
				<width>90%</width>
				<height>9</height>
				<align>center</align>
				<texturebg colordiffuse="red" border="2">colors/color_white.png</texturebg>
				<lefttexture/>
				<midtexture colordiffuse="red" border="2">colors/color_white.png</midtexture>
				<righttexture/>
				<info>ListItem.PercentPlayed</info>
				<visible>String.IsEqual(ListItem.DBType,episode)</visible>
			</control>
			<include>seemore</include>
		</control>
	</include>
	<include name="Widget_Items_SubmenuWidget">
		<control type="group">
			<control type="group">
				<control type="image">
					<texture background="true" diffuse="diffuse/submenu.png">$INFO[ListItem.Property(background)]</texture>
					<visible>!String.IsEmpty(ListItem.Property(background))</visible>
				</control>
				<control type="image">
					<texture colordiffuse="69000000" background="true">diffuse/landscape.png</texture>
					<visible>!String.IsEmpty(ListItem.Property(background))</visible>
				</control>
				<control type="image">
					<texture colordiffuse="79000000" background="true">diffuse/landscape.png</texture>
					<visible>!String.IsEmpty(ListItem.Property(background))</visible>
				</control>
				<control type="label">
					<bottom>10</bottom>
					<height>30</height>
					<align>center</align>
					<font>font_tiny</font>
					<textcolor>PosterFront_70</textcolor>
					<right>30</right>
					<left>30</left>
					<label>$INFO[ListItem.Label]</label>
					<scroll>false</scroll>
					<visible>!String.Contains(ListItem.Icon,none.png)</visible>
				</control>
				<control type="label">
					<centertop>50%</centertop>
					<height>30</height>
					<align>center</align>
					<font>font_small_bold</font>
					<textcolor>PosterFront</textcolor>
					<right>30</right>
					<left>30</left>
					<label>$INFO[ListItem.Label]</label>
					<visible>String.Contains(ListItem.Icon,none.png)</visible>
				</control>
				<control type="image">
					<bordersize>10</bordersize>
					<centertop>40%</centertop>
					<aspectratio scalediffuse="false">keep</aspectratio>
					<texture background="true" diffuse="diffuse/submenubig.png">$INFO[ListItem.Icon]</texture>
					<visible>!String.Contains(ListItem.Icon,none.png)</visible>
				</control>
			</control>
		</control>
	</include>
	<include name="Widget_Items_BigPoster">
		<control type="image">
			<texture background="true" diffuse="diffuse/widgetposter.png">$VAR[Image_Poster]</texture>
			<aspectratio scalediffuse="false">scale</aspectratio>
			<visible>!String.IsEmpty(ListItem.Art(poster)) | [!String.IsEmpty(ListItem.Art(tvshow.poster)) + !String.IsEqual(ListItem.DBType,episode)] | $PARAM[poster]</visible>
		</control>
		<control type="image">
			<height>100%</height>
			<width>100%</width>
			<texture background="true" colordiffuse="bf000000" diffuse="diffuse/widgetposter.png">common/gradient-actor.png</texture>
			<visible>String.Contains(ListItem.FolderPath,type=person)</visible>
		</control>
		<control type="label">
			<left>20</left>
			<right>20</right>
			<height>30</height>
			<bottom>42</bottom>
			<align>left</align>
			<aligny>center</aligny>
			<font>font_statusbar</font>
			<textcolor>main_fg_100</textcolor>
			<label>$INFO[ListItem.Label]</label>
			<visible>String.Contains(ListItem.FolderPath,type=person)</visible>
		</control>
		<control type="label">
			<left>20</left>
			<right>20</right>
			<height>30</height>
			<bottom>18</bottom>
			<align>left</align>
			<aligny>center</aligny>
			<font>font_statusbar</font>
			<textcolor>main_fg_70</textcolor>
			<label>$INFO[ListItem.Label2]</label>
			<visible>String.Contains(ListItem.FolderPath,type=person)</visible>
		</control>
	</include>
	<include name="Widget_Items_Landscape">
		<control type="group">
			<control type="button">
				<onfocus condition="!String.StartsWith(ListItem.Label,See More)">AlarmClock(widgetslide,SetProperty(widgetslide,1,home),00:02,silent)</onfocus>
				<onunfocus>ClearProperty(widgetslide,home)</onunfocus>
				<onunfocus>CancelAlarm(widgetslide,true)</onunfocus>
			</control>
			<control type="group">
				<visible>[Control.IsVisible(505) | Control.HasFocus(5055)] + String.IsEmpty(Container(5055).ListItem.Art(fanart)) + String.IsEmpty(Container(5055).ListItem.Year) + [String.IsEmpty(Container(5055).ListItem.TvShowTitle) | String.IsEmpty(Container(5055).ListItem.Title)]</visible>
				<control type="image">
					<texture background="true" fallback="special://skin/extras/backgrounds/global_blue.jpg">$VAR[category_widget]</texture>
					<aspectratio scalediffuse="false">scale</aspectratio>
				</control>
				<control type="image">
					<height>100%</height>
					<width>100%</width>
					<texture background="true" colordiffuse="99000000" flipy="true">diffuse/landscape.png</texture>
				</control>
				<control type="image">
					<height>100%</height>
					<width>100%</width>
					<texture background="true" colordiffuse="99000000" flipy="true">diffuse/landscape.png</texture>
				</control>
			</control>
			<control type="image">
				<texture fallback="DefaultFanartFallback.jpg" diffuse="diffuse/widgetlandscape.png" background="true">$INFO[ListItem.Icon]</texture>
				<aspectratio scalediffuse="false">scale</aspectratio>
				<visible>String.Contains(ListItem.Path,plugin://plugin.video.youtube)</visible>
			</control>
			<!-- Fanart Background -->
			<control type="image">
				<texture background="true" fallback="DefaultFanartFallback.jpg" diffuse="diffuse/widgetlandscape.png">$VAR[Image_Fanart]</texture>
				<aspectratio scalediffuse="false">scale</aspectratio>
				<visible>!String.Contains(ListItem.Path,plugin://plugin.video.youtube)</visible>
			</control>
			<control type="group">
				<visible>String.IsEqual(ListItem.DBType,episode) + [!String.IsEmpty(ListItem.Art(clearlogo)) | !String.IsEmpty(ListItem.Art(tvshow.clearlogo))] + !Skin.HasSetting(WidgetLabels)</visible>
				<control type="image">
					<left>0</left>
					<bottom>40</bottom>
					<height>45</height>
					<width>100</width>
					<texture background="true" colordiffuse="99FF0000" flipy="true">diffuse/halfbox.png</texture>
				</control>
				<control type="textbox">
					<bottom>20</bottom>
					<left>4</left>
					<height>55</height>
					<width>85</width>
					<label>[I]$INFO[ListItem.Season, S,: ]$INFO[ListItem.Episode,E, ][/I]</label>
					<textcolor>white</textcolor>
					<font>widget_overlaybutton</font>
				</control>
			</control>
			<!-- Clearlogo -->
			<control type="group">
				<!-- Add Clearlogo to landscape Image -->
			</control>
			<control type="image">
				<bottom>30</bottom>
				<top>170</top>
				<left>120</left>
				<right>120</right>
				<aspectratio aligny="bottom" scalediffuse="false">keep</aspectratio>
				<texture background="true" diffuse="diffuse/widgetlandscape.png">$VAR[Widget_ClearLogo]</texture>
				<visible>!String.IsEqual(ListItem.DBType,episode) + !Skin.HasSetting(DisableNetflixSmallWidget) + !Skin.HasSetting(DisableBanners) + Skin.HasSetting(DisableClearlogo) + [String.IsEmpty(ListItem.Art(landscape)) | String.Contains(ListItem.Art(landscape),w1280None) | String.Contains(ListItem.Art(landscape),tmdb.org)]</visible>
			</control>
			<!-- Add Clearlogo to landscape Image -->
			<control type="image">
				<bottom>0</bottom>
				<right>10</right>
				<width>45%</width>
				<height>45%</height>
				<aspectratio>keep</aspectratio>
				<texture background="true">$VAR[Widget_ClearLogo]</texture>
				<visible>!Skin.HasSetting(DisableNetflixSmallWidget) + !Skin.HasSetting(DisableBanners) + Skin.HasSetting(DisableClearlogo) + String.IsEqual(ListItem.DBType,episode)</visible>
			</control>
			<control type="group">
				<height>50</height>
				<bottom>0</bottom>
				<visible>[!Skin.HasSetting(DisableClearlogo) | [Skin.HasSetting(DisableClearlogo) + [String.IsEmpty(ListItem.Art(clearlogo)) + String.IsEmpty(ListItem.Art(tvshow.clearlogo))]]] + !Skin.HasSetting(WidgetLabels)</visible>
				<control type="image">
					<texture background="true" colordiffuse="99000000" border="10" flipy="true">diffuse/halfbox.png</texture>
				</control>
				<control type="label">
					<top>0</top>
					<bottom>0</bottom>
					<left>20</left>
					<right>20</right>
					<align>center</align>
					<aligny>center</aligny>
					<font>font_tiny_bold</font>
					<textcolor>main_fg_70</textcolor>
					<label>$VAR[Label_Widget]</label>
				</control>
			</control>
			<control type="group">
				<visible>[Control.IsVisible(505) | Control.HasFocus(5055)] + ![String.IsEqual(Container(5055).ListItem.DBType,episode) | String.IsEqual(Container(5055).ListItem.DBType,tvshow) | String.IsEqual(Container(5055).ListItem.DBType,movie)] + !Window.IsVisible(1138)</visible>
				<height>70</height>
				<bottom>0</bottom>
				<control type="image">
					<texture background="true" colordiffuse="99000000" border="10" flipy="true">diffuse/halfbox.png</texture>
				</control>
				<control type="label">
					<top>0</top>
					<bottom>0</bottom>
					<left>20</left>
					<right>20</right>
					<align>center</align>
					<aligny>center</aligny>
					<font>font_tiny_bold</font>
					<textcolor>main_fg_70</textcolor>
					<label>$INFO[Container(5055).ListItem.Label]</label>
				</control>
			</control>
			<include>seemore</include>
		</control>
	</include>
	<!-- Start Netflix Showcase Widget -->
	<include name="Widget_Items_Category">
		<control type="group">
			<control type="image">
				<centerleft>50%</centerleft>
				<centertop>45%</centertop>
				<width>75%</width>
				<height>75%</height>
				<texture background="true">$VAR[Image_Clearart_Widget]</texture>
			</control>
			<include>seemore</include>
			<control type="group">
				<visible>String.IsEqual(ListItem.DBType,episode)</visible>
				<control type="image">
					<left>0</left>
					<bottom>0</bottom>
					<height>30</height>
					<width>100%</width>
					<texture background="true" colordiffuse="FF000000" flipy="true">white.png</texture>
				</control>
				<control type="label">
					<bottom>5</bottom>
					<align>center</align>
					<height>25</height>
					<label>Season $INFO[ListItem.Season] Episode $INFO[ListItem.Episode]</label>
					<textcolor>white</textcolor>
					<font>font_widget_plot</font>
				</control>
			</control>
		</control>
	</include>
	<include name="Widget_Items_LandscapeDetails_Info">
		<control type="group">
			<control type="image">
				<width>100%</width>
				<texture colordiffuse="FFFFFFFF" background="true">white.png</texture>
				<aspectratio scalediffuse="false">scale</aspectratio>
			</control>
			<control type="group">
				<left>20</left>
				<control type="label">
					<top>15</top>
					<width>80%</width>
					<height>30</height>
					<font>font_tiny</font>
					<textcolor>FF888888</textcolor>
					<label>$VAR[Label_Genre_showcase]</label>
					<scroll>false</scroll>
					<visible>$EXP[DBTvideos]</visible>
				</control>
				<control type="label">
					<top>40</top>
					<height>60</height>
					<width>100%</width>
					<shadowcolor>dimgrey</shadowcolor>
					<font>font_large_bold</font>
					<textcolor>black</textcolor>
					<label>$VAR[video_heading]</label>
				</control>
				<control type="textbox">
					<top>120</top>
					<height>122</height>
					<width>93%</width>
					<font>font_plot_widgetinfo</font>
					<textcolor>FFA9A9A9</textcolor>
					<autoscroll>0</autoscroll>
					<label>$INFO[ListItem.Plot]</label>
					<scroll>true</scroll>
				</control>
				<control type="textbox">
					<bottom>25</bottom>
					<height>30</height>
					<width>50%</width>
					<font>font_epg_timeline</font>
					<textcolor>dimgrey</textcolor>
					<label>[I]Premiered $INFO[ListItem.Premiered(DDD MMM yyyy)] [/I]</label>
					<visible>$EXP[DBTvideos]</visible>
					<visible>!Integer.IsGreater(ListItem.PercentPlayed,1)</visible>
				</control>
				<control type="image">
					<visible>$EXP[DBTvideos]</visible>
					<bottom>10</bottom>
					<left>40%</left>
					<texture background="true" colordiffuse="main_fg_100">$VAR[infoslidestudio]</texture>
					<aspectratio>stretch</aspectratio>
					<height>59.4</height>
					<width>81.4</width>
					<visible>!Integer.IsGreater(ListItem.PercentPlayed,1)</visible>
				</control>
			</control>
			<control type="group">
				<left>20</left>
				<!--
        <control type="label">
          <top>120</top>
          <width>90%</width>
          <height>40</height>
          <font>font_widgetbar_bold</font>
          <textcolor>$VAR[ColorHighlight]</textcolor>
          <label>Continue Watching S$INFO[ListItem.Season]:E$INFO[ListItem.Episode]</label>
          <scroll>true</scroll>
        </control>
        <control type="label">
          <top>170</top>
          <width>90%</width>
          <height>40</height>
          <font>font_widgetbar_bold</font>
          <textcolor>$VAR[ColorHighlight]</textcolor>
          <label>[I]$INFO[ListItem.Title][/I]</label>
          <scroll>true</scroll>
        </control>
-->
				<control type="group">
					<visible>[Integer.IsGreater(ListItem.PercentPlayed,1) | Integer.IsGreater(Window(Home).Property(ListItem.PercentPlayed),1)]</visible>
					<top>280</top>
					<width>650</width>
					<height>30</height>
					<aligny>center</aligny>
					<control type="progress">
						<width>185</width>
						<height>11</height>
						<texturebg background="true" colordiffuse="cc515151" border="0">colors/color_white.png</texturebg>
						<lefttexture/>
						<midtexture colordiffuse="red" border="4">colors/color_white.png</midtexture>
						<righttexture/>
						<info>ListItem.PercentPlayed</info>
					</control>
					<control type="label">
						<top>-12</top>
						<left>200</left>
						<height>25</height>
						<width>450</width>
						<font>Netflix_Info_main</font>
						<textcolor>dimgrey</textcolor>
						<label>$VAR[ListItemPercentRemained,,% remaining]</label>
					</control>
				</control>
			</control>
		</control>
	</include>
	<include name="Widget_Items_LandscapeDetails_Focused">
		<control type="group">
			<control type="image">
				<width>50%</width>
				<texture fallback="DefaultFanartFallback.jpg" diffuse="diffuse/widgetlandscape.png" background="true">$VAR[Image_Fanart]</texture>
				<aspectratio scalediffuse="false">scale</aspectratio>
				<visible>!String.Contains(ListItem.Path,plugin://plugin.video.youtube)</visible>
			</control>
			<control type="image">
				<width>50%</width>
				<left>50%</left>
				<texture colordiffuse="FFFFFFFF" background="true">white.png</texture>
				<aspectratio scalediffuse="false">scale</aspectratio>
			</control>
			<control type="image">
				<texture fallback="DefaultFanartFallback.jpg" diffuse="diffuse/widgetlandscape.png" background="true">$INFO[ListItem.Icon]</texture>
				<aspectratio scalediffuse="false">scale</aspectratio>
				<visible>String.Contains(ListItem.Path,plugin://plugin.video.youtube)</visible>
			</control>
			<!-- Add Clearlogo to landscape Image -->
			<control type="image">
				<bottom>-10</bottom>
				<left>10</left>
				<width>45%</width>
				<height>45%</height>
				<aspectratio>keep</aspectratio>
				<texture background="true">$VAR[Widget_ClearLogo]</texture>
				<visible>!String.IsEqual(ListItem.DBType,episode) + !Skin.HasSetting(DisableNetflixSmallWidget) + !Skin.HasSetting(DisableBanners) + Skin.HasSetting(DisableClearlogo) + [String.IsEmpty(ListItem.Art(landscape)) | String.Contains(ListItem.Art(landscape),w1280None) | String.Contains(ListItem.Art(landscape),tmdb.org)]</visible>
			</control>
			<control type="group">
				<!-- Add Clearlogo to landscape Image -->
				<control type="image">
					<top>202</top>
					<left>210</left>
					<width>37%</width>
					<height>37%</height>
					<aspectratio aligny="bottom" scalediffuse="false">keep</aspectratio>
					<texture background="true">$VAR[Widget_ClearLogo]</texture>
					<visible>!Skin.HasSetting(DisableNetflixSmallWidget) + !Skin.HasSetting(DisableBanners) + Skin.HasSetting(DisableClearlogo) + String.IsEqual(ListItem.DBType,episode)</visible>
				</control>
			</control>
			<control type="group">
				<control type="label">
					<top>15</top>
					<width>40%</width>
					<height>30</height>
					<left>53%</left>
					<font>font_tiny</font>
					<textcolor>FF888888</textcolor>
					<label>$VAR[Label_Genre_showcase]</label>
					<scroll>false</scroll>
					<visible>$EXP[DBTvideos]</visible>
				</control>
				<control type="label">
					<top>40</top>
					<height>60</height>
					<width>45%</width>
					<left>53%</left>
					<font>font_large_bold</font>
					<textcolor>black</textcolor>
					<shadowcolor>dimgrey</shadowcolor>
					<label>$VAR[video_heading]</label>
				</control>
				<control type="textbox">
					<top>120</top>
					<height>122</height>
					<width>45%</width>
					<left>53%</left>
					<font>widget_live_title</font>
					<textcolor>FFA9A9A9</textcolor>
					<autoscroll>0</autoscroll>
					<label>$INFO[ListItem.Plot]</label>
					<scroll>true</scroll>
				</control>
				<control type="textbox">
					<bottom>25</bottom>
					<height>30</height>
					<width>40%</width>
					<left>53%</left>
					<font>font_epg_timeline</font>
					<textcolor>dimgrey</textcolor>
					<label>[I]Premiered $INFO[ListItem.Premiered(DDD MMM yyyy)] [/I]</label>
					<visible>$EXP[DBTvideos]</visible>
					<visible>!Integer.IsGreater(ListItem.PercentPlayed,1)</visible>
				</control>
				<control type="image">
					<visible>$EXP[DBTvideos]</visible>
					<bottom>10</bottom>
					<left>75%</left>
					<texture background="true" colordiffuse="main_fg_100">$VAR[infoslidestudio]</texture>
					<aspectratio>stretch</aspectratio>
					<height>59.4</height>
					<width>81.4</width>
					<visible>!Integer.IsGreater(ListItem.PercentPlayed,1)</visible>
				</control>
			</control>
			<control type="group">
				<!--
        <control type="label">
          <top>120</top>
          <width>480</width>
          <height>40</height>
          <left>53%</left>
          <font>font_widgetbar_bold</font>
          <textcolor>$VAR[ColorHighlight]</textcolor>
          <label>Continue Watching S$INFO[ListItem.Season]:E$INFO[ListItem.Episode]</label>
          <scroll>true</scroll>
        </control>
        <control type="label">
          <top>170</top>
          <width>500</width>
          <height>40</height>
          <left>53%</left>
          <font>font_widgetbar_bold</font>
          <textcolor>$VAR[ColorHighlight]</textcolor>
          <label>[I]$INFO[ListItem.Title][/I]</label>
          <scroll>true</scroll>
        </control>
-->
				<control type="group">
					<visible>[Integer.IsGreater(ListItem.PercentPlayed,1) | Integer.IsGreater(Window(Home).Property(ListItem.PercentPlayed),1)]</visible>
					<left>53%</left>
					<top>250</top>
					<width>650</width>
					<height>30</height>
					<aligny>center</aligny>
					<control type="progress">
						<width>185</width>
						<height>11</height>
						<texturebg background="true" colordiffuse="cc515151" border="0">colors/color_white.png</texturebg>
						<lefttexture/>
						<midtexture colordiffuse="red" border="4">colors/color_white.png</midtexture>
						<righttexture/>
						<info>ListItem.PercentPlayed</info>
					</control>
					<control type="label">
						<top>-12</top>
						<left>200</left>
						<height>25</height>
						<width>450</width>
						<font>Netflix_Info_main</font>
						<textcolor>dimgrey</textcolor>
						<label>$VAR[ListItemPercentRemained,,% remaining]</label>
					</control>
				</control>
			</control>
		</control>
	</include>
	<include name="Widget_Items_LandscapeDetails">
		<control type="group">
			<control type="image">
				<width>50%</width>
				<texture fallback="DefaultFanartFallback.jpg" diffuse="diffuse/widgetlandscape.png" background="true">$VAR[Image_Fanart]</texture>
				<aspectratio scalediffuse="false">scale</aspectratio>
				<visible>!String.Contains(ListItem.Path,plugin://plugin.video.youtube)</visible>
			</control>
			<control type="image">
				<texture fallback="DefaultFanartFallback.jpg" diffuse="diffuse/widgetlandscape.png" background="true">$INFO[ListItem.Icon]</texture>
				<aspectratio scalediffuse="false">scale</aspectratio>
				<visible>String.Contains(ListItem.Path,plugin://plugin.video.youtube)</visible>
			</control>
			<!-- Add Clearlogo to landscape Image -->
			<control type="image">
				<bottom>-10</bottom>
				<left>10</left>
				<width>45%</width>
				<height>45%</height>
				<aspectratio>keep</aspectratio>
				<texture background="true">$VAR[Widget_ClearLogo]</texture>
				<visible>!String.IsEqual(ListItem.DBType,episode) + !Skin.HasSetting(DisableNetflixSmallWidget) + !Skin.HasSetting(DisableBanners) + Skin.HasSetting(DisableClearlogo) + [String.IsEmpty(ListItem.Art(landscape)) | String.Contains(ListItem.Art(landscape),w1280None) | String.Contains(ListItem.Art(landscape),tmdb.org)]</visible>
			</control>
			<control type="group">
				<!-- Add Clearlogo to landscape Image -->
				<control type="image">
					<bottom>35</bottom>
					<left>10</left>
					<width>50%</width>
					<height>50%</height>
					<aspectratio>keep</aspectratio>
					<texture background="true">$VAR[Widget_ClearLogo]</texture>
					<visible>!Skin.HasSetting(DisableBanners) + Skin.HasSetting(DisableClearlogo) + String.IsEqual(ListItem.DBType,episode)</visible>
				</control>
			</control>
			<control type="group">
				<control type="label">
					<top>10</top>
					<width>40%</width>
					<height>30</height>
					<left>53%</left>
					<font>font_small</font>
					<textcolor>white</textcolor>
					<label>$INFO[ListItem.Genre]</label>
					<scroll>false</scroll>
				</control>
				<control type="label">
					<top>40</top>
					<height>60</height>
					<width>40%</width>
					<left>53%</left>
					<font>font_medium_bold</font>
					<textcolor>white</textcolor>
					<label>$VAR[video_heading]</label>
				</control>
				<control type="textbox">
					<top>100</top>
					<height>95</height>
					<width>40%</width>
					<left>53%</left>
					<font>font_tiny</font>
					<textcolor>white</textcolor>
					<autoscroll>0</autoscroll>
					<label>$INFO[ListItem.Plot]</label>
					<visible>!String.IsEqual(ListItem.DBType,episode)</visible>
				</control>
			</control>
			<control type="group">
				<visible>String.IsEqual(ListItem.DBType,episode)</visible>
				<control type="label">
					<top>100</top>
					<width>150</width>
					<height>70</height>
					<left>53%</left>
					<font>font_widgetbar_bold</font>
					<textcolor>$VAR[ColorHighlight]</textcolor>
					<label>S$INFO[ListItem.Season]:E$INFO[ListItem.Episode] -</label>
				</control>
				<control type="label">
					<top>100</top>
					<width>300</width>
					<height>70</height>
					<left>65%</left>
					<font>font_widgetbar_bold</font>
					<textcolor>$VAR[ColorHighlight]</textcolor>
					<label>$INFO[ListItem.Title]</label>
					<scroll>false</scroll>
				</control>
				<control type="textbox">
					<top>190</top>
					<height>95</height>
					<width>40%</width>
					<left>53%</left>
					<font>font_epg_timeline</font>
					<textcolor>dimgrey</textcolor>
					<label fallback="19055">[I]Aired $INFO[ListItem.Premiered(DDD MMM yyyy)] on [/I]</label>
				</control>
				<control type="image">
					<top>180</top>
					<right>120</right>
					<texture background="true" colordiffuse="main_fg_100">$INFO[ListItem.Studio,resource://resource.images.studios.coloured/,.png]</texture>
					<aspectratio>stretch</aspectratio>
					<height>54</height>
					<width>74</width>
				</control>
			</control>
		</control>
	</include>
	<include name="Widget_Items_LandscapeNetflix">
		<control type="group">
			<control type="image">
				<texture fallback="DefaultFanartFallback.jpg" diffuse="diffuse/widgetlandscape.png" background="true">$VAR[Image_Fanart]</texture>
				<aspectratio scalediffuse="false">scale</aspectratio>
				<visible>!String.Contains(ListItem.Path,plugin://plugin.video.youtube)</visible>
				<visible>!String.IsEmpty(ListItem.Art(landscape)) | [!String.IsEmpty(ListItem.Art(fanart)) + !String.Contains(ListItem.Art(fanart),plugin.video.themoviedb.helper/fanart.jpg)] | !String.IsEmpty(ListItem.Art(thumb))</visible>
			</control>
			<control type="image">
				<texture fallback="DefaultFanartFallback.jpg" diffuse="diffuse/widgetlandscape.png" background="true">$INFO[ListItem.Icon]</texture>
				<aspectratio scalediffuse="false">scale</aspectratio>
				<visible>String.Contains(ListItem.Path,plugin://plugin.video.youtube)</visible>
			</control>
			<control type="image">
				<height>99%</height>
				<texture background="true">$INFO[ListItem.Art(poster)]</texture>
				<aspectratio>keep</aspectratio>
				<visible>String.IsEmpty(ListItem.Art(landscape)) + [String.IsEmpty(ListItem.Art(fanart)) | String.Contains(ListItem.Art(fanart),plugin.video.themoviedb.helper/fanart.jpg)] + String.IsEmpty(ListItem.Art(thumb)) + String.IsEmpty(ListItem.Art(clearlogo)) + String.IsEmpty(ListItem.Art(tvshow.clearlogo))</visible>
			</control>
			<control type="group">
				<visible>[[Control.IsVisible(505) | Control.HasFocus(5055)] + String.IsEmpty(Container(5055).ListItem.Art(fanart)) + String.IsEmpty(Container(5055).ListItem.Year) + [String.IsEmpty(Container(5055).ListItem.TvShowTitle) | String.IsEmpty(Container(5055).ListItem.Title)]] | [String.IsEmpty(ListItem.Art(landscape)) + [String.IsEmpty(ListItem.Art(fanart)) | String.Contains(ListItem.Art(fanart),plugin.video.themoviedb.helper/fanart.jpg)] + String.IsEmpty(ListItem.Art(thumb)) + String.IsEmpty(ListItem.Art(clearlogo)) + String.IsEmpty(ListItem.Art(tvshow.clearlogo)) + String.IsEmpty(ListItem.Art(poster)]</visible>
				<control type="image">
					<texture background="true">common/widget_blank.png</texture>
				</control>
				<control type="textbox">
					<centerleft>50%</centerleft>
					<textcolor>grey</textcolor>
					<shadowcolor>black</shadowcolor>
					<font>font_medium</font>
					<width min="100" max="250">auto</width>
					<aligny>center</aligny>
					<align>center</align>
					<label>$INFO[Container(5055).ListItem.Label]</label>
					<wrapmultiline>true</wrapmultiline>
				</control>
			</control>
			<control type="group">
				<height>40</height>
				<bottom>0</bottom>
				<visible>[!Skin.HasSetting(DisableClearlogo) | [Skin.HasSetting(DisableClearlogo) + [String.IsEmpty(ListItem.Art(clearlogo)) + String.IsEmpty(ListItem.Art(tvshow.clearlogo))]]] + !Skin.HasSetting(WidgetLabels)</visible>
				<control type="image">
					<texture background="true" colordiffuse="99000000" border="10" flipy="true">diffuse/halfbox.png</texture>
				</control>
				<control type="label">
					<top>0</top>
					<bottom>0</bottom>
					<left>20</left>
					<right>20</right>
					<align>center</align>
					<aligny>center</aligny>
					<font>font_widget_plot</font>
					<textcolor>main_fg_70</textcolor>
					<label>$VAR[Label_Widget]</label>
				</control>
			</control>
			<control type="group">
				<visible>String.IsEqual(ListItem.DBType,episode) + [!String.IsEmpty(ListItem.Art(clearlogo)) | !String.IsEmpty(ListItem.Art(tvshow.clearlogo))] + !Skin.HasSetting(WidgetLabels)</visible>
				<control type="image">
					<left>0</left>
					<bottom>10</bottom>
					<height>45</height>
					<width>90</width>
					<texture background="true" colordiffuse="99FF0000" flipy="true">diffuse/halfbox.png</texture>
				</control>
				<control type="textbox">
					<bottom>-10</bottom>
					<left>4</left>
					<height>55</height>
					<width>90</width>
					<label>[I]$INFO[ListItem.Season, S,: ]$INFO[ListItem.Episode,E, ][/I]</label>
					<textcolor>white</textcolor>
					<font>widget_overlaybutton</font>
				</control>
			</control>
			<!-- Add Clearlogo to landscape Image -->
			<control type="image">
				<bottom>-10</bottom>
				<right>10</right>
				<width>45%</width>
				<height>45%</height>
				<aspectratio>keep</aspectratio>
				<texture background="true">$VAR[Widget_ClearLogo]</texture>
				<visible>!String.IsEqual(ListItem.DBType,episode) + !Skin.HasSetting(DisableNetflixSmallWidget) + !Skin.HasSetting(DisableBanners) + Skin.HasSetting(DisableClearlogo) + [String.IsEmpty(ListItem.Art(landscape)) | String.Contains(ListItem.Art(landscape),w1280None) | String.Contains(ListItem.Art(landscape),tmdb.org)]</visible>
			</control>
			<control type="group">
				<!-- Add Clearlogo to landscape Image -->
				<control type="image">
					<bottom>0</bottom>
					<right>10</right>
					<width>50%</width>
					<height>50%</height>
					<aspectratio aligny="bottom" scalediffuse="false">keep</aspectratio>
					<texture background="true">$VAR[Widget_ClearLogo]</texture>
					<visible>!Skin.HasSetting(DisableBanners) + Skin.HasSetting(DisableClearlogo) + String.IsEqual(ListItem.DBType,episode)</visible>
				</control>
			</control>
			<include>seemore</include>
		</control>
	</include>
	<!-- Start LandscapeWide Widget -->
	<include name="Widget_Items_LandscapeBanner">
		<control type="group">
			<control type="image">
				<width>100%</width>
				<height>100%</height>
				<texture background="true" diffuse="diffuse/widgetlandscape.png" fallback="DefaultFanartFallback.jpg">$VAR[Image_Fanart]</texture>
				<aspectratio scalediffuse="false">stretch</aspectratio>
			</control>
			<control type="group">
				<visible>Skin.HasSetting(WidgetLabels) + String.IsEqual(ListItem.DBType,episode)</visible>
				<control type="image">
					<left>0</left>
					<bottom>40</bottom>
					<height>45</height>
					<width>90</width>
					<texture background="true" colordiffuse="99FF0000" flipy="true">diffuse/halfbox.png</texture>
				</control>
				<control type="textbox">
					<bottom>20</bottom>
					<left>4</left>
					<height>55</height>
					<width>75</width>
					<visible>Skin.HasSetting(WidgetLabels) + String.IsEqual(ListItem.DBType,episode)</visible>
					<label>[I]$INFO[ListItem.Season, S,: ]$INFO[ListItem.Episode,E, ][/I]</label>
					<textcolor>white</textcolor>
					<font>widget_overlaybutton</font>
				</control>
			</control>
			<control type="group">
				<!-- Add Clearlogo to landscape Image -->
				<control type="image">
					<bottom>35</bottom>
					<right>10</right>
					<width>45%</width>
					<height>45%</height>
					<aspectratio>keep</aspectratio>
					<texture background="true">$VAR[Widget_ClearLogo]</texture>
					<visible>!Skin.HasSetting(DisableBanners) + Skin.HasSetting(DisableClearlogo) + [String.IsEqual(ListItem.DBType,tvshow) | String.IsEqual(ListItem.DBType,movie)] + !String.Contains(ListItem.Art(landscape),fanart.tv) + !String.Contains(ListItem.Art(landscape),fanart.tv) + !String.Contains(ListItem.Art(landscape),userdata)</visible>
				</control>
			</control>
			<control type="group">
				<!-- Add Clearlogo to landscape Image -->
				<control type="image">
					<bottom>35</bottom>
					<right>10</right>
					<width>45%</width>
					<height>45%</height>
					<aspectratio>keep</aspectratio>
					<texture background="true">$VAR[Widget_ClearLogo]</texture>
					<visible>!Skin.HasSetting(DisableBanners) + Skin.HasSetting(DisableClearlogo) + String.IsEqual(ListItem.DBType,episode)</visible>
				</control>
			</control>
			<!-- Add Banner to landscape Image -->
			<control type="group">
				<visible>![!Skin.HasSetting(DisableFakeLandscapeArt) + !String.IsEmpty(ListItem.Art(clearlogo)) + !String.IsEmpty(ListItem.Art(fanart)) + [String.IsEqual(ListItem.Label,ListItem.TvShowTitle) | String.IsEmpty(ListItem.TvShowTitle) | Skin.HasSetting(PreferFanartHome)]]</visible>
				<control type="image">
					<bottom>0</bottom>
					<height>70</height>
					<align>center</align>
					<aligny>center</aligny>
					<aspectratio align="center" aligny="center">stretch</aspectratio>
					<texture background="true">$VAR[WidgetBannerVar]</texture>
					<visible>Skin.HasSetting(DisableBanners)</visible>
				</control>
				<!-- Start Add label box if Episode -->
				<control type="group">
					<bottom>0</bottom>
					<height>60</height>
					<visible>!Skin.HasSetting(WidgetLabels) + !Skin.HasSetting(DisableBanners) + !String.IsEmpty(ListItem.Episode)</visible>
					<control type="image">
						<texture background="true" colordiffuse="99000000" border="10" flipy="true">diffuse/halfbox.png</texture>
					</control>
					<control type="label">
						<top>0</top>
						<bottom>0</bottom>
						<left>20</left>
						<right>20</right>
						<align>center</align>
						<aligny>center</aligny>
						<font>font_tiny_bold</font>
						<textcolor>main_fg_70</textcolor>
						<label>[B]$INFO[ListItem.Season,Season , ]$INFO[ListItem.Episode,Episode , ][/B]</label>
					</control>
				</control>
			</control>
			<!-- Start Add label below widget  -->
			<control type="group">
				<top>400</top>
				<visible>![Skin.HasSetting(DisableQuackFXHomeLayout) + Window.IsVisible(Home)] + Window.IsVisible(Home) + Skin.HasSetting(WidgetLabelsBelow)</visible>
				<control type="label">
					<align>center</align>
					<textcolor>white</textcolor>
					<font>font_heading_small</font>
					<label>$VAR[video_heading]</label>
				</control>
				<control type="label">
					<top>40</top>
					<align>center</align>
					<textcolor>dimgrey</textcolor>
					<font>font_tiny</font>
					<label>$VAR[widget_label2]</label>
				</control>
			</control>
			<include>seemore</include>
		</control>
	</include>
	<!-- END LandscapeBanner Widget -->
	<!-- Start WidgetLive Widget -->
	<include name="Widget_Items_WidgetLive">
		<control type="group">
			<control type="image">
				<width>100%</width>
				<height>70%</height>
				<texture background="true" colordiffuse="4DFFFFFF" border="10" flipy="true">diffuse/halfbox.png</texture>
			</control>
			<control type="image">
				<height>70%</height>
				<texture background="true" diffuse="diffuse/widgetlandscape.png">$VAR[widgetliveart]</texture>
				<aspectratio scalediffuse="false">keep</aspectratio>
			</control>
			<control type="group">
				<height>70</height>
				<bottom>0</bottom>
				<visible>![!Skin.HasSetting(DisableFakeLandscapeArt) + !String.IsEmpty(ListItem.Art(clearlogo)) + !String.IsEmpty(ListItem.Art(fanart)) + [String.IsEqual(ListItem.Label,ListItem.TvShowTitle) | String.IsEmpty(ListItem.TvShowTitle) | Skin.HasSetting(PreferFanartHome)]]</visible>
				<control type="image">
					<texture background="true" colordiffuse="FF000000" border="10" flipy="true">diffuse/halfbox.png</texture>
				</control>
				<!-- Add Progress Bar -->
				<control type="progress">
					<top>65</top>
					<height>6</height>
					<width>210</width>
					<info>ListItem.Progress</info>
					<texturebg colordiffuse="00ffffff" border="4">diffuse/progress-bg.png</texturebg>
					<lefttexture colordiffuse="00ffffff" border="4">diffuse/progress-left.png</lefttexture>
					<midtexture colordiffuse="$VAR[ColorHighlight2]" border="4">diffuse/progress-end.png</midtexture>
					<righttexture colordiffuse="$VAR[ColorHighlight2]" border="4">diffuse/progress-right.png</righttexture>
					<visible>!Integer.IsEqual(ListItem.Progress,0) + Skin.HasSetting(DisableNetflixSmallWidget)</visible>
				</control>
				<control type="progress">
					<top>-15</top>
					<height>12</height>
					<width>360</width>
					<info>ListItem.Progress</info>
					<texturebg colordiffuse="00ffffff" border="4">diffuse/progress-bg.png</texturebg>
					<lefttexture colordiffuse="00ffffff" border="4">diffuse/progress-left.png</lefttexture>
					<midtexture colordiffuse="$VAR[ColorHighlight2]" border="4">diffuse/progress-end.png</midtexture>
					<righttexture colordiffuse="$VAR[ColorHighlight2]" border="4">diffuse/progress-right.png</righttexture>
					<visible>!Integer.IsEqual(ListItem.Progress,0) + !Skin.HasSetting(DisableNetflixSmallWidget)</visible>
				</control>
				<!-- Start / End Time Label  -->
				<control type="label">
					<align>center</align>
					<font>font_widget_time</font>
					<bottom>-10</bottom>
					<height>75</height>
					<textcolor>main_fg_70</textcolor>
					<label>$INFO[ListItem.StartTime] - $INFO[ListItem.EndTime]</label>
				</control>
				<!-- Currently Playing Title -->
				<control type="label">
					<bottom>20</bottom>
					<height>75</height>
					<font>widget_live_title</font>
					<textcolor>$VAR[ColorHighlight]</textcolor>
					<align>center</align>
					<label>$INFO[ListItem.Title]</label>
					<visible>!Integer.IsEqual(ListItem.Progress,0)</visible>
				</control>
				<control type="label">
					<bottom>20</bottom>
					<height>75</height>
					<font>font_small</font>
					<textcolor>$VAR[ColorHighlight]</textcolor>
					<align>center</align>
					<label>$INFO[ListItem.Title, - , -,]</label>
					<visible>Integer.IsEqual(ListItem.Progress,0)</visible>
				</control>
			</control>
		</control>
	</include>
	<!-- END WidgetLive Widget -->
	<!-- START Landscape Wide Widget -->
	<include name="Widget_Items_LandscapeWidePoster">
		<param name="landscapewideposter" default="false"/>
		<definition>
			<control type="image">
				<texture background="true" diffuse="diffuse/widgetlandscape.png" fallback="DefaultFanartFallback.jpg">$VAR[Image_Poster]</texture>
				<aspectratio scalediffuse="false">scale</aspectratio>
				<visible>!String.IsEmpty(ListItem.Art(poster)) | [!String.IsEmpty(ListItem.Art(tvshow.poster)) + !String.IsEqual(ListItem.DBType,episode)] | $PARAM[landscapewide]</visible>
			</control>
			<include>seemore</include>
		</definition>
	</include>
	<!-- END Landscape Wide Widget -->
	<!-- START Poster Details Widget -->
	<include name="Widget_Items_PosterDetails">
		<param name="posterdetails" default="false"/>
		<definition>
			<control type="image">
				<height>100%</height>
				<texture background="true" colordiffuse="70000000" border="10" flipy="true">diffuse/halfbox.png</texture>
			</control>
			<control type="image">
				<left>0</left>
				<width>260</width>
				<texture background="true" diffuse="diffuse/widgetlandscape.png">$VAR[Image_Poster]</texture>
				<aspectratio scalediffuse="false">keep</aspectratio>
			</control>
			<control type="label">
				<left>280</left>
				<right>30</right>
				<top>8</top>
				<aligny>top</aligny>
				<height>40</height>
				<font>font_posterdetails_label</font>
				<textcolor>$VAR[ColorHighlight2]</textcolor>
				<width min="150" max="470">auto</width>
				<scroll>true</scroll>
				<label>$VAR[Label_Widget]</label>
			</control>
			<control type="textbox">
				<left>280</left>
				<right>30</right>
				<top>60</top>
				<height>60</height>
				<width>490</width>
				<font>font_posterdetail_small</font>
				<textcolor>main_fg_100</textcolor>
				<label>$VAR[date_aired] Length: [/COLOR][B]$VAR[Label_Duration][/B][COLOR=$VAR[ColorHighlight]] Ends: [/COLOR][B]$INFO[ListItem.EndTime][/B]</label>
				<visible>!String.IsEqual(ListItem.Label,See More...)</visible>
			</control>
			<control type="textbox">
				<left>280</left>
				<right>30</right>
				<top>90</top>
				<height>30</height>
				<width min="150" max="400">auto</width>
				<align>justify</align>
				<scroll>true</scroll>
				<font>font_posterdetail_small</font>
				<textcolor>main_fg_100</textcolor>
				<label>[COLOR=$VAR[ColorHighlight]]Genre: [/COLOR]$INFO[ListItem.Genre]</label>
				<visible>!String.IsEqual(ListItem.Label,See More...)</visible>
			</control>
			<control type="textbox">
				<height>225</height>
				<left>280</left>
				<right>30</right>
				<top>130</top>
				<bottom>20</bottom>
				<align>justify</align>
				<font>font_widget_plot</font>
				<textcolor>main_fg_70</textcolor>
				<width min="150" max="470">auto</width>
				<scroll>true</scroll>
				<label>$INFO[ListItem.Plot]</label>
				<visible>!Skin.HasSetting(DisableQuackFXHomeLayout)</visible>
			</control>
			<control type="textbox">
				<height>200</height>
				<left>280</left>
				<right>30</right>
				<top>130</top>
				<bottom>20</bottom>
				<align>justify</align>
				<font>font_widget_plot</font>
				<textcolor>main_fg_70</textcolor>
				<width min="150" max="470">auto</width>
				<scroll>true</scroll>
				<label>$INFO[ListItem.Plot]</label>
				<visible>Skin.HasSetting(DisableQuackFXHomeLayout)</visible>
			</control>
			<include>seemore</include>
		</definition>
	</include>
	<!-- END Poster Details  Widget -->
	<include name="widget_landscapewide_bg">
		<param name="id" default="$PARAM[id]"/>
		<param name="height" default="$PARAM[height]"/>
		<param name="landscapewidecondition" default="$PARAM[landscapewidecondition]"/>
		<param name="landscapewidebg" default="$PARAM[landscapewidebg]"/>
		<definition>
			<animation effect="slide" end="-50,0" time="400" reversible="false" condition="!Control.HasFocus(300) + $PARAM[landscapewidebg] + $PARAM[landscapewidecondition]">Conditional</animation>
			<visible>$PARAM[landscapewidebg]</visible>
			<control type="group">
				<control type="image">
					<top>0</top>
					<width>100%</width>
					<height>$PARAM[height]</height>
					<texture background="true" colordiffuse="10FFFFFF">white.png</texture>
					<visible>Control.IsVisible($PARAM[id]) + $PARAM[landscapewidecondition]</visible>
				</control>
			</control>
		</definition>
	</include>
	<include name="widget_showcase_focused">
		<param name="id" default="$PARAM[id]"/>
		<param name="Showcase" default="$PARAM[Showcase]"/>
		<param name="Showcasehide" default="$PARAM[Showcasehide]"/>
		<param name="InfoSlide" default="$PARAM[InfoSlide]"/>
		<param name="controltype" default="$PARAM[controltype]"/>
		<param name="landscapecondition" default="$PARAM[landscapecondition]"/>
		<param name="landscapepanelcondition" default="$PARAM[landscapepanelcondition]"/>
		<param name="postercondition" default="$PARAM[postercondition]"/>
		<definition>
			<visible>$PARAM[Showcase] + Integer.IsGreater(Container($PARAM[id]).NumItems,0)</visible>
			<control type="group">
				<control type="image">
					<include content="top" condition="!Skin.HasSetting(SubmenuLabel) + Window.IsVisible(Home)">
						<param name="top" value="-10"/>
					</include>
					<include content="top" condition="Skin.HasSetting(SubmenuLabel) | !Window.IsVisible(Home)">
						<param name="top" value="40"/>
					</include>
					<width>100%</width>
					<height>385</height>
					<texture background="true" colordiffuse="99000000">white.png</texture>
					<visible>[$PARAM[postercondition] + Control.HasFocus($PARAM[id]) + $PARAM[Showcasehide]] | [Control.IsVisible($PARAM[id]) + $PARAM[postercondition] + !$PARAM[Showcasehide]] </visible>
				</control>
				<control type="image">
					<include content="top" condition="!Skin.HasSetting(SubmenuLabel) + Window.IsVisible(Home)">
						<param name="top" value="-10"/>
					</include>
					<include content="top" condition="Skin.HasSetting(SubmenuLabel) | !Window.IsVisible(Home)">
						<param name="top" value="40"/>
					</include>
					<width>100%</width>
					<height>355</height>
					<texture background="true" colordiffuse="990000000">white.png</texture>
					<visible>[$PARAM[landscapecondition] + Control.HasFocus($PARAM[id]) + $PARAM[Showcasehide]] | [Control.IsVisible($PARAM[id]) + $PARAM[landscapecondition] + !$PARAM[Showcasehide]] </visible>
				</control>
				<control type="image">
					<include content="top" condition="Window.IsVisible(Home) + !Skin.HasSetting(SubmenuLabel)">
						<param name="top" value="-10"/>
					</include>
					<include content="top" condition="Skin.HasSetting(SubmenuLabel) | !Window.IsVisible(Home)">
						<param name="top" value="40"/>
					</include>
					<width>100%</width>
					<height>430</height>
					<texture background="true" colordiffuse="990000000">white.png</texture>
					<visible>[$PARAM[landscapepanelcondition] + Control.HasFocus($PARAM[id]) + $PARAM[Showcasehide]] | [Control.IsVisible($PARAM[id]) + $PARAM[landscapepanelcondition] + !$PARAM[Showcasehide]] </visible>
				</control>
				<control type="group">
					<include content="top" condition="Window.IsVisible(Home) + !Skin.HasSetting(SubmenuLabel)">
						<param name="top" value="-40"/>
					</include>
					<control type="group">
						<top>60</top>
						<visible>$PARAM[Showcase] + !$PARAM[Showcasehide] + !Control.HasFocus($PARAM[id]) + Control.IsVisible($PARAM[id]) + [$PARAM[landscapepanelcondition] | $PARAM[landscapecondition] | $PARAM[postercondition]]</visible>
						<include content="widget_showcase_unfocused">
							<param name="id" value="$PARAM[id]"/>
						</include>
					</control>
					<control type="group">
						<top>60</top>
						<visible>[$PARAM[postercondition] + Control.HasFocus($PARAM[id])] | [$PARAM[landscapepanelcondition] + Control.HasFocus($PARAM[id])] | [$PARAM[landscapecondition] + Control.HasFocus($PARAM[id])]</visible>
						<control type="label">
							<top>10</top>
							<width>500</width>
							<height>30</height>
							<left>30</left>
							<font>font_small</font>
							<textcolor>dimgrey</textcolor>
							<label>$VAR[Label_Genre_showcase]</label>
							<scroll>false</scroll>
						</control>
						<control type="label">
							<top>30</top>
							<height>60</height>
							<width>500</width>
							<left>30</left>
							<font>font_large_bold</font>
							<textcolor>grey</textcolor>
							<label>$VAR[video_heading]</label>
							<scroll>true</scroll>
						</control>
						<control type="group">
							<top>100</top>
							<left>30</left>
							<include>netflix_infoline</include>
							<animation effect="zoom" start="100" end="80" time="0" reversible="false" sine="inout" condition="Control.HasFocus($PARAM[id])">Conditional</animation>
						</control>
						<control type="grouplist">
							<top>160</top>
							<height>250</height>
							<left>30</left>
							<control type="textbox">
								<height min="50" max="155">auto</height>
								<label fallback="19055">$VAR[Label_Plot]</label>
								<align>left</align>
								<width>580</width>
								<textcolor>dimgrey</textcolor>
								<shadowcolor>black</shadowcolor>
								<font>widget_live_title</font>
								<autoscroll delay="5000" time="1500" repeat="5000">true</autoscroll>
								<visible>!Integer.IsGreater(ListItem.PercentPlayed,1)</visible>
							</control>
							<control type="textbox">
								<height min="50" max="95">auto</height>
								<label fallback="19055">$VAR[Label_Plot]</label>
								<align>left</align>
								<width>580</width>
								<textcolor>dimgrey</textcolor>
								<shadowcolor>black</shadowcolor>
								<font>widget_live_title</font>
								<autoscroll delay="5000" time="1500" repeat="5000">true</autoscroll>
								<visible>Integer.IsGreater(ListItem.PercentPlayed,1)</visible>
							</control>
							<control type="label">
								<height>30</height>
							</control>
							<control type="group">
								<visible>Integer.IsGreater(ListItem.PercentPlayed,1) | Integer.IsGreater(Window(Home).Property(ListItem.PercentPlayed),1)</visible>
								<width>650</width>
								<height>30</height>
								<aligny>center</aligny>
								<control type="progress">
									<width>185</width>
									<height>11</height>
									<texturebg colordiffuse="cc515151" border="0">colors/color_white.png</texturebg>
									<lefttexture/>
									<midtexture colordiffuse="red" border="4">colors/color_white.png</midtexture>
									<righttexture/>
									<info>ListItem.PercentPlayed</info>
								</control>
								<control type="label">
									<top>-12</top>
									<left>200</left>
									<height>25</height>
									<width>450</width>
									<font>Netflix_Info_main</font>
									<textcolor>grey</textcolor>
									<label>$VAR[ListItemPercentRemained,,% remaining]</label>
								</control>
							</control>
						</control>
					</control>
				</control>
			</control>
		</definition>
	</include>
	<include name="widget_showcase_unfocused">
		<param name="id" default="$PARAM[id]"/>
		<param name="landscapecondition" default="$PARAM[landscapecondition]"/>
		<definition>
			<control type="group">
				<control type="label">
					<top>10</top>
					<width>500</width>
					<height>30</height>
					<left>30</left>MMM 
        <font>font_small</font>
					<textcolor>dimgrey</textcolor>
					<label>S$INFO[Container($PARAM[id]).ListItem.Season]: E$INFO[Container($PARAM[id]).ListItem.Episode] - $INFO[Container($PARAM[id]).ListItem.Label]</label>
					<scroll>false</scroll>
					<visible>String.IsEqual(Container($PARAM[id]).ListItem.DBType,episode)</visible>
				</control>
				<control type="label">
					<top>10</top>
					<width>500</width>
					<height>30</height>
					<left>30</left>
					<font>font_small</font>
					<textcolor>dimgrey</textcolor>
					<label>$INFO[Container($PARAM[id]).ListItem.Genre]</label>
					<scroll>false</scroll>
					<visible>!String.IsEqual(Container($PARAM[id]).ListItem.DBType,episode)</visible>
				</control>
				<control type="label">
					<top>30</top>
					<height>60</height>
					<width>520</width>
					<left>30</left>
					<font>font_large_bold</font>
					<textcolor>grey</textcolor>
					<label>$INFO[Container($PARAM[id]).ListItem.TvShowTitle]</label>
					<scroll>true</scroll>
					<visible>!String.IsEmpty(Container($PARAM[id]).ListItem.TvShowTitle)</visible>
				</control>
				<control type="label">
					<top>30</top>
					<height>60</height>
					<width>520</width>
					<left>30</left>
					<font>font_large_bold</font>
					<textcolor>grey</textcolor>
					<label>$INFO[Container($PARAM[id]).ListItem.Label]</label>
					<scroll>true</scroll>
					<visible>String.IsEmpty(Container($PARAM[id]).ListItem.TvShowTitle)</visible>
				</control>
				<control type="group">
					<top>100</top>
					<left>30</left>
					<include content="netflix_infoline_container">
						<param name="id" value="$PARAM[id]"/>
					</include>
					<animation effect="zoom" start="100" end="80" time="0" reversible="false" sine="inout" condition="Control.IsVisible($PARAM[id])">Conditional</animation>
				</control>
				<control type="grouplist">
					<top>160</top>
					<height>250</height>
					<left>30</left>
					<control type="textbox">
						<height min="50" max="155">auto</height>
						<label fallback="19055">$INFO[Container($PARAM[id]).ListItem.Plot]</label>
						<align>left</align>
						<width>580</width>
						<textcolor>dimgrey</textcolor>
						<shadowcolor>black</shadowcolor>
						<font>widget_live_title</font>
						<autoscroll delay="5000" time="1500" repeat="5000">false</autoscroll>
						<visible>!Integer.IsGreater(Container($PARAM[id]).ListItem.PercentPlayed,1)</visible>
					</control>
					<control type="textbox">
						<height min="50" max="90">auto</height>
						<label fallback="19055">$INFO[Container($PARAM[id]).ListItem.Plot]</label>
						<align>left</align>
						<width>580</width>
						<textcolor>dimgrey</textcolor>
						<shadowcolor>black</shadowcolor>
						<font>widget_live_title</font>
						<autoscroll delay="5000" time="1500" repeat="5000">false</autoscroll>
						<visible>Integer.IsGreater(Container($PARAM[id]).ListItem.PercentPlayed,1)</visible>
					</control>
					<control type="label">
						<height>30</height>
					</control>
					<control type="group">
						<visible>Integer.IsGreater(ListItem.PercentPlayed,1) | Integer.IsGreater(Window(Home).Property(ListItem.PercentPlayed),1)</visible>
						<width>650</width>
						<height>30</height>
						<aligny>center</aligny>
						<control type="progress">
							<width>185</width>
							<height>11</height>
							<texturebg colordiffuse="cc515151" border="0">colors/color_white.png</texturebg>
							<lefttexture/>
							<midtexture colordiffuse="red" border="4">colors/color_white.png</midtexture>
							<righttexture/>
							<info>ListItem.PercentPlayed</info>
						</control>
						<control type="label">
							<top>-12</top>
							<left>200</left>
							<height>25</height>
							<width>450</width>
							<font>Netflix_Info_main</font>
							<textcolor>grey</textcolor>
							<label>$VAR[ListItemPercentRemained,,% remaining]</label>
						</control>
					</control>
				</control>
			</control>
		</definition>
	</include>
	<include name="WidgetInfoSlide">
		<param name="id" default="$PARAM[id]"/>
		<param name="Showcase" default="$PARAM[Showcase]"/>
		<param name="InfoSlide" default="$PARAM[InfoSlide]"/>
		<param name="controltype" default="$PARAM[controltype]"/>
		<param name="landscapecondition" default="$PARAM[landscapecondition]"/>
		<param name="landscapenetflixcondition" default="$PARAM[landscapenetflixcondition]"/>
		<param name="landscapepanelcondition" default="$PARAM[landscapepanelcondition]"/>
		<param name="postercondition" default="$PARAM[postercondition]"/>
		<definition>
			<animation type="Conditional" condition="$PARAM[postercondition] + Control.HasFocus($PARAM[id]) + !String.IsEmpty(Window(Home).Property(widgetslide))" reversible="false">
				<effect type="fade" start="0" end="100" time="200"/>
				<effect type="zoom" start="30,100" end="100,100" time="400"/>
			</animation>
			<animation effect="slide" start="0,0" end="602.22,0" time="0" condition="$PARAM[landscapecondition] + Control.HasFocus($PARAM[id]) + !String.IsEmpty(Window(Home).Property(widgetslide))">Conditional</animation>
			<animation effect="zoom" start="0,100" end="100,100" time="400" condition="$PARAM[landscapecondition] + Control.HasFocus($PARAM[id]) + !String.IsEmpty(Window(Home).Property(widgetslide))">Conditional</animation>
			<include content="top" condition="$PARAM[postercondition] + Skin.HasSetting(QuackFXHubSpacingSmall)">
				<param name="top" value="-387"/>
			</include>
			<include content="top" condition="$PARAM[postercondition] + !Skin.HasSetting(QuackFXHubSpacingSmall)">
				<param name="top" value="-435"/>
			</include>
			<include content="top" condition="$PARAM[landscapecondition] + Skin.HasSetting(QuackFXHubSpacingSmall)">
				<param name="top" value="-365"/>
			</include>
			<include content="top" condition="$PARAM[landscapecondition] + !Skin.HasSetting(QuackFXHubSpacingSmall)">
				<param name="top" value="-425"/>
			</include>
			<include content="left" condition="$PARAM[postercondition]">
				<param name="left" value="5"/>
			</include>
			<include content="left" condition="$PARAM[landscapecondition]">
				<param name="left" value="5"/>
			</include>
			<include content="width" condition="$PARAM[postercondition]">
				<param name="width" value="1244.44"/>
			</include>
			<include content="width" condition="$PARAM[landscapecondition]">
				<param name="width" value="622.22"/>
			</include>
			<visible>$PARAM[InfoSlide] + !$PARAM[Showcase] + [$PARAM[postercondition] | $PARAM[landscapecondition]] + Control.HasFocus($PARAM[id]) + !String.IsEmpty(Window(Home).Property(widgetslide))</visible>
			<include condition="!Skin.HasSetting(QuackFXHubSpacingSmall)">QuackFXWidget_Items_Default</include>
			<include condition="Skin.HasSetting(QuackFXHubSpacingSmall) + $PARAM[landscapenetflixcondition] + Skin.HasSetting(SubmenuLabel)">QuackFXWidget_Items_Landscapesmall_Big_Height</include>
			<include condition="Skin.HasSetting(QuackFXHubSpacingSmall) + $PARAM[landscapenetflixcondition] + !Skin.HasSetting(SubmenuLabel)">QuackFXWidget_Items_Landscapesmall_Big_Height_small</include>
			<include condition="Skin.HasSetting(QuackFXHubSpacingSmall) + $PARAM[landscapecondition] + !Skin.HasSetting(SubmenuLabel)">QuackFXWidget_Items_Landscape_Big_Height_small</include>
			<include condition="Skin.HasSetting(QuackFXHubSpacingSmall) + $PARAM[landscapecondition] + Skin.HasSetting(SubmenuLabel) + !Skin.HasSetting(WidgetLabelsBelow)">QuackFXWidget_Items_Landscape_Big_Height</include>
			<include condition="Skin.HasSetting(QuackFXHubSpacingSmall) + $PARAM[postercondition] + Skin.HasSetting(SubmenuLabel) + !Skin.HasSetting(WidgetLabelsBelow)">QuackFXWidget_Items_Poster_Big</include>
			<include condition="Skin.HasSetting(QuackFXHubSpacingSmall) + $PARAM[postercondition] + !Skin.HasSetting(SubmenuLabel)">QuackFXWidget_Items_Poster_Big_small</include>
			<control type="group">
				<include content="height" condition="$PARAM[postercondition]">
					<param name="height" value="97%"/>
				</include>
				<include content="height" condition="$PARAM[landscapecondition] + Skin.HasSetting(QuackFXHubSpacingSmall)">
					<param name="height" value="92%"/>
				</include>
				<include content="height" condition="$PARAM[landscapecondition] + !Skin.HasSetting(QuackFXHubSpacingSmall)">
					<param name="height" value="75%"/>
				</include>
				<top>5</top>
				<include condition="$PARAM[postercondition]">Widget_Items_LandscapeDetails_Focused</include>
				<include condition="$PARAM[landscapecondition]">Widget_Items_LandscapeDetails_Info</include>
			</control>
		</definition>
	</include>
</includes>
