<?xml version="1.0" encoding="UTF-8"?>
<!-- QuackFX -->
<window id="502">
	<defaultcontrol always="true">50</defaultcontrol>
	<menucontrol>300</menucontrol>
	<include>View_ViewIDs</include>
	<controls>
		<include>View_Library</include>
		<include>Topbar</include>
		<include>Object_PlotOverlay</include>
		<!-- Hidden Buttons -->
		<include>Defs_Options_StandardButtons</include>
		<control type="button" id="8">
			<description>Search</description>
			<label>137</label>
			<include>Defs_Hidden_Button</include>
		</control>
		<control type="button" id="16">
			<description>Party Mode</description>
			<label>589</label>
			<include>Defs_Hidden_Button</include>
		</control>
		<control type="radiobutton" id="19">
			<description>Filter</description>
			<include>Defs_Hidden_Button</include>
		</control>
		<control type="button" id="20">
			<description>Library</description>
			<label>653</label>
			<include>Defs_Hidden_Button</include>
		</control>
	</controls>
</window>
