<?xml version="1.0" encoding="UTF-8"?>
<!-- QuackFX -->
<window id="6">
	<defaultcontrol always="true">50</defaultcontrol>
	<menucontrol>300</menucontrol>
	<views>50</views>
	<controls>
		<control type="group">
			<visible>!String.IsEmpty(VideoPlayer.TVShowTitle)"</visible>
			<control type="videowindow">
				<width>100%</width>
				<height>100%</height>
			</control>
			<control type="image">
				<width>100%</width>
				<height>100%</height>
				<texture background="true" colordiffuse="60000000">common/white.png</texture>
			</control>
		</control>
		<include condition="String.IsEmpty(VideoPlayer.TVShowTitle)">Global_Background</include>
		<include condition="String.IsEmpty(VideoPlayer.TVShowTitle)">View_Library</include>
		<include>Topbar</include>
		<control type="group">
			<visible>!String.IsEmpty(VideoPlayer.TVShowTitle) + Control.IsVisible(50)</visible>
			<control type="group">
				<top>100</top>
			</control>
			<control type="group">
				<left>-420</left>
				<top>180</top>
				<height>930</height>
				<movement>2</movement>
				<control type="list" id="50">
					<animation effect="zoom" start="100" end="80" condition="Window.IsVisible(MyPlaylist.xml">Conditional</animation>
					<animation effect="fade" start="0" end="100" time="500">Focus</animation>
					<animation effect="slide" end="0,350" condition="Integer.IsLess(Container(50).NumItems,3) + !Container(50).HasParent">Conditional</animation>
					<viewtype label="$LOCALIZE[535]">list</viewtype>
					<include content="View_Forced">
						<param name="string" value="$LOCALIZE[535]"/>
					</include>
					<include content="View_Posters_Layout" condition="!Skin.HasSetting(DisableNetflixView)">
						<param name="id" value="50"/>
						<param name="orientation" value="vertical"/>
						<param name="episode_list_netflix" default="true"/>
					</include>
				</control>
			</control>
		</control>
		<!-- Hidden Buttons -->
		<include>Defs_Options_StandardButtons</include>
		<control type="button" id="21">
			<description>Save</description>
			<label>$LOCALIZE[190]</label>
			<include>Defs_Hidden_Button</include>
		</control>
		<control type="button" id="22">
			<description>Clear</description>
			<label>$LOCALIZE[192]</label>
			<include>Defs_Hidden_Button</include>
		</control>
		<control type="button" id="23">
			<label>$LOCALIZE[208]</label>
			<description>Play</description>
			<include>Defs_Hidden_Button</include>
		</control>
		<control type="button" id="26">
			<description>Repeat</description>
			<include>Defs_Hidden_Button</include>
		</control>
		<control type="togglebutton" id="20">
			<description>Shuffle</description>
			<label>$LOCALIZE[191]: $LOCALIZE[351]</label>
			<altlabel>$LOCALIZE[191]: $LOCALIZE[16041]</altlabel>
			<usealttexture>Playlist.IsRandom</usealttexture>
			<include>Defs_Hidden_Button</include>
		</control>
	</controls>
</window>
