<?xml version="1.0" encoding="UTF-8"?>
<window>
	<menucontrol>300</menucontrol>
	<background>0</background>
	<defaultcontrol always="true">50</defaultcontrol>
	<views>50</views>
	<controls>
		<control type="image">
			<width>100%</width>
			<height>100%</height>
			<texture background="true" colordiffuse="FF000000">common/white.png</texture>
		</control>
		<include>View_Library</include>
		<control type="label" id="29">
			<visible>false</visible>
		</control>
		<control type="group">
			<include>Object_PVR_Info</include>
		</control>
		<include>Topbar</include>
		<include>Defs_Options_StandardButtons</include>
		<control type="button" id="28">
			<description>Groups</description>
			<include>Defs_Hidden_Button</include>
		</control>
	</controls>
</window>
