<?xml version="1.0" encoding="UTF-8"?>
<window>
	<menucontrol>300</menucontrol>
	<background>0</background>
	<defaultcontrol always="true">10</defaultcontrol>
	<onload>ClearProperty(DoCloseEPG,Home)</onload>
	<views>10</views>
	<controls>
		<control type="group">
			<width>100%</width>
			<height>100%</height>
			<control type="videowindow"/>
			<visible>Player.HasVideo + !Skin.HasSetting(DisableGuideInfo)</visible>
		</control>
		<control type="label" id="29">
			<visible>false</visible>
		</control>
		<include condition="!Skin.HasSetting(DisableGuideInfo) + [[!Player.HasVideo + !Skin.HasSetting(DisableMiniOSDGuide)] | Skin.HasSetting(DisableMiniOSDGuide)]">View_PVRGuide_WithInfo</include>
		<include condition="!Skin.HasSetting(DisableMiniOSDGuide) + !Skin.HasSetting(DisableGuideInfo) + Player.HasVideo">View_PVRGuide_Mini</include>
		<include condition="Skin.HasSetting(DisableGuideInfo)">View_PVRGuide</include>
		<include>Defs_Options_StandardButtons</include>
		<control type="button" id="28">
			<description>Groups</description>
			<include>Defs_Hidden_Button</include>
		</control>
		<control type="button" id="9102">
			<onback condition="String.IsEmpty(Window(Home).Property(DoCloseEPG))">10</onback>
			<onback condition="String.IsEmpty(Window(Home).Property(DoCloseEPG))">SetProperty(CloseFromDialogSelect,1,Home)</onback>
			<onback condition="String.IsEmpty(Window(Home).Property(DoCloseEPG))">SendClick(28)</onback>
			<onleft>10</onleft>
			<onright>10</onright>
			<ondown>10</ondown>
			<onup>10</onup>
			<onclick>10</onclick>
			<visible allowhiddenfocus="true">false</visible>
			<width>1</width>
			<height>1</height>
			<left>-2160</left>
		</control>
	</controls>
</window>
