<?xml version="1.0" encoding="UTF-8"?>
<!-- QuackFX -->
<window id="105">
	<controls>
		<control type="image" id="1">
			<description>Pointer</description>
			<width>32</width>
			<height>32</height>
			<texture>mouse.png</texture>
			<colordiffuse>bf999999</colordiffuse>
		</control>
		<control type="image" id="2">
			<description>Pointer Focus</description>
			<width>32</width>
			<height>32</height>
			<texture>mouse.png</texture>
			<colordiffuse>bf999999</colordiffuse>
		</control>
		<control type="image" id="3">
			<description>Pointer Drag</description>
			<width>32</width>
			<height>32</height>
			<texture>mouse.png</texture>
			<colordiffuse>bf999999</colordiffuse>
		</control>
		<control type="image" id="4">
			<description>pointer_click</description>
			<width>32</width>
			<height>32</height>
			<texture>mouse.png</texture>
			<colordiffuse>bf999999</colordiffuse>
		</control>
	</controls>
</window>
