<?xml version="1.0" encoding="UTF-8"?>
<window>
	<views>50,51</views>
	<controls>
		<include>Global_Background</include>
		<include>Topbar</include>
		<include>Object_PlotOverlay</include>
		<control type="list" id="9000">
			<orientation>horizontal</orientation>
			<height>10</height>
			<top>-1000</top>
			<ondown>50</ondown>
			<onleft>990</onleft>
			<onright>noop</onright>
			<itemlayout width="10"/>
			<focusedlayout width="10"/>
		</control>
		<control type="group">
			<include>View_Group</include>
			<include>Animation_Right</include>
			<include>Defs_InfoDialog_Visible</include>
			<visible>!Control.HasFocus(9602)</visible>
			<control type="group">
				<visible>Control.IsVisible(50)</visible>
				<control type="group">
					<include>View_Pad</include>
					<control type="fixedlist" id="50">
						<bottom>-10</bottom>
						<right>-70</right>
						<left>-70</left>
						<height>500</height>
						<height>poster_height</height>
						<focusposition>0</focusposition>
						<movement>2</movement>
						<viewtype label="$LOCALIZE[31161]">showcase</viewtype>
						<pagecontrol>60</pagecontrol>
						<onleft>50</onleft>
						<onright>50</onright>
						<ondown>60</ondown>
						<onup>9000</onup>
						<orientation>horizontal</orientation>
						<preloaditems>2</preloaditems>
						<scrolltime tween="quadratic">400</scrolltime>
						<itemlayout width="260" height="480" condition="Container.Content(movies) | Container.Content(tvshows) | Container.Content(seasons) | Container.Content(actors) | Container.Content(directors)">
							<control type="group">
								<left>view_pad</left>
								<right>-view_pad</right>
								<control type="group">
									<height>380</height>
									<include>Defs_PosterBack</include>
									<control type="image" description="Poster">
										<bordersize>10</bordersize>
										<aspectratio scalediffuse="false">scale</aspectratio>
										<texture fallback="DefaultAddonNone.png" background="true" diffuse="diffuse/widgetposter.png">$VAR[Image_Poster]</texture>
									</control>
									<include>View_WatchedOverlay</include>
									<control type="image">
										<bordersize>10</bordersize>
										<texture colordiffuse="PixelLines" border="20">common/outline.png</texture>
									</control>
								</control>
								<include condition="!Skin.HasSetting(DisableViewText)">View_Posters_Text</include>
							</control>
						</itemlayout>
						<focusedlayout width="260" height="480" condition="Container.Content(movies) | Container.Content(tvshows) | Container.Content(seasons) | Container.Content(actors) | Container.Content(directors)">
							<control type="group">
								<left>view_pad</left>
								<right>-view_pad</right>
								<include>Animation_FocusBounce</include>
								<control type="group">
									<height>380</height>
									<include>Defs_PosterBack</include>
									<control type="image" description="Poster">
										<bordersize>10</bordersize>
										<aspectratio scalediffuse="false">scale</aspectratio>
										<texture fallback="DefaultAddonNone.png" background="true" diffuse="diffuse/widgetposter.png">$VAR[Image_Poster]</texture>
									</control>
									<include>View_WatchedOverlay</include>
									<control type="image">
										<bordersize>10</bordersize>
										<texture colordiffuse="PixelLines" border="20">common/outline.png</texture>
									</control>
									<!-- Highlight -->
									<control type="group">
										<visible>Control.HasFocus(50)</visible>
										<include>View_Selectbox</include>
									</control>
								</control>
								<include condition="!Skin.HasSetting(DisableViewText)">View_Posters_Text</include>
							</control>
						</focusedlayout>
						<itemlayout width="606.66" height="480" condition="Container.Content(episodes) | Container.Content(musicvideos)">
							<control type="group">
								<left>view_pad</left>
								<right>-view_pad</right>
								<control type="group">
									<height>350</height>
									<include>Defs_PosterBack</include>
									<control type="image" description="Poster">
										<bordersize>10</bordersize>
										<aspectratio scalediffuse="false">scale</aspectratio>
										<texture fallback="DefaultAddonNone.png" background="true" diffuse="diffuse/landscape.png">$VAR[Image_Fanart]</texture>
									</control>
									<include>View_WatchedOverlay</include>
									<control type="image">
										<bordersize>10</bordersize>
										<texture colordiffuse="PixelLines" border="20">common/outline.png</texture>
									</control>
								</control>
								<include condition="!Skin.HasSetting(DisableViewText)">View_GlobalSearch_Landscape_Text</include>
							</control>
						</itemlayout>
						<focusedlayout width="606.66" height="480" condition="Container.Content(episodes) | Container.Content(musicvideos)">
							<control type="group">
								<left>view_pad</left>
								<right>-view_pad</right>
								<include>Animation_FocusBounce</include>
								<control type="group">
									<height>350</height>
									<include>Defs_PosterBack</include>
									<control type="image" description="Poster">
										<bordersize>10</bordersize>
										<aspectratio scalediffuse="false">scale</aspectratio>
										<texture fallback="DefaultAddonNone.png" background="true" diffuse="diffuse/landscape.png">$VAR[Image_Fanart]</texture>
									</control>
									<include>View_WatchedOverlay</include>
									<control type="image">
										<bordersize>10</bordersize>
										<texture colordiffuse="PixelLines" border="20">common/outline.png</texture>
									</control>
									<!-- Highlight -->
									<control type="group">
										<visible>Control.HasFocus(50)</visible>
										<include>View_Selectbox</include>
									</control>
								</control>
								<include condition="!Skin.HasSetting(DisableViewText)">View_GlobalSearch_Landscape_Text</include>
							</control>
						</focusedlayout>
						<itemlayout width="364" height="480" condition="Container.Content(artists) | Container.Content(albums) | Container.Content(songs) | Container.Content(livetv)">
							<control type="group">
								<left>view_pad</left>
								<right>-view_pad</right>
								<control type="group">
									<height>364</height>
									<include>Defs_PosterBack</include>
									<control type="image" description="Poster">
										<bordersize>10</bordersize>
										<aspectratio scalediffuse="false">scale</aspectratio>
										<texture fallback="DefaultAddonNone.png" background="true" diffuse="diffuse/square.png">$INFO[ListItem.Icon]</texture>
									</control>
									<include>View_WatchedOverlay</include>
									<control type="image">
										<bordersize>10</bordersize>
										<texture colordiffuse="PixelLines" border="20">common/outline.png</texture>
									</control>
								</control>
								<include condition="!Skin.HasSetting(DisableViewText)">View_GlobalSearch_Square_Text</include>
							</control>
						</itemlayout>
						<focusedlayout width="364" height="480" condition="Container.Content(artists) | Container.Content(albums) | Container.Content(songs) | Container.Content(livetv)">
							<control type="group">
								<left>view_pad</left>
								<right>-view_pad</right>
								<include>Animation_FocusBounce</include>
								<control type="group">
									<height>364</height>
									<include>Defs_PosterBack</include>
									<control type="image" description="Poster">
										<bordersize>10</bordersize>
										<aspectratio scalediffuse="false">scale</aspectratio>
										<texture fallback="DefaultAddonNone.png" background="true" diffuse="diffuse/square.png">$INFO[ListItem.Icon]</texture>
									</control>
									<include>View_WatchedOverlay</include>
									<control type="image">
										<bordersize>10</bordersize>
										<texture colordiffuse="PixelLines" border="20">common/outline.png</texture>
									</control>
									<!-- Highlight -->
									<control type="group">
										<visible>Control.HasFocus(50)</visible>
										<include>View_Selectbox</include>
									</control>
								</control>
								<include condition="!Skin.HasSetting(DisableViewText)">View_GlobalSearch_Square_Text</include>
							</control>
						</focusedlayout>
					</control>
					<include content="Object_Info">
						<param name="id" value="50"/>
						<param name="width" value="1654"/>
						<param name="discart" value="true"/>
						<param name="hdsd_flag" value="true"/>
						<param name="plot_height" value="170"/>
					</include>
				</control>
			</control>
		</control>
		<control type="group">
			<include>View_Group</include>
			<include>Defs_InfoDialog_Visible</include>
			<include>Animation_FadeIn</include>
			<include>Animation_FadeOut</include>
			<include content="Object_Scrollbar_Horz">
				<param name="visible" value="Control.IsVisible(50)"/>
			</include>
		</control>
		<control type="label" id="991">
			<include>Defs_Hidden_Button</include>
		</control>
		<control type="button" id="990">
			<onright>9000</onright>
			<onleft>noop</onleft>
			<ondown>50</ondown>
			<include>Defs_Hidden_Button</include>
		</control>
		<control type="label" id="999">
			<include>Defs_Hidden_Button</include>
		</control>
	</controls>
</window>
