<?xml version="1.0" encoding="UTF-8"?>
<window type="dialog">
	<defaultcontrol always="true">9500</defaultcontrol>
	<controls>
		<!-- Standard Furniture -->
		<include>Global_Background</include>
		<control type="group">
			<include>View_Group</include>
			<include>Animation_Right</include>
			<control type="image">
				<centerleft>50%</centerleft>
				<top>24</top>
				<width>16</width>
				<height>16</height>
				<texture colordiffuse="main_fg_70" flipy="true">common/arrow-small.png</texture>
				<visible>Container(9500).HasPrevious</visible>
			</control>
			<control type="image">
				<centerleft>50%</centerleft>
				<bottom>24</bottom>
				<width>16</width>
				<height>16</height>
				<texture colordiffuse="main_fg_70">common/arrow-small.png</texture>
				<visible>Container(9500).HasNext</visible>
			</control>
			<control type="grouplist" id="9500">
				<orientation>vertical</orientation>
				<itemgap>0</itemgap>
				<usecontrolcoords>true</usecontrolcoords>
				<top>view_pad</top>
				<bottom>view_pad</bottom>
				<include content="NextAired_Group">
					<param name="listid" value="200"/>
					<param name="label" value="$INFO[Window(Home).Property(NextAired.YesterdayText)]"/>
					<param name="visible" value="!StringCompare(Window(Home).Property(NextAired.200.Wday),)"/>
				</include>
				<include content="NextAired_Group">
					<param name="listid" value="201"/>
					<param name="label" value="$INFO[Window(Home).Property(NextAired.TodayText)]"/>
					<param name="visible" value="!StringCompare(Window(Home).Property(NextAired.201.Wday),)"/>
				</include>
				<include content="NextAired_Group">
					<param name="listid" value="202"/>
					<param name="label" value="$INFO[Window(Home).Property(NextAired.202.Weekday)]"/>
					<param name="visible" value="!StringCompare(Window(Home).Property(NextAired.202.Wday),)"/>
				</include>
				<include content="NextAired_Group">
					<param name="listid" value="203"/>
					<param name="label" value="$INFO[Window(Home).Property(NextAired.203.Weekday)]"/>
					<param name="visible" value="!StringCompare(Window(Home).Property(NextAired.203.Wday),)"/>
				</include>
				<include content="NextAired_Group">
					<param name="listid" value="204"/>
					<param name="label" value="$INFO[Window(Home).Property(NextAired.204.Weekday)]"/>
					<param name="visible" value="!StringCompare(Window(Home).Property(NextAired.204.Wday),)"/>
				</include>
				<include content="NextAired_Group">
					<param name="listid" value="205"/>
					<param name="label" value="$INFO[Window(Home).Property(NextAired.205.Weekday)]"/>
					<param name="visible" value="!StringCompare(Window(Home).Property(NextAired.205.Wday),)"/>
				</include>
				<include content="NextAired_Group">
					<param name="listid" value="206"/>
					<param name="label" value="$INFO[Window(Home).Property(NextAired.206.Weekday)]"/>
					<param name="visible" value="!StringCompare(Window(Home).Property(NextAired.206.Wday),)"/>
				</include>
				<include content="NextAired_Group">
					<param name="listid" value="207"/>
					<param name="label" value="$INFO[Window(Home).Property(NextAired.207.Weekday)]"/>
					<param name="visible" value="!StringCompare(Window(Home).Property(NextAired.207.Wday),)"/>
				</include>
				<include content="NextAired_Group">
					<param name="listid" value="208"/>
					<param name="label" value="$INFO[Window(Home).Property(NextAired.208.Weekday)]"/>
					<param name="visible" value="!StringCompare(Window(Home).Property(NextAired.208.Wday),)"/>
				</include>
				<include content="NextAired_Group">
					<param name="listid" value="209"/>
					<param name="label" value="$INFO[Window(Home).Property(NextAired.209.Weekday)]"/>
					<param name="visible" value="!StringCompare(Window(Home).Property(NextAired.209.Wday),)"/>
				</include>
				<include content="NextAired_Group">
					<param name="listid" value="210"/>
					<param name="label" value="$INFO[Window(Home).Property(NextAired.210.Weekday)]"/>
					<param name="visible" value="!StringCompare(Window(Home).Property(NextAired.210.Wday),)"/>
				</include>
				<include content="NextAired_Group">
					<param name="listid" value="211"/>
					<param name="label" value="$INFO[Window(Home).Property(NextAired.211.Weekday)]"/>
					<param name="visible" value="!StringCompare(Window(Home).Property(NextAired.211.Wday),)"/>
				</include>
				<include content="NextAired_Group">
					<param name="listid" value="212"/>
					<param name="label" value="$INFO[Window(Home).Property(NextAired.212.Weekday)]"/>
					<param name="visible" value="!StringCompare(Window(Home).Property(NextAired.212.Wday),)"/>
				</include>
				<include content="NextAired_Group">
					<param name="listid" value="213"/>
					<param name="label" value="$INFO[Window(Home).Property(NextAired.213.Weekday)]"/>
					<param name="visible" value="!StringCompare(Window(Home).Property(NextAired.213.Wday),)"/>
				</include>
				<include content="NextAired_Group">
					<param name="listid" value="214"/>
					<param name="label" value="$INFO[Window(Home).Property(NextAired.214.Weekday)]"/>
					<param name="visible" value="!StringCompare(Window(Home).Property(NextAired.214.Wday),)"/>
				</include>
				<include content="NextAired_Group">
					<param name="listid" value="215"/>
					<param name="label" value="$INFO[Window(Home).Property(NextAired.215.Weekday)]"/>
					<param name="visible" value="!StringCompare(Window(Home).Property(NextAired.215.Wday),)"/>
				</include>
			</control>
		</control>
		<include>Topbar</include>
	</controls>
</window>
