<?xml version="1.0" encoding="UTF-8"?>
<!-- QuackFX -->
<window id="12">
	<defaultcontrol always="true">300</defaultcontrol>
	<include>Defs_Settings_OnLoad</include>
	<onunload condition="!Skin.HasSetting(startup.init)">Skin.SetBool(startup.init)</onunload>
	<controls>
		<control type="group">
			<left>0</left>
			<centertop>50%</centertop>
			<width>450</width>
			<height>1200</height>
			<visible>!Skin.HasSetting(DisableSettingsBackground)</visible>
			<control type="image">
				<include condition="!Skin.HasSetting(DisableShadows)">Defs_Shadow_24</include>
				<texture border="16" colordiffuse="dialog_bg_100">common/rounded-dialog.png</texture>
			</control>
		</control>
		<control type="group">
			<left>450</left>
			<centertop>50%</centertop>
			<width>100%</width>
			<height>1200</height>
			<visible>!Skin.HasSetting(DisableSettingsBackground)</visible>
			<control type="image">
				<include condition="!Skin.HasSetting(DisableShadows)">Defs_Shadow_24</include>
				<texture border="16" colordiffuse="darkgrey">common/rounded-dialog.png</texture>
			</control>
		</control>
		<include>Topbar</include>
		<!-- GroupList -->
		<control type="group">
			<include>Dialog_Settings_Panel</include>
			<control type="group">
				<control type="label">
					<left>view_pad</left>
					<height>80</height>
					<label>$INFO[System.AddonVersion(skin.quackfx),QuackFX ,]</label>
					<font>font_button</font>
					<textcolor>main_fg_30</textcolor>
				</control>
				<control type="group">
					<top>80</top>
					<height>800</height>
					<!-- Left Gradient Fade -->
					<control type="image">
						<top>0</top>
						<height>80</height>
						<width>450</width>
						<texture colordiffuse="$VAR[ColorHighlight]">common/white.png</texture>
						<visible>![Control.HasFocus(3901) | Control.HasFocus(3902) | Control.HasFocus(3903) | Control.HasFocus(300)] + !Control.HasFocus(20)</visible>
						<animation effect="slide" end="0,80" condition="Integer.IsGreater(Container(3).Position,0)">Conditional</animation>
						<animation effect="slide" end="0,80" condition="Integer.IsGreater(Container(3).Position,1)">Conditional</animation>
						<animation effect="slide" end="0,80" condition="Integer.IsGreater(Container(3).Position,2)">Conditional</animation>
						<animation effect="slide" end="0,80" condition="Integer.IsGreater(Container(3).Position,3)">Conditional</animation>
						<animation effect="slide" end="0,80" condition="Integer.IsGreater(Container(3).Position,4)">Conditional</animation>
						<animation effect="slide" end="0,80" condition="Integer.IsGreater(Container(3).Position,5)">Conditional</animation>
						<animation effect="slide" end="0,80" condition="Integer.IsGreater(Container(3).Position,6)">Conditional</animation>
						<animation effect="slide" end="0,80" condition="Integer.IsGreater(Container(3).Position,7)">Conditional</animation>
						<animation effect="slide" end="0,80" condition="Integer.IsGreater(Container(3).Position,8)">Conditional</animation>
					</control>
					<!-- Right Gradient Fade -->
					<control type="image">
						<top>0</top>
						<left>450</left>
						<height>80</height>
						<right>0</right>
						<texture colordiffuse="$VAR[ColorHighlight]">common/white.png</texture>
						<visible>ControlGroup(5).HasFocus()</visible>
						<animation effect="slide" end="0,80" condition="Integer.IsGreater(Container(5).Position,0)">Conditional</animation>
						<animation effect="slide" end="0,80" condition="Integer.IsGreater(Container(5).Position,1)">Conditional</animation>
						<animation effect="slide" end="0,80" condition="Integer.IsGreater(Container(5).Position,2)">Conditional</animation>
						<animation effect="slide" end="0,80" condition="Integer.IsGreater(Container(5).Position,3)">Conditional</animation>
						<animation effect="slide" end="0,80" condition="Integer.IsGreater(Container(5).Position,4)">Conditional</animation>
						<animation effect="slide" end="0,80" condition="Integer.IsGreater(Container(5).Position,5)">Conditional</animation>
						<animation effect="slide" end="0,80" condition="Integer.IsGreater(Container(5).Position,6)">Conditional</animation>
						<animation effect="slide" end="0,80" condition="Integer.IsGreater(Container(5).Position,7)">Conditional</animation>
						<animation effect="slide" end="0,80" condition="Integer.IsGreater(Container(5).Position,8)">Conditional</animation>
					</control>
					<!-- Right Group -->
					<control type="grouplist" id="5">
						<description>Control Area</description>
						<left>450</left>
						<right>0</right>
						<top>0</top>
						<bottom>80</bottom>
						<itemgap>0</itemgap>
						<onleft>3</onleft>
						<include>Defs_Settings_OnRight</include>
						<orientation>vertical</orientation>
						<scrolltime>0</scrolltime>
					</control>
					<!-- Left Group -->
					<control type="grouplist" id="3">
						<description>Button Area</description>
						<width>450</width>
						<top>0</top>
						<bottom>0</bottom>
						<itemgap>0</itemgap>
						<onright>5</onright>
						<ondown>20</ondown>
						<include>Defs_Settings_OnLeft</include>
						<orientation>vertical</orientation>
					</control>
					<!-- Settings Change -->
					<control type="image">
						<height>80</height>
						<width>450</width>
						<bottom>80</bottom>
						<texture colordiffuse="$VAR[ColorHighlight]">common/white.png</texture>
						<visible>Control.HasFocus(20)</visible>
					</control>
					<control type="button" id="20">
						<width>450</width>
						<bottom>80</bottom>
						<onup>3</onup>
						<onright>3</onright>
						<onclick>SettingsLevelChange</onclick>
						<texturefocus colordiffuse="$VAR[ColorHighlight2]">common/gradient-diffuse-horizontal.png</texturefocus>
						<include>Defs_Settings_Button</include>
					</control>
					<!-- Lines -->
					<include>Defs_Settings_Line</include>
					<!-- Arrows -->
					<include content="Defs_Settings_Arrows">
						<param name="id" value="5"/>
					</include>
				</control>
				<!-- Info -->
				<control type="grouplist">
					<left>view_pad</left>
					<right>30</right>
					<top>806</top>
					<bottom>0</bottom>
					<orientation>vertical</orientation>
					<itemgap>0</itemgap>
					<control type="label">
						<height>50</height>
						<label>$LOCALIZE[19033]</label>
						<font>font_button</font>
						<textcolor>main_fg_30</textcolor>
					</control>
					<control type="textbox" id="6">
						<height>64</height>
						<font>font_tiny</font>
						<textcolor>main_fg_70</textcolor>
						<width>380</width>
					</control>
				</control>
			</control>
		</control>
		<control type="button" id="7">
			<description>Default Button</description>
			<include>Defs_Settings_Button</include>
		</control>
		<control type="radiobutton" id="8">
			<description>Default Radio Button</description>
			<include>Defs_Settings_Button</include>
		</control>
		<control type="spincontrolex" id="9">
			<description>Default Spin Control</description>
			<include>Defs_Settings_Button</include>
		</control>
		<control type="togglebutton" id="10">
			<width>450</width>
			<description>Default Category Button</description>
			<include>Defs_Settings_Button</include>
		</control>
		<control type="label" id="14">
			<textoffsetx>view_pad</textoffsetx>
			<font>font_button</font>
			<textcolor>main_fg_30</textcolor>
			<include>Defs_Settings_Button</include>
		</control>
	</controls>
</window>
