<?xml version="1.0" encoding="UTF-8"?>
<!-- QuackFX -->
<window>
	<defaultcontrol always="true">9315</defaultcontrol>
	<onload>SetProperty(SkinInitStarted,1,home)</onload>
	<onload>ClearProperty(SkinSplashStarted,home)</onload>
	<onload>Skin.SetString(hubstartup,true)</onload>
	<onload condition="System.GetBool(input.enablemouse)">RunScript(script.skin.helper.service,action=togglekodisetting,setting=input.enablemouse)</onload>
	<controls>
		<control type="image" description="Background">
			<include>Dimensions_Fullscreen</include>
			<texture fallback="special://skin/fanart.jpg">$INFO[Skin.String(StartupSplash)]</texture>
			<visible>String.IsEmpty(Skin.String(StartupPlaylist))</visible>
		</control>
		<control type="group">
			<top>800</top>
			<include content="Defs_BusySpinner">
				<param name="label" value="$LOCALIZE[31349]..."/>
			</include>
		</control>
		<control type="button" id="9315">
			<visible allowhiddenfocus="true">false</visible>
			<onfocus condition="!Skin.HasSetting(SkinHelper.EnablePVRThumbs)">Skin.SetBool(SkinHelper.EnablePVRThumbs)</onfocus>
			<onfocus condition="!Skin.HasSetting(SkinHelper.EnableMusicArt)">Skin.SetBool(SkinHelper.EnableMusicArt)</onfocus>
			<onfocus condition="String.IsEmpty(Skin.String(colorbox_effect))">Skin.SetString(colorbox_effect,blur)</onfocus>
			<onfocus condition="String.IsEmpty(Skin.String(colorbox_quality))">Skin.SetString(colorbox_quality,8)</onfocus>
			<onfocus condition="String.IsEmpty(Skin.String(colorbox_blend))">Skin.SetString(colorbox_blend,100)</onfocus>
			<onfocus condition="String.IsEmpty(Skin.String(colorbox_blursize))">Skin.SetString(colorbox_blursize,5)</onfocus>
			<onfocus condition="String.IsEmpty(Skin.String(colorbox_bitsize))">Skin.SetString(colorbox_bitsize,1)</onfocus>
			<onfocus condition="String.IsEmpty(Skin.String(colorbox_pixelsize))">Skin.SetString(colorbox_pixelsize,12)</onfocus>
			<onfocus>Skin.SetString(colorbox_desat,0.3)</onfocus>
			<onfocus>Skin.SetString(colorbox_black,000000)</onfocus>
			<onfocus>Skin.SetString(colorbox_white,ffffff)</onfocus>
			<onfocus>Skin.SetString(colorbox_main,main:fhls*-;0.45;0.9)</onfocus>
			<onfocus>Skin.SetString(colorbox_comp,main:hls*0.75;0;0@fhls*-;0.45;0.9)</onfocus>
			<onfocus condition="System.HasAddon(script.colorbox) + [Skin.HasSetting(EnableBlur) | Skin.HasSetting(MatchColors) | Skin.HasSetting(MatchOverlayColors)]">RunScript(script.colorbox,daemon=True)</onfocus>
			<onfocus condition="Skin.HasSetting(EnableBlur)">SetProperty(FIVE_daemon_set,$INFO[Skin.String(colorbox_effect)],home)</onfocus>
			<onfocus condition="Skin.HasSetting(MatchColors) | Skin.HasSetting(CycleColors) | Skin.HasSetting(MatchOverlayColors)">SetProperty(SEVEN_daemon_set,True,home)</onfocus>
			<onfocus condition="System.HasAddon(script.colorbox)">AlarmClock(nms1,SetProperty(NINE_manual_set,"var=main,set=$INFO[Skin.String(colorbox_main)]|var=comp,set=$INFO[Skin.String(colorbox_comp)]|var=quality,set=$INFO[Skin.String(colorbox_quality)]|var=blursize,set=$INFO[Skin.String(colorbox_blursize)]|var=bitsize,set=$INFO[Skin.String(colorbox_bitsize)]|var=pixelsize,set=$INFO[Skin.String(colorbox_pixelsize)]|var=black,set=$INFO[Skin.String(colorbox_black)]|var=white,set=$INFO[Skin.String(colorbox_white)]|var=blend,set=$INFO[Skin.String(colorbox_blend)]|var=desat,set=$INFO[Skin.String(colorbox_desat)]",home),00:05,true)</onfocus>
			<onfocus condition="!String.IsEmpty(Skin.String(StartupPlaylist))">ReplaceWindow(1113)</onfocus>
			<onfocus condition="String.IsEmpty(Skin.String(StartupPlaylist))">ReplaceWindow($INFO[System.StartupWindow])</onfocus>
		</control>
	</controls>
</window>
