<?xml version="1.0" encoding="UTF-8"?>
<!-- QuackFX -->
<window id="2901">
	<onload condition="Control.IsVisible(5004)">SetProperty(watchnext,1,home)</onload>
	<onload condition="Control.IsVisible(5004)">SetFocus(5004)</onload>
	<onload condition="!Player.PauseEnabled + String.IsEmpty(Window(Home).Property(OSDViewMode))">SetFocus(15)</onload>
	<onload condition="Player.PauseEnabled + String.IsEmpty(Window(Home).Property(OSDViewMode))">SetFocus(14)</onload>
	<onload condition="!String.IsEmpty(Window(Home).Property(OSDViewMode))">SetFocus(3112)</onload>
	<onload condition="!String.IsEmpty(Window(Home).Property(OSDViewMode))">ClearProperty(OSDViewMode,Home)</onload>
	<onload condition="VideoPlayer.Content(livetv)">SetFocus(26)</onload>
	<onunload>ClearProperty(OSDInfo,Home)</onunload>
	<onunload>ClearProperty(watchnext,home)</onunload>
	<onunload>ClearProperty(SimilarOSD,home)</onunload>
	<onunload condition="!String.IsEmpty(Window(Home).Property(OSDExtendedInfo)) + Player.Paused">Play</onunload>
	<onunload condition="!String.IsEmpty(Window(Home).Property(OSDExtendedInfo))">ClearProperty(OSDExtendedInfo,Home)</onunload>
	<controls>
		<control type="group">
			<include condition="String.IsEmpty(Window(Home).Property(OSDViewMode))">Animation_FadeIn</include>
			<visible>!Window.IsVisible(DialogSlider.xml)</visible>
			<visible>!Window.IsVisible(VideoOSDBookmarks.xml)</visible>
			<animation effect="fade" start="100" end="0" time="200" condition="Control.HasFocus(9605)">Conditional</animation>
			<control type="grouplist" id="9000">
				<animation effect="slide" end="0,40" time="0" condition="!Skin.HasSetting(DisableMiniOSDChannels) + VideoPlayer.Content(livetv)">Conditional</animation>
				<include condition="!VideoPlayer.Content(musicvideos)">OSD_VideoPosition</include>
				<include condition="VideoPlayer.Content(musicvideos)">OSD_MusicPosition</include>
				<itemgap>48</itemgap>
				<onup condition="Control.IsVisible(5004)">SetFocus(5004)</onup>
				<onup condition="!Control.IsVisible(5004) + String.IsEmpty(Window(Home).Property(OSDInfo))">SetProperty(OSDInfo,1,Home)</onup>
				<onup condition="!Control.IsVisible(5004) + !String.IsEmpty(Window(Home).Property(OSDInfo))">ClearProperty(OSDInfo,Home)</onup>
				<ondown condition="String.IsEmpty(Window(Home).Property(OSDInfo))">Close</ondown>
				<ondown condition="!String.IsEmpty(Window(Home).Property(OSDInfo))">ClearProperty(OSDInfo,Home)</ondown>
				<orientation>horizontal</orientation>
				<usecontrolcoords>true</usecontrolcoords>
				<include>OSD_Controls</include>
			</control>
		</control>
		<include content="OSD_Menu_List">
			<param name="content" value="Items_OSD_Settings"/>
			<param name="height" value="522"/>
			<param name="id" value="3112"/>
			<param name="label" value="$LOCALIZE[33063]"/>
			<param name="position" value="264,135"/>
		</include>
		<control type="group">
			<include condition="String.IsEmpty(Window(Home).Property(OSDViewMode))">Animation_FadeIn</include>
			<visible>Window.IsVisible(script-script.extendedinfo-DialogVideoInfo.xml) | Window.IsVisible(script-script.extendedinfo-DialogInfo.xml) | Window.IsVisible(DialogVideoInfo.xml)</visible>
			<include>Global_Background</include>
			<include>Topbar</include>
		</control>
		<control type="slider">
			<bottom>106</bottom>
			<height>20</height>
			<left>view_pad</left>
			<width>1800</width>
			<texturesliderbar/>
			<textureslidernib/>
			<textureslidernibfocus/>
			<info>Player.Progress</info>
			<action>seek</action>
		</control>
		<!--
          <control type="group">
	  <visible allowhiddenfocus="true">Integer.IsLess(Player.TimeRemaining,1620) + [VideoPlayer.Content(Movies) | VideoPlayer.Content(Episodes)] + !String.IsEqual(Window(Home).Property(SimilarOSD),hide)</visible>
            <top>550</top>
            <left>20</left>
            <include content="Widget_TMDB" condition="VideoPlayer.Content(Episodes)">
                <param name="id" value="5004" />
                <param name="content" value="$VAR[Info_Similar]" />
                <param name="widgetContent" value="$VAR[Info_Similar]" />
                <param name="postercondition" value="false" />
                <param name="landscapecondition" value="true" />
                <param name="landscapenetflixcondition" value="false" />
                <param name="landscapedetailscondition" value="false" />
                <param name="movement" value="" />
                <param name="ondown" value="SetFocus(14)" />
                <param name="onup" value="SetProperty(SimilarOSD,hide,home)" />
                <param name="top" value="550" />
                <param name="label" value="Watch Next" />
                <param name="visible" value="true" />
            </include>
            <include content="Widget_QuackFXHub" condition="VideoPlayer.Content(Movies)">
                <param name="id" value="5004" />
                <param name="widgetContent" value="plugin://plugin.video.themoviedb.helper/?info=similar&amp;type=movie&amp;query=$INFO[VideoPlayer.Title]" />
                <param name="postercondition" value="true" />
                <param name="landscapecondition" value="false" />
                <param name="landscapenetflixcondition" value="false" />
                <param name="landscapedetailscondition" value="false" />
                <param name="movement" value="" />
                <param name="ondown" value="SetFocus(14)" />
                <param name="onup" value="SetProperty(SimilarOSD,hide,home)" />
                <param name="top" value="20" />
                <param name="label" value="Watch Next" />
                <param name="visible" value="true" />
            </include>
        </control>
-->
	</controls>
</window>
